"row_index","sample_key","ID","AtomCount","split","seed","structure_file"
"0","C20_000001","1","20","val","2026","data/structures/C20/C20_000001.gjf"
"1","C24_000001","1","24","train","2026","data/structures/C24/C24_000001.gjf"
"2","C26_000001","1","26","train","2026","data/structures/C26/C26_000001.gjf"
"3","C28_000001","1","28","train","2026","data/structures/C28/C28_000001.gjf"
"4","C28_000002","2","28","train","2026","data/structures/C28/C28_000002.gjf"
"5","C30_000001","1","30","train","2026","data/structures/C30/C30_000001.gjf"
"6","C30_000002","2","30","train","2026","data/structures/C30/C30_000002.gjf"
"7","C30_000003","3","30","train","2026","data/structures/C30/C30_000003.gjf"
"8","C32_000001","1","32","train","2026","data/structures/C32/C32_000001.gjf"
"9","C32_000002","2","32","train","2026","data/structures/C32/C32_000002.gjf"
"10","C32_000003","3","32","train","2026","data/structures/C32/C32_000003.gjf"
"11","C32_000004","4","32","train","2026","data/structures/C32/C32_000004.gjf"
"12","C32_000005","5","32","train","2026","data/structures/C32/C32_000005.gjf"
"13","C32_000006","6","32","test","2026","data/structures/C32/C32_000006.gjf"
"14","C34_000001","1","34","train","2026","data/structures/C34/C34_000001.gjf"
"15","C34_000002","2","34","train","2026","data/structures/C34/C34_000002.gjf"
"16","C34_000003","3","34","train","2026","data/structures/C34/C34_000003.gjf"
"17","C34_000004","4","34","train","2026","data/structures/C34/C34_000004.gjf"
"18","C34_000005","5","34","train","2026","data/structures/C34/C34_000005.gjf"
"19","C34_000006","6","34","train","2026","data/structures/C34/C34_000006.gjf"
"20","C36_000001","1","36","train","2026","data/structures/C36/C36_000001.gjf"
"21","C36_000002","2","36","train","2026","data/structures/C36/C36_000002.gjf"
"22","C36_000003","3","36","train","2026","data/structures/C36/C36_000003.gjf"
"23","C36_000004","4","36","train","2026","data/structures/C36/C36_000004.gjf"
"24","C36_000005","5","36","train","2026","data/structures/C36/C36_000005.gjf"
"25","C36_000006","6","36","train","2026","data/structures/C36/C36_000006.gjf"
"26","C36_000007","7","36","train","2026","data/structures/C36/C36_000007.gjf"
"27","C36_000008","8","36","train","2026","data/structures/C36/C36_000008.gjf"
"28","C36_000009","9","36","test","2026","data/structures/C36/C36_000009.gjf"
"29","C36_000010","10","36","train","2026","data/structures/C36/C36_000010.gjf"
"30","C36_000011","11","36","train","2026","data/structures/C36/C36_000011.gjf"
"31","C36_000012","12","36","train","2026","data/structures/C36/C36_000012.gjf"
"32","C36_000013","13","36","train","2026","data/structures/C36/C36_000013.gjf"
"33","C36_000014","14","36","train","2026","data/structures/C36/C36_000014.gjf"
"34","C36_000015","15","36","train","2026","data/structures/C36/C36_000015.gjf"
"35","C38_000001","1","38","train","2026","data/structures/C38/C38_000001.gjf"
"36","C38_000002","2","38","test","2026","data/structures/C38/C38_000002.gjf"
"37","C38_000003","3","38","train","2026","data/structures/C38/C38_000003.gjf"
"38","C38_000004","4","38","test","2026","data/structures/C38/C38_000004.gjf"
"39","C38_000005","5","38","train","2026","data/structures/C38/C38_000005.gjf"
"40","C38_000006","6","38","train","2026","data/structures/C38/C38_000006.gjf"
"41","C38_000007","7","38","train","2026","data/structures/C38/C38_000007.gjf"
"42","C38_000008","8","38","train","2026","data/structures/C38/C38_000008.gjf"
"43","C38_000009","9","38","train","2026","data/structures/C38/C38_000009.gjf"
"44","C38_000010","10","38","train","2026","data/structures/C38/C38_000010.gjf"
"45","C38_000011","11","38","train","2026","data/structures/C38/C38_000011.gjf"
"46","C38_000012","12","38","train","2026","data/structures/C38/C38_000012.gjf"
"47","C38_000013","13","38","test","2026","data/structures/C38/C38_000013.gjf"
"48","C38_000014","14","38","train","2026","data/structures/C38/C38_000014.gjf"
"49","C38_000015","15","38","val","2026","data/structures/C38/C38_000015.gjf"
"50","C38_000016","16","38","train","2026","data/structures/C38/C38_000016.gjf"
"51","C38_000017","17","38","train","2026","data/structures/C38/C38_000017.gjf"
"52","C40_000001","1","40","train","2026","data/structures/C40/C40_000001.gjf"
"53","C40_000002","2","40","test","2026","data/structures/C40/C40_000002.gjf"
"54","C40_000003","3","40","train","2026","data/structures/C40/C40_000003.gjf"
"55","C40_000004","4","40","train","2026","data/structures/C40/C40_000004.gjf"
"56","C40_000005","5","40","train","2026","data/structures/C40/C40_000005.gjf"
"57","C40_000006","6","40","val","2026","data/structures/C40/C40_000006.gjf"
"58","C40_000007","7","40","train","2026","data/structures/C40/C40_000007.gjf"
"59","C40_000008","8","40","train","2026","data/structures/C40/C40_000008.gjf"
"60","C40_000009","9","40","train","2026","data/structures/C40/C40_000009.gjf"
"61","C40_000010","10","40","train","2026","data/structures/C40/C40_000010.gjf"
"62","C40_000011","11","40","train","2026","data/structures/C40/C40_000011.gjf"
"63","C40_000012","12","40","train","2026","data/structures/C40/C40_000012.gjf"
"64","C40_000013","13","40","train","2026","data/structures/C40/C40_000013.gjf"
"65","C40_000014","14","40","train","2026","data/structures/C40/C40_000014.gjf"
"66","C40_000015","15","40","test","2026","data/structures/C40/C40_000015.gjf"
"67","C40_000016","16","40","train","2026","data/structures/C40/C40_000016.gjf"
"68","C40_000017","17","40","val","2026","data/structures/C40/C40_000017.gjf"
"69","C40_000018","18","40","val","2026","data/structures/C40/C40_000018.gjf"
"70","C40_000019","19","40","val","2026","data/structures/C40/C40_000019.gjf"
"71","C40_000020","20","40","train","2026","data/structures/C40/C40_000020.gjf"
"72","C40_000021","21","40","train","2026","data/structures/C40/C40_000021.gjf"
"73","C40_000022","22","40","test","2026","data/structures/C40/C40_000022.gjf"
"74","C40_000023","23","40","train","2026","data/structures/C40/C40_000023.gjf"
"75","C40_000024","24","40","test","2026","data/structures/C40/C40_000024.gjf"
"76","C40_000025","25","40","val","2026","data/structures/C40/C40_000025.gjf"
"77","C40_000026","26","40","train","2026","data/structures/C40/C40_000026.gjf"
"78","C40_000027","27","40","test","2026","data/structures/C40/C40_000027.gjf"
"79","C40_000028","28","40","train","2026","data/structures/C40/C40_000028.gjf"
"80","C40_000029","29","40","train","2026","data/structures/C40/C40_000029.gjf"
"81","C40_000030","30","40","train","2026","data/structures/C40/C40_000030.gjf"
"82","C40_000031","31","40","train","2026","data/structures/C40/C40_000031.gjf"
"83","C40_000032","32","40","train","2026","data/structures/C40/C40_000032.gjf"
"84","C40_000033","33","40","train","2026","data/structures/C40/C40_000033.gjf"
"85","C40_000034","34","40","test","2026","data/structures/C40/C40_000034.gjf"
"86","C40_000035","35","40","test","2026","data/structures/C40/C40_000035.gjf"
"87","C40_000036","36","40","train","2026","data/structures/C40/C40_000036.gjf"
"88","C40_000037","37","40","train","2026","data/structures/C40/C40_000037.gjf"
"89","C40_000038","38","40","train","2026","data/structures/C40/C40_000038.gjf"
"90","C40_000039","39","40","train","2026","data/structures/C40/C40_000039.gjf"
"91","C40_000040","40","40","train","2026","data/structures/C40/C40_000040.gjf"
"92","C42_000001","1","42","train","2026","data/structures/C42/C42_000001.gjf"
"93","C42_000002","2","42","train","2026","data/structures/C42/C42_000002.gjf"
"94","C42_000003","3","42","train","2026","data/structures/C42/C42_000003.gjf"
"95","C42_000004","4","42","train","2026","data/structures/C42/C42_000004.gjf"
"96","C42_000005","5","42","train","2026","data/structures/C42/C42_000005.gjf"
"97","C42_000006","6","42","val","2026","data/structures/C42/C42_000006.gjf"
"98","C42_000007","7","42","train","2026","data/structures/C42/C42_000007.gjf"
"99","C42_000008","8","42","train","2026","data/structures/C42/C42_000008.gjf"
"100","C42_000009","9","42","train","2026","data/structures/C42/C42_000009.gjf"
"101","C42_000010","10","42","train","2026","data/structures/C42/C42_000010.gjf"
"102","C42_000011","11","42","train","2026","data/structures/C42/C42_000011.gjf"
"103","C42_000012","12","42","train","2026","data/structures/C42/C42_000012.gjf"
"104","C42_000013","13","42","test","2026","data/structures/C42/C42_000013.gjf"
"105","C42_000014","14","42","train","2026","data/structures/C42/C42_000014.gjf"
"106","C42_000015","15","42","train","2026","data/structures/C42/C42_000015.gjf"
"107","C42_000016","16","42","test","2026","data/structures/C42/C42_000016.gjf"
"108","C42_000017","17","42","train","2026","data/structures/C42/C42_000017.gjf"
"109","C42_000018","18","42","train","2026","data/structures/C42/C42_000018.gjf"
"110","C42_000019","19","42","train","2026","data/structures/C42/C42_000019.gjf"
"111","C42_000020","20","42","train","2026","data/structures/C42/C42_000020.gjf"
"112","C42_000021","21","42","train","2026","data/structures/C42/C42_000021.gjf"
"113","C42_000022","22","42","train","2026","data/structures/C42/C42_000022.gjf"
"114","C42_000023","23","42","train","2026","data/structures/C42/C42_000023.gjf"
"115","C42_000024","24","42","train","2026","data/structures/C42/C42_000024.gjf"
"116","C42_000025","25","42","test","2026","data/structures/C42/C42_000025.gjf"
"117","C42_000026","26","42","train","2026","data/structures/C42/C42_000026.gjf"
"118","C42_000027","27","42","train","2026","data/structures/C42/C42_000027.gjf"
"119","C42_000028","28","42","train","2026","data/structures/C42/C42_000028.gjf"
"120","C42_000029","29","42","train","2026","data/structures/C42/C42_000029.gjf"
"121","C42_000030","30","42","train","2026","data/structures/C42/C42_000030.gjf"
"122","C42_000031","31","42","train","2026","data/structures/C42/C42_000031.gjf"
"123","C42_000032","32","42","train","2026","data/structures/C42/C42_000032.gjf"
"124","C42_000033","33","42","train","2026","data/structures/C42/C42_000033.gjf"
"125","C42_000034","34","42","train","2026","data/structures/C42/C42_000034.gjf"
"126","C42_000035","35","42","train","2026","data/structures/C42/C42_000035.gjf"
"127","C42_000036","36","42","val","2026","data/structures/C42/C42_000036.gjf"
"128","C42_000037","37","42","val","2026","data/structures/C42/C42_000037.gjf"
"129","C42_000038","38","42","train","2026","data/structures/C42/C42_000038.gjf"
"130","C42_000039","39","42","train","2026","data/structures/C42/C42_000039.gjf"
"131","C42_000040","40","42","train","2026","data/structures/C42/C42_000040.gjf"
"132","C42_000041","41","42","train","2026","data/structures/C42/C42_000041.gjf"
"133","C42_000042","42","42","train","2026","data/structures/C42/C42_000042.gjf"
"134","C42_000043","43","42","train","2026","data/structures/C42/C42_000043.gjf"
"135","C42_000044","44","42","train","2026","data/structures/C42/C42_000044.gjf"
"136","C42_000045","45","42","train","2026","data/structures/C42/C42_000045.gjf"
"137","C44_000001","1","44","train","2026","data/structures/C44/C44_000001.gjf"
"138","C44_000002","2","44","train","2026","data/structures/C44/C44_000002.gjf"
"139","C44_000003","3","44","test","2026","data/structures/C44/C44_000003.gjf"
"140","C44_000004","4","44","train","2026","data/structures/C44/C44_000004.gjf"
"141","C44_000005","5","44","train","2026","data/structures/C44/C44_000005.gjf"
"142","C44_000006","6","44","train","2026","data/structures/C44/C44_000006.gjf"
"143","C44_000007","7","44","val","2026","data/structures/C44/C44_000007.gjf"
"144","C44_000008","8","44","train","2026","data/structures/C44/C44_000008.gjf"
"145","C44_000009","9","44","train","2026","data/structures/C44/C44_000009.gjf"
"146","C44_000010","10","44","train","2026","data/structures/C44/C44_000010.gjf"
"147","C44_000011","11","44","train","2026","data/structures/C44/C44_000011.gjf"
"148","C44_000012","12","44","train","2026","data/structures/C44/C44_000012.gjf"
"149","C44_000013","13","44","train","2026","data/structures/C44/C44_000013.gjf"
"150","C44_000014","14","44","train","2026","data/structures/C44/C44_000014.gjf"
"151","C44_000015","15","44","train","2026","data/structures/C44/C44_000015.gjf"
"152","C44_000016","16","44","train","2026","data/structures/C44/C44_000016.gjf"
"153","C44_000017","17","44","train","2026","data/structures/C44/C44_000017.gjf"
"154","C44_000018","18","44","test","2026","data/structures/C44/C44_000018.gjf"
"155","C44_000019","19","44","train","2026","data/structures/C44/C44_000019.gjf"
"156","C44_000020","20","44","train","2026","data/structures/C44/C44_000020.gjf"
"157","C44_000021","21","44","train","2026","data/structures/C44/C44_000021.gjf"
"158","C44_000022","22","44","test","2026","data/structures/C44/C44_000022.gjf"
"159","C44_000023","23","44","val","2026","data/structures/C44/C44_000023.gjf"
"160","C44_000024","24","44","train","2026","data/structures/C44/C44_000024.gjf"
"161","C44_000025","25","44","train","2026","data/structures/C44/C44_000025.gjf"
"162","C44_000026","26","44","train","2026","data/structures/C44/C44_000026.gjf"
"163","C44_000027","27","44","train","2026","data/structures/C44/C44_000027.gjf"
"164","C44_000028","28","44","train","2026","data/structures/C44/C44_000028.gjf"
"165","C44_000029","29","44","train","2026","data/structures/C44/C44_000029.gjf"
"166","C44_000030","30","44","train","2026","data/structures/C44/C44_000030.gjf"
"167","C44_000031","31","44","train","2026","data/structures/C44/C44_000031.gjf"
"168","C44_000032","32","44","val","2026","data/structures/C44/C44_000032.gjf"
"169","C44_000033","33","44","train","2026","data/structures/C44/C44_000033.gjf"
"170","C44_000034","34","44","train","2026","data/structures/C44/C44_000034.gjf"
"171","C44_000035","35","44","train","2026","data/structures/C44/C44_000035.gjf"
"172","C44_000036","36","44","train","2026","data/structures/C44/C44_000036.gjf"
"173","C44_000037","37","44","train","2026","data/structures/C44/C44_000037.gjf"
"174","C44_000038","38","44","train","2026","data/structures/C44/C44_000038.gjf"
"175","C44_000039","39","44","train","2026","data/structures/C44/C44_000039.gjf"
"176","C44_000040","40","44","val","2026","data/structures/C44/C44_000040.gjf"
"177","C44_000041","41","44","test","2026","data/structures/C44/C44_000041.gjf"
"178","C44_000042","42","44","val","2026","data/structures/C44/C44_000042.gjf"
"179","C44_000043","43","44","train","2026","data/structures/C44/C44_000043.gjf"
"180","C44_000044","44","44","train","2026","data/structures/C44/C44_000044.gjf"
"181","C44_000045","45","44","train","2026","data/structures/C44/C44_000045.gjf"
"182","C44_000046","46","44","test","2026","data/structures/C44/C44_000046.gjf"
"183","C44_000047","47","44","train","2026","data/structures/C44/C44_000047.gjf"
"184","C44_000048","48","44","train","2026","data/structures/C44/C44_000048.gjf"
"185","C44_000049","49","44","test","2026","data/structures/C44/C44_000049.gjf"
"186","C44_000050","50","44","train","2026","data/structures/C44/C44_000050.gjf"
"187","C44_000051","51","44","train","2026","data/structures/C44/C44_000051.gjf"
"188","C44_000052","52","44","train","2026","data/structures/C44/C44_000052.gjf"
"189","C44_000053","53","44","train","2026","data/structures/C44/C44_000053.gjf"
"190","C44_000054","54","44","train","2026","data/structures/C44/C44_000054.gjf"
"191","C44_000055","55","44","train","2026","data/structures/C44/C44_000055.gjf"
"192","C44_000056","56","44","train","2026","data/structures/C44/C44_000056.gjf"
"193","C44_000057","57","44","train","2026","data/structures/C44/C44_000057.gjf"
"194","C44_000058","58","44","train","2026","data/structures/C44/C44_000058.gjf"
"195","C44_000059","59","44","train","2026","data/structures/C44/C44_000059.gjf"
"196","C44_000060","60","44","train","2026","data/structures/C44/C44_000060.gjf"
"197","C44_000061","61","44","train","2026","data/structures/C44/C44_000061.gjf"
"198","C44_000062","62","44","train","2026","data/structures/C44/C44_000062.gjf"
"199","C44_000063","63","44","train","2026","data/structures/C44/C44_000063.gjf"
"200","C44_000064","64","44","val","2026","data/structures/C44/C44_000064.gjf"
"201","C44_000065","65","44","test","2026","data/structures/C44/C44_000065.gjf"
"202","C44_000066","66","44","test","2026","data/structures/C44/C44_000066.gjf"
"203","C44_000067","67","44","train","2026","data/structures/C44/C44_000067.gjf"
"204","C44_000068","68","44","train","2026","data/structures/C44/C44_000068.gjf"
"205","C44_000069","69","44","train","2026","data/structures/C44/C44_000069.gjf"
"206","C44_000070","70","44","val","2026","data/structures/C44/C44_000070.gjf"
"207","C44_000071","71","44","train","2026","data/structures/C44/C44_000071.gjf"
"208","C44_000072","72","44","train","2026","data/structures/C44/C44_000072.gjf"
"209","C44_000073","73","44","test","2026","data/structures/C44/C44_000073.gjf"
"210","C44_000074","74","44","val","2026","data/structures/C44/C44_000074.gjf"
"211","C44_000075","75","44","train","2026","data/structures/C44/C44_000075.gjf"
"212","C44_000076","76","44","train","2026","data/structures/C44/C44_000076.gjf"
"213","C44_000077","77","44","test","2026","data/structures/C44/C44_000077.gjf"
"214","C44_000078","78","44","train","2026","data/structures/C44/C44_000078.gjf"
"215","C44_000079","79","44","val","2026","data/structures/C44/C44_000079.gjf"
"216","C44_000080","80","44","train","2026","data/structures/C44/C44_000080.gjf"
"217","C44_000081","81","44","train","2026","data/structures/C44/C44_000081.gjf"
"218","C44_000082","82","44","train","2026","data/structures/C44/C44_000082.gjf"
"219","C44_000083","83","44","train","2026","data/structures/C44/C44_000083.gjf"
"220","C44_000084","84","44","train","2026","data/structures/C44/C44_000084.gjf"
"221","C44_000085","85","44","val","2026","data/structures/C44/C44_000085.gjf"
"222","C44_000086","86","44","val","2026","data/structures/C44/C44_000086.gjf"
"223","C44_000087","87","44","train","2026","data/structures/C44/C44_000087.gjf"
"224","C44_000088","88","44","train","2026","data/structures/C44/C44_000088.gjf"
"225","C44_000089","89","44","train","2026","data/structures/C44/C44_000089.gjf"
"226","C46_000001","1","46","train","2026","data/structures/C46/C46_000001.gjf"
"227","C46_000002","2","46","train","2026","data/structures/C46/C46_000002.gjf"
"228","C46_000003","3","46","test","2026","data/structures/C46/C46_000003.gjf"
"229","C46_000004","4","46","test","2026","data/structures/C46/C46_000004.gjf"
"230","C46_000005","5","46","val","2026","data/structures/C46/C46_000005.gjf"
"231","C46_000006","6","46","test","2026","data/structures/C46/C46_000006.gjf"
"232","C46_000007","7","46","train","2026","data/structures/C46/C46_000007.gjf"
"233","C46_000008","8","46","train","2026","data/structures/C46/C46_000008.gjf"
"234","C46_000009","9","46","train","2026","data/structures/C46/C46_000009.gjf"
"235","C46_000010","10","46","train","2026","data/structures/C46/C46_000010.gjf"
"236","C46_000011","11","46","train","2026","data/structures/C46/C46_000011.gjf"
"237","C46_000012","12","46","train","2026","data/structures/C46/C46_000012.gjf"
"238","C46_000013","13","46","test","2026","data/structures/C46/C46_000013.gjf"
"239","C46_000014","14","46","train","2026","data/structures/C46/C46_000014.gjf"
"240","C46_000015","15","46","train","2026","data/structures/C46/C46_000015.gjf"
"241","C46_000016","16","46","train","2026","data/structures/C46/C46_000016.gjf"
"242","C46_000017","17","46","train","2026","data/structures/C46/C46_000017.gjf"
"243","C46_000018","18","46","train","2026","data/structures/C46/C46_000018.gjf"
"244","C46_000019","19","46","train","2026","data/structures/C46/C46_000019.gjf"
"245","C46_000020","20","46","train","2026","data/structures/C46/C46_000020.gjf"
"246","C46_000021","21","46","train","2026","data/structures/C46/C46_000021.gjf"
"247","C46_000022","22","46","train","2026","data/structures/C46/C46_000022.gjf"
"248","C46_000023","23","46","test","2026","data/structures/C46/C46_000023.gjf"
"249","C46_000024","24","46","test","2026","data/structures/C46/C46_000024.gjf"
"250","C46_000025","25","46","train","2026","data/structures/C46/C46_000025.gjf"
"251","C46_000026","26","46","train","2026","data/structures/C46/C46_000026.gjf"
"252","C46_000027","27","46","train","2026","data/structures/C46/C46_000027.gjf"
"253","C46_000028","28","46","train","2026","data/structures/C46/C46_000028.gjf"
"254","C46_000029","29","46","train","2026","data/structures/C46/C46_000029.gjf"
"255","C46_000030","30","46","train","2026","data/structures/C46/C46_000030.gjf"
"256","C46_000031","31","46","val","2026","data/structures/C46/C46_000031.gjf"
"257","C46_000032","32","46","train","2026","data/structures/C46/C46_000032.gjf"
"258","C46_000033","33","46","train","2026","data/structures/C46/C46_000033.gjf"
"259","C46_000034","34","46","test","2026","data/structures/C46/C46_000034.gjf"
"260","C46_000035","35","46","train","2026","data/structures/C46/C46_000035.gjf"
"261","C46_000036","36","46","val","2026","data/structures/C46/C46_000036.gjf"
"262","C46_000037","37","46","train","2026","data/structures/C46/C46_000037.gjf"
"263","C46_000038","38","46","val","2026","data/structures/C46/C46_000038.gjf"
"264","C46_000039","39","46","test","2026","data/structures/C46/C46_000039.gjf"
"265","C46_000040","40","46","train","2026","data/structures/C46/C46_000040.gjf"
"266","C46_000041","41","46","test","2026","data/structures/C46/C46_000041.gjf"
"267","C46_000042","42","46","train","2026","data/structures/C46/C46_000042.gjf"
"268","C46_000043","43","46","train","2026","data/structures/C46/C46_000043.gjf"
"269","C46_000044","44","46","train","2026","data/structures/C46/C46_000044.gjf"
"270","C46_000045","45","46","train","2026","data/structures/C46/C46_000045.gjf"
"271","C46_000046","46","46","test","2026","data/structures/C46/C46_000046.gjf"
"272","C46_000047","47","46","train","2026","data/structures/C46/C46_000047.gjf"
"273","C46_000048","48","46","train","2026","data/structures/C46/C46_000048.gjf"
"274","C46_000049","49","46","train","2026","data/structures/C46/C46_000049.gjf"
"275","C46_000050","50","46","train","2026","data/structures/C46/C46_000050.gjf"
"276","C46_000051","51","46","train","2026","data/structures/C46/C46_000051.gjf"
"277","C46_000052","52","46","train","2026","data/structures/C46/C46_000052.gjf"
"278","C46_000053","53","46","train","2026","data/structures/C46/C46_000053.gjf"
"279","C46_000054","54","46","val","2026","data/structures/C46/C46_000054.gjf"
"280","C46_000055","55","46","train","2026","data/structures/C46/C46_000055.gjf"
"281","C46_000056","56","46","train","2026","data/structures/C46/C46_000056.gjf"
"282","C46_000057","57","46","train","2026","data/structures/C46/C46_000057.gjf"
"283","C46_000058","58","46","train","2026","data/structures/C46/C46_000058.gjf"
"284","C46_000059","59","46","train","2026","data/structures/C46/C46_000059.gjf"
"285","C46_000060","60","46","train","2026","data/structures/C46/C46_000060.gjf"
"286","C46_000061","61","46","train","2026","data/structures/C46/C46_000061.gjf"
"287","C46_000062","62","46","train","2026","data/structures/C46/C46_000062.gjf"
"288","C46_000063","63","46","train","2026","data/structures/C46/C46_000063.gjf"
"289","C46_000064","64","46","train","2026","data/structures/C46/C46_000064.gjf"
"290","C46_000065","65","46","train","2026","data/structures/C46/C46_000065.gjf"
"291","C46_000066","66","46","test","2026","data/structures/C46/C46_000066.gjf"
"292","C46_000067","67","46","train","2026","data/structures/C46/C46_000067.gjf"
"293","C46_000068","68","46","train","2026","data/structures/C46/C46_000068.gjf"
"294","C46_000069","69","46","train","2026","data/structures/C46/C46_000069.gjf"
"295","C46_000070","70","46","train","2026","data/structures/C46/C46_000070.gjf"
"296","C46_000071","71","46","train","2026","data/structures/C46/C46_000071.gjf"
"297","C46_000072","72","46","test","2026","data/structures/C46/C46_000072.gjf"
"298","C46_000073","73","46","train","2026","data/structures/C46/C46_000073.gjf"
"299","C46_000074","74","46","train","2026","data/structures/C46/C46_000074.gjf"
"300","C46_000075","75","46","train","2026","data/structures/C46/C46_000075.gjf"
"301","C46_000076","76","46","train","2026","data/structures/C46/C46_000076.gjf"
"302","C46_000077","77","46","train","2026","data/structures/C46/C46_000077.gjf"
"303","C46_000078","78","46","train","2026","data/structures/C46/C46_000078.gjf"
"304","C46_000079","79","46","train","2026","data/structures/C46/C46_000079.gjf"
"305","C46_000080","80","46","train","2026","data/structures/C46/C46_000080.gjf"
"306","C46_000081","81","46","val","2026","data/structures/C46/C46_000081.gjf"
"307","C46_000082","82","46","train","2026","data/structures/C46/C46_000082.gjf"
"308","C46_000083","83","46","train","2026","data/structures/C46/C46_000083.gjf"
"309","C46_000084","84","46","val","2026","data/structures/C46/C46_000084.gjf"
"310","C46_000085","85","46","train","2026","data/structures/C46/C46_000085.gjf"
"311","C46_000086","86","46","train","2026","data/structures/C46/C46_000086.gjf"
"312","C46_000087","87","46","train","2026","data/structures/C46/C46_000087.gjf"
"313","C46_000088","88","46","train","2026","data/structures/C46/C46_000088.gjf"
"314","C46_000089","89","46","val","2026","data/structures/C46/C46_000089.gjf"
"315","C46_000090","90","46","train","2026","data/structures/C46/C46_000090.gjf"
"316","C46_000091","91","46","test","2026","data/structures/C46/C46_000091.gjf"
"317","C46_000092","92","46","train","2026","data/structures/C46/C46_000092.gjf"
"318","C46_000093","93","46","train","2026","data/structures/C46/C46_000093.gjf"
"319","C46_000094","94","46","train","2026","data/structures/C46/C46_000094.gjf"
"320","C46_000095","95","46","train","2026","data/structures/C46/C46_000095.gjf"
"321","C46_000096","96","46","val","2026","data/structures/C46/C46_000096.gjf"
"322","C46_000097","97","46","train","2026","data/structures/C46/C46_000097.gjf"
"323","C46_000098","98","46","train","2026","data/structures/C46/C46_000098.gjf"
"324","C46_000099","99","46","train","2026","data/structures/C46/C46_000099.gjf"
"325","C46_000100","100","46","val","2026","data/structures/C46/C46_000100.gjf"
"326","C46_000101","101","46","test","2026","data/structures/C46/C46_000101.gjf"
"327","C46_000102","102","46","train","2026","data/structures/C46/C46_000102.gjf"
"328","C46_000103","103","46","train","2026","data/structures/C46/C46_000103.gjf"
"329","C46_000104","104","46","val","2026","data/structures/C46/C46_000104.gjf"
"330","C46_000105","105","46","val","2026","data/structures/C46/C46_000105.gjf"
"331","C46_000106","106","46","train","2026","data/structures/C46/C46_000106.gjf"
"332","C46_000107","107","46","train","2026","data/structures/C46/C46_000107.gjf"
"333","C46_000108","108","46","val","2026","data/structures/C46/C46_000108.gjf"
"334","C46_000109","109","46","train","2026","data/structures/C46/C46_000109.gjf"
"335","C46_000110","110","46","train","2026","data/structures/C46/C46_000110.gjf"
"336","C46_000111","111","46","train","2026","data/structures/C46/C46_000111.gjf"
"337","C46_000112","112","46","train","2026","data/structures/C46/C46_000112.gjf"
"338","C46_000113","113","46","train","2026","data/structures/C46/C46_000113.gjf"
"339","C46_000114","114","46","train","2026","data/structures/C46/C46_000114.gjf"
"340","C46_000115","115","46","train","2026","data/structures/C46/C46_000115.gjf"
"341","C46_000116","116","46","train","2026","data/structures/C46/C46_000116.gjf"
"342","C48_000001","1","48","train","2026","data/structures/C48/C48_000001.gjf"
"343","C48_000002","2","48","train","2026","data/structures/C48/C48_000002.gjf"
"344","C48_000003","3","48","train","2026","data/structures/C48/C48_000003.gjf"
"345","C48_000004","4","48","train","2026","data/structures/C48/C48_000004.gjf"
"346","C48_000005","5","48","train","2026","data/structures/C48/C48_000005.gjf"
"347","C48_000006","6","48","test","2026","data/structures/C48/C48_000006.gjf"
"348","C48_000007","7","48","train","2026","data/structures/C48/C48_000007.gjf"
"349","C48_000008","8","48","train","2026","data/structures/C48/C48_000008.gjf"
"350","C48_000009","9","48","train","2026","data/structures/C48/C48_000009.gjf"
"351","C48_000010","10","48","train","2026","data/structures/C48/C48_000010.gjf"
"352","C48_000011","11","48","train","2026","data/structures/C48/C48_000011.gjf"
"353","C48_000012","12","48","train","2026","data/structures/C48/C48_000012.gjf"
"354","C48_000013","13","48","train","2026","data/structures/C48/C48_000013.gjf"
"355","C48_000014","14","48","test","2026","data/structures/C48/C48_000014.gjf"
"356","C48_000015","15","48","train","2026","data/structures/C48/C48_000015.gjf"
"357","C48_000016","16","48","train","2026","data/structures/C48/C48_000016.gjf"
"358","C48_000017","17","48","train","2026","data/structures/C48/C48_000017.gjf"
"359","C48_000018","18","48","train","2026","data/structures/C48/C48_000018.gjf"
"360","C48_000019","19","48","train","2026","data/structures/C48/C48_000019.gjf"
"361","C48_000020","20","48","train","2026","data/structures/C48/C48_000020.gjf"
"362","C48_000021","21","48","train","2026","data/structures/C48/C48_000021.gjf"
"363","C48_000022","22","48","val","2026","data/structures/C48/C48_000022.gjf"
"364","C48_000023","23","48","test","2026","data/structures/C48/C48_000023.gjf"
"365","C48_000024","24","48","test","2026","data/structures/C48/C48_000024.gjf"
"366","C48_000025","25","48","train","2026","data/structures/C48/C48_000025.gjf"
"367","C48_000026","26","48","train","2026","data/structures/C48/C48_000026.gjf"
"368","C48_000027","27","48","val","2026","data/structures/C48/C48_000027.gjf"
"369","C48_000028","28","48","test","2026","data/structures/C48/C48_000028.gjf"
"370","C48_000029","29","48","train","2026","data/structures/C48/C48_000029.gjf"
"371","C48_000030","30","48","val","2026","data/structures/C48/C48_000030.gjf"
"372","C48_000031","31","48","train","2026","data/structures/C48/C48_000031.gjf"
"373","C48_000032","32","48","train","2026","data/structures/C48/C48_000032.gjf"
"374","C48_000033","33","48","val","2026","data/structures/C48/C48_000033.gjf"
"375","C48_000034","34","48","train","2026","data/structures/C48/C48_000034.gjf"
"376","C48_000035","35","48","train","2026","data/structures/C48/C48_000035.gjf"
"377","C48_000036","36","48","train","2026","data/structures/C48/C48_000036.gjf"
"378","C48_000037","37","48","test","2026","data/structures/C48/C48_000037.gjf"
"379","C48_000038","38","48","train","2026","data/structures/C48/C48_000038.gjf"
"380","C48_000039","39","48","train","2026","data/structures/C48/C48_000039.gjf"
"381","C48_000040","40","48","train","2026","data/structures/C48/C48_000040.gjf"
"382","C48_000041","41","48","test","2026","data/structures/C48/C48_000041.gjf"
"383","C48_000042","42","48","train","2026","data/structures/C48/C48_000042.gjf"
"384","C48_000043","43","48","train","2026","data/structures/C48/C48_000043.gjf"
"385","C48_000044","44","48","train","2026","data/structures/C48/C48_000044.gjf"
"386","C48_000045","45","48","train","2026","data/structures/C48/C48_000045.gjf"
"387","C48_000046","46","48","train","2026","data/structures/C48/C48_000046.gjf"
"388","C48_000047","47","48","train","2026","data/structures/C48/C48_000047.gjf"
"389","C48_000048","48","48","train","2026","data/structures/C48/C48_000048.gjf"
"390","C48_000049","49","48","train","2026","data/structures/C48/C48_000049.gjf"
"391","C48_000050","50","48","val","2026","data/structures/C48/C48_000050.gjf"
"392","C48_000051","51","48","train","2026","data/structures/C48/C48_000051.gjf"
"393","C48_000052","52","48","train","2026","data/structures/C48/C48_000052.gjf"
"394","C48_000053","53","48","train","2026","data/structures/C48/C48_000053.gjf"
"395","C48_000054","54","48","train","2026","data/structures/C48/C48_000054.gjf"
"396","C48_000055","55","48","train","2026","data/structures/C48/C48_000055.gjf"
"397","C48_000056","56","48","train","2026","data/structures/C48/C48_000056.gjf"
"398","C48_000057","57","48","train","2026","data/structures/C48/C48_000057.gjf"
"399","C48_000058","58","48","test","2026","data/structures/C48/C48_000058.gjf"
"400","C48_000059","59","48","train","2026","data/structures/C48/C48_000059.gjf"
"401","C48_000060","60","48","train","2026","data/structures/C48/C48_000060.gjf"
"402","C48_000061","61","48","test","2026","data/structures/C48/C48_000061.gjf"
"403","C48_000062","62","48","train","2026","data/structures/C48/C48_000062.gjf"
"404","C48_000063","63","48","train","2026","data/structures/C48/C48_000063.gjf"
"405","C48_000064","64","48","train","2026","data/structures/C48/C48_000064.gjf"
"406","C48_000065","65","48","train","2026","data/structures/C48/C48_000065.gjf"
"407","C48_000066","66","48","train","2026","data/structures/C48/C48_000066.gjf"
"408","C48_000067","67","48","train","2026","data/structures/C48/C48_000067.gjf"
"409","C48_000068","68","48","train","2026","data/structures/C48/C48_000068.gjf"
"410","C48_000069","69","48","train","2026","data/structures/C48/C48_000069.gjf"
"411","C48_000070","70","48","train","2026","data/structures/C48/C48_000070.gjf"
"412","C48_000071","71","48","test","2026","data/structures/C48/C48_000071.gjf"
"413","C48_000072","72","48","train","2026","data/structures/C48/C48_000072.gjf"
"414","C48_000073","73","48","train","2026","data/structures/C48/C48_000073.gjf"
"415","C48_000074","74","48","train","2026","data/structures/C48/C48_000074.gjf"
"416","C48_000075","75","48","test","2026","data/structures/C48/C48_000075.gjf"
"417","C48_000076","76","48","val","2026","data/structures/C48/C48_000076.gjf"
"418","C48_000077","77","48","val","2026","data/structures/C48/C48_000077.gjf"
"419","C48_000078","78","48","train","2026","data/structures/C48/C48_000078.gjf"
"420","C48_000079","79","48","val","2026","data/structures/C48/C48_000079.gjf"
"421","C48_000080","80","48","train","2026","data/structures/C48/C48_000080.gjf"
"422","C48_000081","81","48","val","2026","data/structures/C48/C48_000081.gjf"
"423","C48_000082","82","48","train","2026","data/structures/C48/C48_000082.gjf"
"424","C48_000083","83","48","train","2026","data/structures/C48/C48_000083.gjf"
"425","C48_000084","84","48","train","2026","data/structures/C48/C48_000084.gjf"
"426","C48_000085","85","48","train","2026","data/structures/C48/C48_000085.gjf"
"427","C48_000086","86","48","train","2026","data/structures/C48/C48_000086.gjf"
"428","C48_000087","87","48","train","2026","data/structures/C48/C48_000087.gjf"
"429","C48_000088","88","48","train","2026","data/structures/C48/C48_000088.gjf"
"430","C48_000089","89","48","train","2026","data/structures/C48/C48_000089.gjf"
"431","C48_000090","90","48","train","2026","data/structures/C48/C48_000090.gjf"
"432","C48_000091","91","48","train","2026","data/structures/C48/C48_000091.gjf"
"433","C48_000092","92","48","train","2026","data/structures/C48/C48_000092.gjf"
"434","C48_000093","93","48","train","2026","data/structures/C48/C48_000093.gjf"
"435","C48_000094","94","48","train","2026","data/structures/C48/C48_000094.gjf"
"436","C48_000095","95","48","train","2026","data/structures/C48/C48_000095.gjf"
"437","C48_000096","96","48","val","2026","data/structures/C48/C48_000096.gjf"
"438","C48_000097","97","48","train","2026","data/structures/C48/C48_000097.gjf"
"439","C48_000098","98","48","train","2026","data/structures/C48/C48_000098.gjf"
"440","C48_000099","99","48","train","2026","data/structures/C48/C48_000099.gjf"
"441","C48_000100","100","48","train","2026","data/structures/C48/C48_000100.gjf"
"442","C48_000101","101","48","train","2026","data/structures/C48/C48_000101.gjf"
"443","C48_000102","102","48","train","2026","data/structures/C48/C48_000102.gjf"
"444","C48_000103","103","48","train","2026","data/structures/C48/C48_000103.gjf"
"445","C48_000104","104","48","test","2026","data/structures/C48/C48_000104.gjf"
"446","C48_000105","105","48","train","2026","data/structures/C48/C48_000105.gjf"
"447","C48_000106","106","48","train","2026","data/structures/C48/C48_000106.gjf"
"448","C48_000107","107","48","train","2026","data/structures/C48/C48_000107.gjf"
"449","C48_000108","108","48","train","2026","data/structures/C48/C48_000108.gjf"
"450","C48_000109","109","48","test","2026","data/structures/C48/C48_000109.gjf"
"451","C48_000110","110","48","train","2026","data/structures/C48/C48_000110.gjf"
"452","C48_000111","111","48","train","2026","data/structures/C48/C48_000111.gjf"
"453","C48_000112","112","48","train","2026","data/structures/C48/C48_000112.gjf"
"454","C48_000113","113","48","test","2026","data/structures/C48/C48_000113.gjf"
"455","C48_000114","114","48","train","2026","data/structures/C48/C48_000114.gjf"
"456","C48_000115","115","48","train","2026","data/structures/C48/C48_000115.gjf"
"457","C48_000116","116","48","test","2026","data/structures/C48/C48_000116.gjf"
"458","C48_000117","117","48","train","2026","data/structures/C48/C48_000117.gjf"
"459","C48_000118","118","48","train","2026","data/structures/C48/C48_000118.gjf"
"460","C48_000119","119","48","train","2026","data/structures/C48/C48_000119.gjf"
"461","C48_000120","120","48","train","2026","data/structures/C48/C48_000120.gjf"
"462","C48_000121","121","48","train","2026","data/structures/C48/C48_000121.gjf"
"463","C48_000122","122","48","train","2026","data/structures/C48/C48_000122.gjf"
"464","C48_000123","123","48","train","2026","data/structures/C48/C48_000123.gjf"
"465","C48_000124","124","48","train","2026","data/structures/C48/C48_000124.gjf"
"466","C48_000125","125","48","train","2026","data/structures/C48/C48_000125.gjf"
"467","C48_000126","126","48","train","2026","data/structures/C48/C48_000126.gjf"
"468","C48_000127","127","48","train","2026","data/structures/C48/C48_000127.gjf"
"469","C48_000128","128","48","train","2026","data/structures/C48/C48_000128.gjf"
"470","C48_000129","129","48","test","2026","data/structures/C48/C48_000129.gjf"
"471","C48_000130","130","48","train","2026","data/structures/C48/C48_000130.gjf"
"472","C48_000131","131","48","train","2026","data/structures/C48/C48_000131.gjf"
"473","C48_000132","132","48","train","2026","data/structures/C48/C48_000132.gjf"
"474","C48_000133","133","48","train","2026","data/structures/C48/C48_000133.gjf"
"475","C48_000134","134","48","test","2026","data/structures/C48/C48_000134.gjf"
"476","C48_000135","135","48","train","2026","data/structures/C48/C48_000135.gjf"
"477","C48_000136","136","48","train","2026","data/structures/C48/C48_000136.gjf"
"478","C48_000137","137","48","test","2026","data/structures/C48/C48_000137.gjf"
"479","C48_000138","138","48","train","2026","data/structures/C48/C48_000138.gjf"
"480","C48_000139","139","48","train","2026","data/structures/C48/C48_000139.gjf"
"481","C48_000140","140","48","train","2026","data/structures/C48/C48_000140.gjf"
"482","C48_000141","141","48","train","2026","data/structures/C48/C48_000141.gjf"
"483","C48_000142","142","48","train","2026","data/structures/C48/C48_000142.gjf"
"484","C48_000143","143","48","train","2026","data/structures/C48/C48_000143.gjf"
"485","C48_000144","144","48","train","2026","data/structures/C48/C48_000144.gjf"
"486","C48_000145","145","48","train","2026","data/structures/C48/C48_000145.gjf"
"487","C48_000146","146","48","train","2026","data/structures/C48/C48_000146.gjf"
"488","C48_000147","147","48","test","2026","data/structures/C48/C48_000147.gjf"
"489","C48_000148","148","48","train","2026","data/structures/C48/C48_000148.gjf"
"490","C48_000149","149","48","train","2026","data/structures/C48/C48_000149.gjf"
"491","C48_000150","150","48","train","2026","data/structures/C48/C48_000150.gjf"
"492","C48_000151","151","48","train","2026","data/structures/C48/C48_000151.gjf"
"493","C48_000152","152","48","train","2026","data/structures/C48/C48_000152.gjf"
"494","C48_000153","153","48","train","2026","data/structures/C48/C48_000153.gjf"
"495","C48_000154","154","48","train","2026","data/structures/C48/C48_000154.gjf"
"496","C48_000155","155","48","train","2026","data/structures/C48/C48_000155.gjf"
"497","C48_000156","156","48","train","2026","data/structures/C48/C48_000156.gjf"
"498","C48_000157","157","48","val","2026","data/structures/C48/C48_000157.gjf"
"499","C48_000158","158","48","val","2026","data/structures/C48/C48_000158.gjf"
"500","C48_000159","159","48","train","2026","data/structures/C48/C48_000159.gjf"
"501","C48_000160","160","48","train","2026","data/structures/C48/C48_000160.gjf"
"502","C48_000161","161","48","train","2026","data/structures/C48/C48_000161.gjf"
"503","C48_000162","162","48","train","2026","data/structures/C48/C48_000162.gjf"
"504","C48_000163","163","48","train","2026","data/structures/C48/C48_000163.gjf"
"505","C48_000164","164","48","train","2026","data/structures/C48/C48_000164.gjf"
"506","C48_000165","165","48","train","2026","data/structures/C48/C48_000165.gjf"
"507","C48_000166","166","48","train","2026","data/structures/C48/C48_000166.gjf"
"508","C48_000167","167","48","train","2026","data/structures/C48/C48_000167.gjf"
"509","C48_000168","168","48","train","2026","data/structures/C48/C48_000168.gjf"
"510","C48_000169","169","48","train","2026","data/structures/C48/C48_000169.gjf"
"511","C48_000170","170","48","train","2026","data/structures/C48/C48_000170.gjf"
"512","C48_000171","171","48","train","2026","data/structures/C48/C48_000171.gjf"
"513","C48_000172","172","48","train","2026","data/structures/C48/C48_000172.gjf"
"514","C48_000173","173","48","train","2026","data/structures/C48/C48_000173.gjf"
"515","C48_000174","174","48","train","2026","data/structures/C48/C48_000174.gjf"
"516","C48_000175","175","48","test","2026","data/structures/C48/C48_000175.gjf"
"517","C48_000176","176","48","train","2026","data/structures/C48/C48_000176.gjf"
"518","C48_000177","177","48","train","2026","data/structures/C48/C48_000177.gjf"
"519","C48_000178","178","48","train","2026","data/structures/C48/C48_000178.gjf"
"520","C48_000179","179","48","train","2026","data/structures/C48/C48_000179.gjf"
"521","C48_000180","180","48","val","2026","data/structures/C48/C48_000180.gjf"
"522","C48_000181","181","48","train","2026","data/structures/C48/C48_000181.gjf"
"523","C48_000182","182","48","train","2026","data/structures/C48/C48_000182.gjf"
"524","C48_000183","183","48","train","2026","data/structures/C48/C48_000183.gjf"
"525","C48_000184","184","48","train","2026","data/structures/C48/C48_000184.gjf"
"526","C48_000185","185","48","train","2026","data/structures/C48/C48_000185.gjf"
"527","C48_000186","186","48","val","2026","data/structures/C48/C48_000186.gjf"
"528","C48_000187","187","48","train","2026","data/structures/C48/C48_000187.gjf"
"529","C48_000188","188","48","train","2026","data/structures/C48/C48_000188.gjf"
"530","C48_000189","189","48","val","2026","data/structures/C48/C48_000189.gjf"
"531","C48_000190","190","48","train","2026","data/structures/C48/C48_000190.gjf"
"532","C48_000191","191","48","train","2026","data/structures/C48/C48_000191.gjf"
"533","C48_000192","192","48","train","2026","data/structures/C48/C48_000192.gjf"
"534","C48_000193","193","48","test","2026","data/structures/C48/C48_000193.gjf"
"535","C48_000194","194","48","train","2026","data/structures/C48/C48_000194.gjf"
"536","C48_000195","195","48","train","2026","data/structures/C48/C48_000195.gjf"
"537","C48_000196","196","48","train","2026","data/structures/C48/C48_000196.gjf"
"538","C48_000197","197","48","train","2026","data/structures/C48/C48_000197.gjf"
"539","C48_000198","198","48","val","2026","data/structures/C48/C48_000198.gjf"
"540","C48_000199","199","48","train","2026","data/structures/C48/C48_000199.gjf"
"541","C50_000001","1","50","train","2026","data/structures/C50/C50_000001.gjf"
"542","C50_000002","2","50","train","2026","data/structures/C50/C50_000002.gjf"
"543","C50_000003","3","50","train","2026","data/structures/C50/C50_000003.gjf"
"544","C50_000004","4","50","train","2026","data/structures/C50/C50_000004.gjf"
"545","C50_000005","5","50","val","2026","data/structures/C50/C50_000005.gjf"
"546","C50_000006","6","50","train","2026","data/structures/C50/C50_000006.gjf"
"547","C50_000007","7","50","train","2026","data/structures/C50/C50_000007.gjf"
"548","C50_000008","8","50","train","2026","data/structures/C50/C50_000008.gjf"
"549","C50_000009","9","50","train","2026","data/structures/C50/C50_000009.gjf"
"550","C50_000010","10","50","val","2026","data/structures/C50/C50_000010.gjf"
"551","C50_000011","11","50","val","2026","data/structures/C50/C50_000011.gjf"
"552","C50_000012","12","50","train","2026","data/structures/C50/C50_000012.gjf"
"553","C50_000013","13","50","train","2026","data/structures/C50/C50_000013.gjf"
"554","C50_000014","14","50","train","2026","data/structures/C50/C50_000014.gjf"
"555","C50_000015","15","50","val","2026","data/structures/C50/C50_000015.gjf"
"556","C50_000016","16","50","train","2026","data/structures/C50/C50_000016.gjf"
"557","C50_000017","17","50","train","2026","data/structures/C50/C50_000017.gjf"
"558","C50_000018","18","50","train","2026","data/structures/C50/C50_000018.gjf"
"559","C50_000019","19","50","train","2026","data/structures/C50/C50_000019.gjf"
"560","C50_000020","20","50","train","2026","data/structures/C50/C50_000020.gjf"
"561","C50_000021","21","50","train","2026","data/structures/C50/C50_000021.gjf"
"562","C50_000022","22","50","train","2026","data/structures/C50/C50_000022.gjf"
"563","C50_000023","23","50","train","2026","data/structures/C50/C50_000023.gjf"
"564","C50_000024","24","50","train","2026","data/structures/C50/C50_000024.gjf"
"565","C50_000025","25","50","train","2026","data/structures/C50/C50_000025.gjf"
"566","C50_000026","26","50","train","2026","data/structures/C50/C50_000026.gjf"
"567","C50_000027","27","50","train","2026","data/structures/C50/C50_000027.gjf"
"568","C50_000028","28","50","train","2026","data/structures/C50/C50_000028.gjf"
"569","C50_000029","29","50","train","2026","data/structures/C50/C50_000029.gjf"
"570","C50_000030","30","50","train","2026","data/structures/C50/C50_000030.gjf"
"571","C50_000031","31","50","train","2026","data/structures/C50/C50_000031.gjf"
"572","C50_000032","32","50","train","2026","data/structures/C50/C50_000032.gjf"
"573","C50_000033","33","50","train","2026","data/structures/C50/C50_000033.gjf"
"574","C50_000034","34","50","train","2026","data/structures/C50/C50_000034.gjf"
"575","C50_000035","35","50","test","2026","data/structures/C50/C50_000035.gjf"
"576","C50_000036","36","50","train","2026","data/structures/C50/C50_000036.gjf"
"577","C50_000037","37","50","val","2026","data/structures/C50/C50_000037.gjf"
"578","C50_000038","38","50","train","2026","data/structures/C50/C50_000038.gjf"
"579","C50_000039","39","50","train","2026","data/structures/C50/C50_000039.gjf"
"580","C50_000040","40","50","train","2026","data/structures/C50/C50_000040.gjf"
"581","C50_000041","41","50","train","2026","data/structures/C50/C50_000041.gjf"
"582","C50_000042","42","50","train","2026","data/structures/C50/C50_000042.gjf"
"583","C50_000043","43","50","train","2026","data/structures/C50/C50_000043.gjf"
"584","C50_000044","44","50","val","2026","data/structures/C50/C50_000044.gjf"
"585","C50_000045","45","50","train","2026","data/structures/C50/C50_000045.gjf"
"586","C50_000046","46","50","val","2026","data/structures/C50/C50_000046.gjf"
"587","C50_000047","47","50","train","2026","data/structures/C50/C50_000047.gjf"
"588","C50_000048","48","50","train","2026","data/structures/C50/C50_000048.gjf"
"589","C50_000049","49","50","val","2026","data/structures/C50/C50_000049.gjf"
"590","C50_000050","50","50","train","2026","data/structures/C50/C50_000050.gjf"
"591","C50_000051","51","50","train","2026","data/structures/C50/C50_000051.gjf"
"592","C50_000052","52","50","train","2026","data/structures/C50/C50_000052.gjf"
"593","C50_000053","53","50","train","2026","data/structures/C50/C50_000053.gjf"
"594","C50_000054","54","50","train","2026","data/structures/C50/C50_000054.gjf"
"595","C50_000055","55","50","train","2026","data/structures/C50/C50_000055.gjf"
"596","C50_000056","56","50","train","2026","data/structures/C50/C50_000056.gjf"
"597","C50_000057","57","50","train","2026","data/structures/C50/C50_000057.gjf"
"598","C50_000058","58","50","train","2026","data/structures/C50/C50_000058.gjf"
"599","C50_000059","59","50","train","2026","data/structures/C50/C50_000059.gjf"
"600","C50_000060","60","50","train","2026","data/structures/C50/C50_000060.gjf"
"601","C50_000061","61","50","train","2026","data/structures/C50/C50_000061.gjf"
"602","C50_000062","62","50","test","2026","data/structures/C50/C50_000062.gjf"
"603","C50_000063","63","50","train","2026","data/structures/C50/C50_000063.gjf"
"604","C50_000064","64","50","train","2026","data/structures/C50/C50_000064.gjf"
"605","C50_000065","65","50","train","2026","data/structures/C50/C50_000065.gjf"
"606","C50_000066","66","50","train","2026","data/structures/C50/C50_000066.gjf"
"607","C50_000067","67","50","train","2026","data/structures/C50/C50_000067.gjf"
"608","C50_000068","68","50","test","2026","data/structures/C50/C50_000068.gjf"
"609","C50_000069","69","50","train","2026","data/structures/C50/C50_000069.gjf"
"610","C50_000070","70","50","train","2026","data/structures/C50/C50_000070.gjf"
"611","C50_000071","71","50","train","2026","data/structures/C50/C50_000071.gjf"
"612","C50_000072","72","50","train","2026","data/structures/C50/C50_000072.gjf"
"613","C50_000073","73","50","train","2026","data/structures/C50/C50_000073.gjf"
"614","C50_000074","74","50","train","2026","data/structures/C50/C50_000074.gjf"
"615","C50_000075","75","50","train","2026","data/structures/C50/C50_000075.gjf"
"616","C50_000076","76","50","train","2026","data/structures/C50/C50_000076.gjf"
"617","C50_000077","77","50","train","2026","data/structures/C50/C50_000077.gjf"
"618","C50_000078","78","50","test","2026","data/structures/C50/C50_000078.gjf"
"619","C50_000079","79","50","train","2026","data/structures/C50/C50_000079.gjf"
"620","C50_000080","80","50","val","2026","data/structures/C50/C50_000080.gjf"
"621","C50_000081","81","50","train","2026","data/structures/C50/C50_000081.gjf"
"622","C50_000082","82","50","train","2026","data/structures/C50/C50_000082.gjf"
"623","C50_000083","83","50","train","2026","data/structures/C50/C50_000083.gjf"
"624","C50_000084","84","50","train","2026","data/structures/C50/C50_000084.gjf"
"625","C50_000085","85","50","train","2026","data/structures/C50/C50_000085.gjf"
"626","C50_000086","86","50","train","2026","data/structures/C50/C50_000086.gjf"
"627","C50_000087","87","50","train","2026","data/structures/C50/C50_000087.gjf"
"628","C50_000088","88","50","test","2026","data/structures/C50/C50_000088.gjf"
"629","C50_000089","89","50","train","2026","data/structures/C50/C50_000089.gjf"
"630","C50_000090","90","50","train","2026","data/structures/C50/C50_000090.gjf"
"631","C50_000091","91","50","train","2026","data/structures/C50/C50_000091.gjf"
"632","C50_000092","92","50","train","2026","data/structures/C50/C50_000092.gjf"
"633","C50_000093","93","50","train","2026","data/structures/C50/C50_000093.gjf"
"634","C50_000094","94","50","train","2026","data/structures/C50/C50_000094.gjf"
"635","C50_000095","95","50","train","2026","data/structures/C50/C50_000095.gjf"
"636","C50_000096","96","50","train","2026","data/structures/C50/C50_000096.gjf"
"637","C50_000097","97","50","train","2026","data/structures/C50/C50_000097.gjf"
"638","C50_000098","98","50","train","2026","data/structures/C50/C50_000098.gjf"
"639","C50_000099","99","50","val","2026","data/structures/C50/C50_000099.gjf"
"640","C50_000100","100","50","train","2026","data/structures/C50/C50_000100.gjf"
"641","C50_000101","101","50","train","2026","data/structures/C50/C50_000101.gjf"
"642","C50_000102","102","50","train","2026","data/structures/C50/C50_000102.gjf"
"643","C50_000103","103","50","val","2026","data/structures/C50/C50_000103.gjf"
"644","C50_000104","104","50","train","2026","data/structures/C50/C50_000104.gjf"
"645","C50_000105","105","50","train","2026","data/structures/C50/C50_000105.gjf"
"646","C50_000106","106","50","val","2026","data/structures/C50/C50_000106.gjf"
"647","C50_000107","107","50","val","2026","data/structures/C50/C50_000107.gjf"
"648","C50_000108","108","50","train","2026","data/structures/C50/C50_000108.gjf"
"649","C50_000109","109","50","train","2026","data/structures/C50/C50_000109.gjf"
"650","C50_000110","110","50","train","2026","data/structures/C50/C50_000110.gjf"
"651","C50_000111","111","50","train","2026","data/structures/C50/C50_000111.gjf"
"652","C50_000112","112","50","train","2026","data/structures/C50/C50_000112.gjf"
"653","C50_000113","113","50","train","2026","data/structures/C50/C50_000113.gjf"
"654","C50_000114","114","50","train","2026","data/structures/C50/C50_000114.gjf"
"655","C50_000115","115","50","train","2026","data/structures/C50/C50_000115.gjf"
"656","C50_000116","116","50","train","2026","data/structures/C50/C50_000116.gjf"
"657","C50_000117","117","50","test","2026","data/structures/C50/C50_000117.gjf"
"658","C50_000118","118","50","train","2026","data/structures/C50/C50_000118.gjf"
"659","C50_000119","119","50","val","2026","data/structures/C50/C50_000119.gjf"
"660","C50_000120","120","50","train","2026","data/structures/C50/C50_000120.gjf"
"661","C50_000121","121","50","train","2026","data/structures/C50/C50_000121.gjf"
"662","C50_000122","122","50","train","2026","data/structures/C50/C50_000122.gjf"
"663","C50_000123","123","50","train","2026","data/structures/C50/C50_000123.gjf"
"664","C50_000124","124","50","train","2026","data/structures/C50/C50_000124.gjf"
"665","C50_000125","125","50","train","2026","data/structures/C50/C50_000125.gjf"
"666","C50_000126","126","50","train","2026","data/structures/C50/C50_000126.gjf"
"667","C50_000127","127","50","val","2026","data/structures/C50/C50_000127.gjf"
"668","C50_000128","128","50","train","2026","data/structures/C50/C50_000128.gjf"
"669","C50_000129","129","50","train","2026","data/structures/C50/C50_000129.gjf"
"670","C50_000130","130","50","train","2026","data/structures/C50/C50_000130.gjf"
"671","C50_000131","131","50","train","2026","data/structures/C50/C50_000131.gjf"
"672","C50_000132","132","50","train","2026","data/structures/C50/C50_000132.gjf"
"673","C50_000133","133","50","train","2026","data/structures/C50/C50_000133.gjf"
"674","C50_000134","134","50","train","2026","data/structures/C50/C50_000134.gjf"
"675","C50_000135","135","50","train","2026","data/structures/C50/C50_000135.gjf"
"676","C50_000136","136","50","train","2026","data/structures/C50/C50_000136.gjf"
"677","C50_000137","137","50","train","2026","data/structures/C50/C50_000137.gjf"
"678","C50_000138","138","50","train","2026","data/structures/C50/C50_000138.gjf"
"679","C50_000139","139","50","train","2026","data/structures/C50/C50_000139.gjf"
"680","C50_000140","140","50","train","2026","data/structures/C50/C50_000140.gjf"
"681","C50_000141","141","50","train","2026","data/structures/C50/C50_000141.gjf"
"682","C50_000142","142","50","train","2026","data/structures/C50/C50_000142.gjf"
"683","C50_000143","143","50","train","2026","data/structures/C50/C50_000143.gjf"
"684","C50_000144","144","50","train","2026","data/structures/C50/C50_000144.gjf"
"685","C50_000145","145","50","train","2026","data/structures/C50/C50_000145.gjf"
"686","C50_000146","146","50","test","2026","data/structures/C50/C50_000146.gjf"
"687","C50_000147","147","50","train","2026","data/structures/C50/C50_000147.gjf"
"688","C50_000148","148","50","train","2026","data/structures/C50/C50_000148.gjf"
"689","C50_000149","149","50","train","2026","data/structures/C50/C50_000149.gjf"
"690","C50_000150","150","50","train","2026","data/structures/C50/C50_000150.gjf"
"691","C50_000151","151","50","train","2026","data/structures/C50/C50_000151.gjf"
"692","C50_000152","152","50","train","2026","data/structures/C50/C50_000152.gjf"
"693","C50_000153","153","50","train","2026","data/structures/C50/C50_000153.gjf"
"694","C50_000154","154","50","train","2026","data/structures/C50/C50_000154.gjf"
"695","C50_000155","155","50","train","2026","data/structures/C50/C50_000155.gjf"
"696","C50_000156","156","50","train","2026","data/structures/C50/C50_000156.gjf"
"697","C50_000157","157","50","train","2026","data/structures/C50/C50_000157.gjf"
"698","C50_000158","158","50","train","2026","data/structures/C50/C50_000158.gjf"
"699","C50_000159","159","50","train","2026","data/structures/C50/C50_000159.gjf"
"700","C50_000160","160","50","train","2026","data/structures/C50/C50_000160.gjf"
"701","C50_000161","161","50","test","2026","data/structures/C50/C50_000161.gjf"
"702","C50_000162","162","50","train","2026","data/structures/C50/C50_000162.gjf"
"703","C50_000163","163","50","test","2026","data/structures/C50/C50_000163.gjf"
"704","C50_000164","164","50","train","2026","data/structures/C50/C50_000164.gjf"
"705","C50_000165","165","50","test","2026","data/structures/C50/C50_000165.gjf"
"706","C50_000166","166","50","train","2026","data/structures/C50/C50_000166.gjf"
"707","C50_000167","167","50","train","2026","data/structures/C50/C50_000167.gjf"
"708","C50_000168","168","50","train","2026","data/structures/C50/C50_000168.gjf"
"709","C50_000169","169","50","train","2026","data/structures/C50/C50_000169.gjf"
"710","C50_000170","170","50","val","2026","data/structures/C50/C50_000170.gjf"
"711","C50_000171","171","50","train","2026","data/structures/C50/C50_000171.gjf"
"712","C50_000172","172","50","train","2026","data/structures/C50/C50_000172.gjf"
"713","C50_000173","173","50","train","2026","data/structures/C50/C50_000173.gjf"
"714","C50_000174","174","50","train","2026","data/structures/C50/C50_000174.gjf"
"715","C50_000175","175","50","train","2026","data/structures/C50/C50_000175.gjf"
"716","C50_000176","176","50","train","2026","data/structures/C50/C50_000176.gjf"
"717","C50_000177","177","50","train","2026","data/structures/C50/C50_000177.gjf"
"718","C50_000178","178","50","train","2026","data/structures/C50/C50_000178.gjf"
"719","C50_000179","179","50","train","2026","data/structures/C50/C50_000179.gjf"
"720","C50_000180","180","50","train","2026","data/structures/C50/C50_000180.gjf"
"721","C50_000181","181","50","val","2026","data/structures/C50/C50_000181.gjf"
"722","C50_000182","182","50","test","2026","data/structures/C50/C50_000182.gjf"
"723","C50_000183","183","50","train","2026","data/structures/C50/C50_000183.gjf"
"724","C50_000184","184","50","test","2026","data/structures/C50/C50_000184.gjf"
"725","C50_000185","185","50","val","2026","data/structures/C50/C50_000185.gjf"
"726","C50_000186","186","50","train","2026","data/structures/C50/C50_000186.gjf"
"727","C50_000187","187","50","train","2026","data/structures/C50/C50_000187.gjf"
"728","C50_000188","188","50","train","2026","data/structures/C50/C50_000188.gjf"
"729","C50_000189","189","50","train","2026","data/structures/C50/C50_000189.gjf"
"730","C50_000190","190","50","val","2026","data/structures/C50/C50_000190.gjf"
"731","C50_000191","191","50","train","2026","data/structures/C50/C50_000191.gjf"
"732","C50_000192","192","50","train","2026","data/structures/C50/C50_000192.gjf"
"733","C50_000193","193","50","train","2026","data/structures/C50/C50_000193.gjf"
"734","C50_000194","194","50","train","2026","data/structures/C50/C50_000194.gjf"
"735","C50_000195","195","50","train","2026","data/structures/C50/C50_000195.gjf"
"736","C50_000196","196","50","train","2026","data/structures/C50/C50_000196.gjf"
"737","C50_000197","197","50","train","2026","data/structures/C50/C50_000197.gjf"
"738","C50_000198","198","50","train","2026","data/structures/C50/C50_000198.gjf"
"739","C50_000199","199","50","train","2026","data/structures/C50/C50_000199.gjf"
"740","C50_000200","200","50","train","2026","data/structures/C50/C50_000200.gjf"
"741","C50_000201","201","50","val","2026","data/structures/C50/C50_000201.gjf"
"742","C50_000202","202","50","train","2026","data/structures/C50/C50_000202.gjf"
"743","C50_000203","203","50","test","2026","data/structures/C50/C50_000203.gjf"
"744","C50_000204","204","50","test","2026","data/structures/C50/C50_000204.gjf"
"745","C50_000205","205","50","train","2026","data/structures/C50/C50_000205.gjf"
"746","C50_000206","206","50","train","2026","data/structures/C50/C50_000206.gjf"
"747","C50_000207","207","50","train","2026","data/structures/C50/C50_000207.gjf"
"748","C50_000208","208","50","train","2026","data/structures/C50/C50_000208.gjf"
"749","C50_000209","209","50","train","2026","data/structures/C50/C50_000209.gjf"
"750","C50_000210","210","50","train","2026","data/structures/C50/C50_000210.gjf"
"751","C50_000211","211","50","train","2026","data/structures/C50/C50_000211.gjf"
"752","C50_000212","212","50","train","2026","data/structures/C50/C50_000212.gjf"
"753","C50_000213","213","50","train","2026","data/structures/C50/C50_000213.gjf"
"754","C50_000214","214","50","train","2026","data/structures/C50/C50_000214.gjf"
"755","C50_000215","215","50","train","2026","data/structures/C50/C50_000215.gjf"
"756","C50_000216","216","50","train","2026","data/structures/C50/C50_000216.gjf"
"757","C50_000217","217","50","train","2026","data/structures/C50/C50_000217.gjf"
"758","C50_000218","218","50","val","2026","data/structures/C50/C50_000218.gjf"
"759","C50_000219","219","50","train","2026","data/structures/C50/C50_000219.gjf"
"760","C50_000220","220","50","train","2026","data/structures/C50/C50_000220.gjf"
"761","C50_000221","221","50","train","2026","data/structures/C50/C50_000221.gjf"
"762","C50_000222","222","50","test","2026","data/structures/C50/C50_000222.gjf"
"763","C50_000223","223","50","train","2026","data/structures/C50/C50_000223.gjf"
"764","C50_000224","224","50","train","2026","data/structures/C50/C50_000224.gjf"
"765","C50_000225","225","50","train","2026","data/structures/C50/C50_000225.gjf"
"766","C50_000226","226","50","test","2026","data/structures/C50/C50_000226.gjf"
"767","C50_000227","227","50","train","2026","data/structures/C50/C50_000227.gjf"
"768","C50_000228","228","50","test","2026","data/structures/C50/C50_000228.gjf"
"769","C50_000229","229","50","train","2026","data/structures/C50/C50_000229.gjf"
"770","C50_000230","230","50","train","2026","data/structures/C50/C50_000230.gjf"
"771","C50_000231","231","50","train","2026","data/structures/C50/C50_000231.gjf"
"772","C50_000232","232","50","train","2026","data/structures/C50/C50_000232.gjf"
"773","C50_000233","233","50","train","2026","data/structures/C50/C50_000233.gjf"
"774","C50_000234","234","50","val","2026","data/structures/C50/C50_000234.gjf"
"775","C50_000235","235","50","train","2026","data/structures/C50/C50_000235.gjf"
"776","C50_000236","236","50","train","2026","data/structures/C50/C50_000236.gjf"
"777","C50_000237","237","50","train","2026","data/structures/C50/C50_000237.gjf"
"778","C50_000238","238","50","val","2026","data/structures/C50/C50_000238.gjf"
"779","C50_000239","239","50","train","2026","data/structures/C50/C50_000239.gjf"
"780","C50_000240","240","50","train","2026","data/structures/C50/C50_000240.gjf"
"781","C50_000241","241","50","val","2026","data/structures/C50/C50_000241.gjf"
"782","C50_000242","242","50","test","2026","data/structures/C50/C50_000242.gjf"
"783","C50_000243","243","50","train","2026","data/structures/C50/C50_000243.gjf"
"784","C50_000244","244","50","train","2026","data/structures/C50/C50_000244.gjf"
"785","C50_000245","245","50","test","2026","data/structures/C50/C50_000245.gjf"
"786","C50_000246","246","50","test","2026","data/structures/C50/C50_000246.gjf"
"787","C50_000247","247","50","train","2026","data/structures/C50/C50_000247.gjf"
"788","C50_000248","248","50","val","2026","data/structures/C50/C50_000248.gjf"
"789","C50_000249","249","50","test","2026","data/structures/C50/C50_000249.gjf"
"790","C50_000250","250","50","train","2026","data/structures/C50/C50_000250.gjf"
"791","C50_000251","251","50","val","2026","data/structures/C50/C50_000251.gjf"
"792","C50_000252","252","50","train","2026","data/structures/C50/C50_000252.gjf"
"793","C50_000253","253","50","train","2026","data/structures/C50/C50_000253.gjf"
"794","C50_000254","254","50","test","2026","data/structures/C50/C50_000254.gjf"
"795","C50_000255","255","50","train","2026","data/structures/C50/C50_000255.gjf"
"796","C50_000256","256","50","train","2026","data/structures/C50/C50_000256.gjf"
"797","C50_000257","257","50","train","2026","data/structures/C50/C50_000257.gjf"
"798","C50_000258","258","50","train","2026","data/structures/C50/C50_000258.gjf"
"799","C50_000259","259","50","train","2026","data/structures/C50/C50_000259.gjf"
"800","C50_000260","260","50","train","2026","data/structures/C50/C50_000260.gjf"
"801","C50_000261","261","50","train","2026","data/structures/C50/C50_000261.gjf"
"802","C50_000262","262","50","train","2026","data/structures/C50/C50_000262.gjf"
"803","C50_000263","263","50","train","2026","data/structures/C50/C50_000263.gjf"
"804","C50_000264","264","50","train","2026","data/structures/C50/C50_000264.gjf"
"805","C50_000265","265","50","train","2026","data/structures/C50/C50_000265.gjf"
"806","C50_000266","266","50","train","2026","data/structures/C50/C50_000266.gjf"
"807","C50_000267","267","50","train","2026","data/structures/C50/C50_000267.gjf"
"808","C50_000268","268","50","train","2026","data/structures/C50/C50_000268.gjf"
"809","C50_000269","269","50","train","2026","data/structures/C50/C50_000269.gjf"
"810","C50_000270","270","50","val","2026","data/structures/C50/C50_000270.gjf"
"811","C50_000271","271","50","train","2026","data/structures/C50/C50_000271.gjf"
"812","C52_000001","1","52","train","2026","data/structures/C52/C52_000001.gjf"
"813","C52_000002","2","52","val","2026","data/structures/C52/C52_000002.gjf"
"814","C52_000003","3","52","train","2026","data/structures/C52/C52_000003.gjf"
"815","C52_000004","4","52","train","2026","data/structures/C52/C52_000004.gjf"
"816","C52_000005","5","52","test","2026","data/structures/C52/C52_000005.gjf"
"817","C52_000006","6","52","train","2026","data/structures/C52/C52_000006.gjf"
"818","C52_000007","7","52","train","2026","data/structures/C52/C52_000007.gjf"
"819","C52_000008","8","52","train","2026","data/structures/C52/C52_000008.gjf"
"820","C52_000009","9","52","train","2026","data/structures/C52/C52_000009.gjf"
"821","C52_000010","10","52","train","2026","data/structures/C52/C52_000010.gjf"
"822","C52_000011","11","52","train","2026","data/structures/C52/C52_000011.gjf"
"823","C52_000012","12","52","val","2026","data/structures/C52/C52_000012.gjf"
"824","C52_000013","13","52","train","2026","data/structures/C52/C52_000013.gjf"
"825","C52_000014","14","52","test","2026","data/structures/C52/C52_000014.gjf"
"826","C52_000015","15","52","train","2026","data/structures/C52/C52_000015.gjf"
"827","C52_000016","16","52","train","2026","data/structures/C52/C52_000016.gjf"
"828","C52_000017","17","52","train","2026","data/structures/C52/C52_000017.gjf"
"829","C52_000018","18","52","train","2026","data/structures/C52/C52_000018.gjf"
"830","C52_000019","19","52","train","2026","data/structures/C52/C52_000019.gjf"
"831","C52_000020","20","52","train","2026","data/structures/C52/C52_000020.gjf"
"832","C52_000021","21","52","train","2026","data/structures/C52/C52_000021.gjf"
"833","C52_000022","22","52","train","2026","data/structures/C52/C52_000022.gjf"
"834","C52_000023","23","52","train","2026","data/structures/C52/C52_000023.gjf"
"835","C52_000024","24","52","test","2026","data/structures/C52/C52_000024.gjf"
"836","C52_000025","25","52","train","2026","data/structures/C52/C52_000025.gjf"
"837","C52_000026","26","52","train","2026","data/structures/C52/C52_000026.gjf"
"838","C52_000027","27","52","train","2026","data/structures/C52/C52_000027.gjf"
"839","C52_000028","28","52","train","2026","data/structures/C52/C52_000028.gjf"
"840","C52_000029","29","52","val","2026","data/structures/C52/C52_000029.gjf"
"841","C52_000030","30","52","train","2026","data/structures/C52/C52_000030.gjf"
"842","C52_000031","31","52","train","2026","data/structures/C52/C52_000031.gjf"
"843","C52_000032","32","52","train","2026","data/structures/C52/C52_000032.gjf"
"844","C52_000033","33","52","test","2026","data/structures/C52/C52_000033.gjf"
"845","C52_000034","34","52","train","2026","data/structures/C52/C52_000034.gjf"
"846","C52_000035","35","52","train","2026","data/structures/C52/C52_000035.gjf"
"847","C52_000036","36","52","train","2026","data/structures/C52/C52_000036.gjf"
"848","C52_000037","37","52","train","2026","data/structures/C52/C52_000037.gjf"
"849","C52_000038","38","52","train","2026","data/structures/C52/C52_000038.gjf"
"850","C52_000039","39","52","train","2026","data/structures/C52/C52_000039.gjf"
"851","C52_000040","40","52","train","2026","data/structures/C52/C52_000040.gjf"
"852","C52_000041","41","52","train","2026","data/structures/C52/C52_000041.gjf"
"853","C52_000042","42","52","train","2026","data/structures/C52/C52_000042.gjf"
"854","C52_000043","43","52","val","2026","data/structures/C52/C52_000043.gjf"
"855","C52_000044","44","52","train","2026","data/structures/C52/C52_000044.gjf"
"856","C52_000045","45","52","train","2026","data/structures/C52/C52_000045.gjf"
"857","C52_000046","46","52","train","2026","data/structures/C52/C52_000046.gjf"
"858","C52_000047","47","52","train","2026","data/structures/C52/C52_000047.gjf"
"859","C52_000048","48","52","train","2026","data/structures/C52/C52_000048.gjf"
"860","C52_000049","49","52","train","2026","data/structures/C52/C52_000049.gjf"
"861","C52_000050","50","52","train","2026","data/structures/C52/C52_000050.gjf"
"862","C52_000051","51","52","train","2026","data/structures/C52/C52_000051.gjf"
"863","C52_000052","52","52","val","2026","data/structures/C52/C52_000052.gjf"
"864","C52_000053","53","52","train","2026","data/structures/C52/C52_000053.gjf"
"865","C52_000054","54","52","train","2026","data/structures/C52/C52_000054.gjf"
"866","C52_000055","55","52","train","2026","data/structures/C52/C52_000055.gjf"
"867","C52_000056","56","52","val","2026","data/structures/C52/C52_000056.gjf"
"868","C52_000057","57","52","train","2026","data/structures/C52/C52_000057.gjf"
"869","C52_000058","58","52","train","2026","data/structures/C52/C52_000058.gjf"
"870","C52_000059","59","52","val","2026","data/structures/C52/C52_000059.gjf"
"871","C52_000060","60","52","test","2026","data/structures/C52/C52_000060.gjf"
"872","C52_000061","61","52","val","2026","data/structures/C52/C52_000061.gjf"
"873","C52_000062","62","52","train","2026","data/structures/C52/C52_000062.gjf"
"874","C52_000063","63","52","train","2026","data/structures/C52/C52_000063.gjf"
"875","C52_000064","64","52","train","2026","data/structures/C52/C52_000064.gjf"
"876","C52_000065","65","52","train","2026","data/structures/C52/C52_000065.gjf"
"877","C52_000066","66","52","train","2026","data/structures/C52/C52_000066.gjf"
"878","C52_000067","67","52","train","2026","data/structures/C52/C52_000067.gjf"
"879","C52_000068","68","52","train","2026","data/structures/C52/C52_000068.gjf"
"880","C52_000069","69","52","train","2026","data/structures/C52/C52_000069.gjf"
"881","C52_000070","70","52","train","2026","data/structures/C52/C52_000070.gjf"
"882","C52_000071","71","52","train","2026","data/structures/C52/C52_000071.gjf"
"883","C52_000072","72","52","train","2026","data/structures/C52/C52_000072.gjf"
"884","C52_000073","73","52","train","2026","data/structures/C52/C52_000073.gjf"
"885","C52_000074","74","52","test","2026","data/structures/C52/C52_000074.gjf"
"886","C52_000075","75","52","train","2026","data/structures/C52/C52_000075.gjf"
"887","C52_000076","76","52","train","2026","data/structures/C52/C52_000076.gjf"
"888","C52_000077","77","52","test","2026","data/structures/C52/C52_000077.gjf"
"889","C52_000078","78","52","train","2026","data/structures/C52/C52_000078.gjf"
"890","C52_000079","79","52","train","2026","data/structures/C52/C52_000079.gjf"
"891","C52_000080","80","52","train","2026","data/structures/C52/C52_000080.gjf"
"892","C52_000081","81","52","train","2026","data/structures/C52/C52_000081.gjf"
"893","C52_000082","82","52","train","2026","data/structures/C52/C52_000082.gjf"
"894","C52_000083","83","52","test","2026","data/structures/C52/C52_000083.gjf"
"895","C52_000084","84","52","train","2026","data/structures/C52/C52_000084.gjf"
"896","C52_000085","85","52","val","2026","data/structures/C52/C52_000085.gjf"
"897","C52_000086","86","52","train","2026","data/structures/C52/C52_000086.gjf"
"898","C52_000087","87","52","val","2026","data/structures/C52/C52_000087.gjf"
"899","C52_000088","88","52","train","2026","data/structures/C52/C52_000088.gjf"
"900","C52_000089","89","52","test","2026","data/structures/C52/C52_000089.gjf"
"901","C52_000090","90","52","train","2026","data/structures/C52/C52_000090.gjf"
"902","C52_000091","91","52","train","2026","data/structures/C52/C52_000091.gjf"
"903","C52_000092","92","52","train","2026","data/structures/C52/C52_000092.gjf"
"904","C52_000093","93","52","train","2026","data/structures/C52/C52_000093.gjf"
"905","C52_000094","94","52","train","2026","data/structures/C52/C52_000094.gjf"
"906","C52_000095","95","52","train","2026","data/structures/C52/C52_000095.gjf"
"907","C52_000096","96","52","train","2026","data/structures/C52/C52_000096.gjf"
"908","C52_000097","97","52","val","2026","data/structures/C52/C52_000097.gjf"
"909","C52_000098","98","52","train","2026","data/structures/C52/C52_000098.gjf"
"910","C52_000099","99","52","test","2026","data/structures/C52/C52_000099.gjf"
"911","C52_000100","100","52","train","2026","data/structures/C52/C52_000100.gjf"
"912","C52_000101","101","52","train","2026","data/structures/C52/C52_000101.gjf"
"913","C52_000102","102","52","val","2026","data/structures/C52/C52_000102.gjf"
"914","C52_000103","103","52","train","2026","data/structures/C52/C52_000103.gjf"
"915","C52_000104","104","52","train","2026","data/structures/C52/C52_000104.gjf"
"916","C52_000105","105","52","test","2026","data/structures/C52/C52_000105.gjf"
"917","C52_000106","106","52","val","2026","data/structures/C52/C52_000106.gjf"
"918","C52_000107","107","52","train","2026","data/structures/C52/C52_000107.gjf"
"919","C52_000108","108","52","train","2026","data/structures/C52/C52_000108.gjf"
"920","C52_000109","109","52","train","2026","data/structures/C52/C52_000109.gjf"
"921","C52_000110","110","52","train","2026","data/structures/C52/C52_000110.gjf"
"922","C52_000111","111","52","train","2026","data/structures/C52/C52_000111.gjf"
"923","C52_000112","112","52","test","2026","data/structures/C52/C52_000112.gjf"
"924","C52_000113","113","52","train","2026","data/structures/C52/C52_000113.gjf"
"925","C52_000114","114","52","train","2026","data/structures/C52/C52_000114.gjf"
"926","C52_000115","115","52","train","2026","data/structures/C52/C52_000115.gjf"
"927","C52_000116","116","52","train","2026","data/structures/C52/C52_000116.gjf"
"928","C52_000117","117","52","train","2026","data/structures/C52/C52_000117.gjf"
"929","C52_000118","118","52","train","2026","data/structures/C52/C52_000118.gjf"
"930","C52_000119","119","52","train","2026","data/structures/C52/C52_000119.gjf"
"931","C52_000120","120","52","train","2026","data/structures/C52/C52_000120.gjf"
"932","C52_000121","121","52","train","2026","data/structures/C52/C52_000121.gjf"
"933","C52_000122","122","52","val","2026","data/structures/C52/C52_000122.gjf"
"934","C52_000123","123","52","train","2026","data/structures/C52/C52_000123.gjf"
"935","C52_000124","124","52","train","2026","data/structures/C52/C52_000124.gjf"
"936","C52_000125","125","52","train","2026","data/structures/C52/C52_000125.gjf"
"937","C52_000126","126","52","test","2026","data/structures/C52/C52_000126.gjf"
"938","C52_000127","127","52","train","2026","data/structures/C52/C52_000127.gjf"
"939","C52_000128","128","52","train","2026","data/structures/C52/C52_000128.gjf"
"940","C52_000129","129","52","train","2026","data/structures/C52/C52_000129.gjf"
"941","C52_000130","130","52","train","2026","data/structures/C52/C52_000130.gjf"
"942","C52_000131","131","52","train","2026","data/structures/C52/C52_000131.gjf"
"943","C52_000132","132","52","train","2026","data/structures/C52/C52_000132.gjf"
"944","C52_000133","133","52","train","2026","data/structures/C52/C52_000133.gjf"
"945","C52_000134","134","52","train","2026","data/structures/C52/C52_000134.gjf"
"946","C52_000135","135","52","train","2026","data/structures/C52/C52_000135.gjf"
"947","C52_000136","136","52","train","2026","data/structures/C52/C52_000136.gjf"
"948","C52_000137","137","52","train","2026","data/structures/C52/C52_000137.gjf"
"949","C52_000138","138","52","train","2026","data/structures/C52/C52_000138.gjf"
"950","C52_000139","139","52","train","2026","data/structures/C52/C52_000139.gjf"
"951","C52_000140","140","52","train","2026","data/structures/C52/C52_000140.gjf"
"952","C52_000141","141","52","train","2026","data/structures/C52/C52_000141.gjf"
"953","C52_000142","142","52","train","2026","data/structures/C52/C52_000142.gjf"
"954","C52_000143","143","52","train","2026","data/structures/C52/C52_000143.gjf"
"955","C52_000144","144","52","train","2026","data/structures/C52/C52_000144.gjf"
"956","C52_000145","145","52","val","2026","data/structures/C52/C52_000145.gjf"
"957","C52_000146","146","52","train","2026","data/structures/C52/C52_000146.gjf"
"958","C52_000147","147","52","train","2026","data/structures/C52/C52_000147.gjf"
"959","C52_000148","148","52","test","2026","data/structures/C52/C52_000148.gjf"
"960","C52_000149","149","52","train","2026","data/structures/C52/C52_000149.gjf"
"961","C52_000150","150","52","train","2026","data/structures/C52/C52_000150.gjf"
"962","C52_000151","151","52","test","2026","data/structures/C52/C52_000151.gjf"
"963","C52_000152","152","52","train","2026","data/structures/C52/C52_000152.gjf"
"964","C52_000153","153","52","train","2026","data/structures/C52/C52_000153.gjf"
"965","C52_000154","154","52","test","2026","data/structures/C52/C52_000154.gjf"
"966","C52_000155","155","52","train","2026","data/structures/C52/C52_000155.gjf"
"967","C52_000156","156","52","val","2026","data/structures/C52/C52_000156.gjf"
"968","C52_000157","157","52","val","2026","data/structures/C52/C52_000157.gjf"
"969","C52_000158","158","52","val","2026","data/structures/C52/C52_000158.gjf"
"970","C52_000159","159","52","train","2026","data/structures/C52/C52_000159.gjf"
"971","C52_000160","160","52","train","2026","data/structures/C52/C52_000160.gjf"
"972","C52_000161","161","52","train","2026","data/structures/C52/C52_000161.gjf"
"973","C52_000162","162","52","train","2026","data/structures/C52/C52_000162.gjf"
"974","C52_000163","163","52","train","2026","data/structures/C52/C52_000163.gjf"
"975","C52_000164","164","52","test","2026","data/structures/C52/C52_000164.gjf"
"976","C52_000165","165","52","train","2026","data/structures/C52/C52_000165.gjf"
"977","C52_000166","166","52","train","2026","data/structures/C52/C52_000166.gjf"
"978","C52_000167","167","52","train","2026","data/structures/C52/C52_000167.gjf"
"979","C52_000168","168","52","train","2026","data/structures/C52/C52_000168.gjf"
"980","C52_000169","169","52","train","2026","data/structures/C52/C52_000169.gjf"
"981","C52_000170","170","52","train","2026","data/structures/C52/C52_000170.gjf"
"982","C52_000171","171","52","train","2026","data/structures/C52/C52_000171.gjf"
"983","C52_000172","172","52","train","2026","data/structures/C52/C52_000172.gjf"
"984","C52_000173","173","52","train","2026","data/structures/C52/C52_000173.gjf"
"985","C52_000174","174","52","train","2026","data/structures/C52/C52_000174.gjf"
"986","C52_000175","175","52","train","2026","data/structures/C52/C52_000175.gjf"
"987","C52_000176","176","52","val","2026","data/structures/C52/C52_000176.gjf"
"988","C52_000177","177","52","train","2026","data/structures/C52/C52_000177.gjf"
"989","C52_000178","178","52","train","2026","data/structures/C52/C52_000178.gjf"
"990","C52_000179","179","52","test","2026","data/structures/C52/C52_000179.gjf"
"991","C52_000180","180","52","train","2026","data/structures/C52/C52_000180.gjf"
"992","C52_000181","181","52","train","2026","data/structures/C52/C52_000181.gjf"
"993","C52_000182","182","52","train","2026","data/structures/C52/C52_000182.gjf"
"994","C52_000183","183","52","train","2026","data/structures/C52/C52_000183.gjf"
"995","C52_000184","184","52","train","2026","data/structures/C52/C52_000184.gjf"
"996","C52_000185","185","52","train","2026","data/structures/C52/C52_000185.gjf"
"997","C52_000186","186","52","val","2026","data/structures/C52/C52_000186.gjf"
"998","C52_000187","187","52","train","2026","data/structures/C52/C52_000187.gjf"
"999","C52_000188","188","52","val","2026","data/structures/C52/C52_000188.gjf"
"1000","C52_000189","189","52","train","2026","data/structures/C52/C52_000189.gjf"
"1001","C52_000190","190","52","train","2026","data/structures/C52/C52_000190.gjf"
"1002","C52_000191","191","52","train","2026","data/structures/C52/C52_000191.gjf"
"1003","C52_000192","192","52","val","2026","data/structures/C52/C52_000192.gjf"
"1004","C52_000193","193","52","test","2026","data/structures/C52/C52_000193.gjf"
"1005","C52_000194","194","52","train","2026","data/structures/C52/C52_000194.gjf"
"1006","C52_000195","195","52","val","2026","data/structures/C52/C52_000195.gjf"
"1007","C52_000196","196","52","train","2026","data/structures/C52/C52_000196.gjf"
"1008","C52_000197","197","52","train","2026","data/structures/C52/C52_000197.gjf"
"1009","C52_000198","198","52","train","2026","data/structures/C52/C52_000198.gjf"
"1010","C52_000199","199","52","train","2026","data/structures/C52/C52_000199.gjf"
"1011","C52_000200","200","52","val","2026","data/structures/C52/C52_000200.gjf"
"1012","C52_000201","201","52","train","2026","data/structures/C52/C52_000201.gjf"
"1013","C52_000202","202","52","train","2026","data/structures/C52/C52_000202.gjf"
"1014","C52_000203","203","52","train","2026","data/structures/C52/C52_000203.gjf"
"1015","C52_000204","204","52","train","2026","data/structures/C52/C52_000204.gjf"
"1016","C52_000205","205","52","train","2026","data/structures/C52/C52_000205.gjf"
"1017","C52_000206","206","52","train","2026","data/structures/C52/C52_000206.gjf"
"1018","C52_000207","207","52","train","2026","data/structures/C52/C52_000207.gjf"
"1019","C52_000208","208","52","test","2026","data/structures/C52/C52_000208.gjf"
"1020","C52_000209","209","52","train","2026","data/structures/C52/C52_000209.gjf"
"1021","C52_000210","210","52","train","2026","data/structures/C52/C52_000210.gjf"
"1022","C52_000211","211","52","test","2026","data/structures/C52/C52_000211.gjf"
"1023","C52_000212","212","52","train","2026","data/structures/C52/C52_000212.gjf"
"1024","C52_000213","213","52","train","2026","data/structures/C52/C52_000213.gjf"
"1025","C52_000214","214","52","train","2026","data/structures/C52/C52_000214.gjf"
"1026","C52_000215","215","52","train","2026","data/structures/C52/C52_000215.gjf"
"1027","C52_000216","216","52","train","2026","data/structures/C52/C52_000216.gjf"
"1028","C52_000217","217","52","val","2026","data/structures/C52/C52_000217.gjf"
"1029","C52_000218","218","52","val","2026","data/structures/C52/C52_000218.gjf"
"1030","C52_000219","219","52","train","2026","data/structures/C52/C52_000219.gjf"
"1031","C52_000220","220","52","train","2026","data/structures/C52/C52_000220.gjf"
"1032","C52_000221","221","52","train","2026","data/structures/C52/C52_000221.gjf"
"1033","C52_000222","222","52","train","2026","data/structures/C52/C52_000222.gjf"
"1034","C52_000223","223","52","train","2026","data/structures/C52/C52_000223.gjf"
"1035","C52_000224","224","52","train","2026","data/structures/C52/C52_000224.gjf"
"1036","C52_000225","225","52","val","2026","data/structures/C52/C52_000225.gjf"
"1037","C52_000226","226","52","train","2026","data/structures/C52/C52_000226.gjf"
"1038","C52_000227","227","52","val","2026","data/structures/C52/C52_000227.gjf"
"1039","C52_000228","228","52","train","2026","data/structures/C52/C52_000228.gjf"
"1040","C52_000229","229","52","train","2026","data/structures/C52/C52_000229.gjf"
"1041","C52_000230","230","52","train","2026","data/structures/C52/C52_000230.gjf"
"1042","C52_000231","231","52","train","2026","data/structures/C52/C52_000231.gjf"
"1043","C52_000232","232","52","test","2026","data/structures/C52/C52_000232.gjf"
"1044","C52_000233","233","52","train","2026","data/structures/C52/C52_000233.gjf"
"1045","C52_000234","234","52","train","2026","data/structures/C52/C52_000234.gjf"
"1046","C52_000235","235","52","val","2026","data/structures/C52/C52_000235.gjf"
"1047","C52_000236","236","52","val","2026","data/structures/C52/C52_000236.gjf"
"1048","C52_000237","237","52","train","2026","data/structures/C52/C52_000237.gjf"
"1049","C52_000238","238","52","train","2026","data/structures/C52/C52_000238.gjf"
"1050","C52_000239","239","52","train","2026","data/structures/C52/C52_000239.gjf"
"1051","C52_000240","240","52","test","2026","data/structures/C52/C52_000240.gjf"
"1052","C52_000241","241","52","train","2026","data/structures/C52/C52_000241.gjf"
"1053","C52_000242","242","52","train","2026","data/structures/C52/C52_000242.gjf"
"1054","C52_000243","243","52","train","2026","data/structures/C52/C52_000243.gjf"
"1055","C52_000244","244","52","train","2026","data/structures/C52/C52_000244.gjf"
"1056","C52_000245","245","52","val","2026","data/structures/C52/C52_000245.gjf"
"1057","C52_000246","246","52","train","2026","data/structures/C52/C52_000246.gjf"
"1058","C52_000247","247","52","test","2026","data/structures/C52/C52_000247.gjf"
"1059","C52_000248","248","52","train","2026","data/structures/C52/C52_000248.gjf"
"1060","C52_000249","249","52","val","2026","data/structures/C52/C52_000249.gjf"
"1061","C52_000250","250","52","val","2026","data/structures/C52/C52_000250.gjf"
"1062","C52_000251","251","52","train","2026","data/structures/C52/C52_000251.gjf"
"1063","C52_000252","252","52","train","2026","data/structures/C52/C52_000252.gjf"
"1064","C52_000253","253","52","train","2026","data/structures/C52/C52_000253.gjf"
"1065","C52_000254","254","52","val","2026","data/structures/C52/C52_000254.gjf"
"1066","C52_000255","255","52","val","2026","data/structures/C52/C52_000255.gjf"
"1067","C52_000256","256","52","train","2026","data/structures/C52/C52_000256.gjf"
"1068","C52_000257","257","52","train","2026","data/structures/C52/C52_000257.gjf"
"1069","C52_000258","258","52","test","2026","data/structures/C52/C52_000258.gjf"
"1070","C52_000259","259","52","train","2026","data/structures/C52/C52_000259.gjf"
"1071","C52_000260","260","52","train","2026","data/structures/C52/C52_000260.gjf"
"1072","C52_000261","261","52","train","2026","data/structures/C52/C52_000261.gjf"
"1073","C52_000262","262","52","train","2026","data/structures/C52/C52_000262.gjf"
"1074","C52_000263","263","52","train","2026","data/structures/C52/C52_000263.gjf"
"1075","C52_000264","264","52","train","2026","data/structures/C52/C52_000264.gjf"
"1076","C52_000265","265","52","val","2026","data/structures/C52/C52_000265.gjf"
"1077","C52_000266","266","52","train","2026","data/structures/C52/C52_000266.gjf"
"1078","C52_000267","267","52","test","2026","data/structures/C52/C52_000267.gjf"
"1079","C52_000268","268","52","train","2026","data/structures/C52/C52_000268.gjf"
"1080","C52_000269","269","52","train","2026","data/structures/C52/C52_000269.gjf"
"1081","C52_000270","270","52","train","2026","data/structures/C52/C52_000270.gjf"
"1082","C52_000271","271","52","test","2026","data/structures/C52/C52_000271.gjf"
"1083","C52_000272","272","52","train","2026","data/structures/C52/C52_000272.gjf"
"1084","C52_000273","273","52","train","2026","data/structures/C52/C52_000273.gjf"
"1085","C52_000274","274","52","val","2026","data/structures/C52/C52_000274.gjf"
"1086","C52_000275","275","52","train","2026","data/structures/C52/C52_000275.gjf"
"1087","C52_000276","276","52","test","2026","data/structures/C52/C52_000276.gjf"
"1088","C52_000277","277","52","train","2026","data/structures/C52/C52_000277.gjf"
"1089","C52_000278","278","52","train","2026","data/structures/C52/C52_000278.gjf"
"1090","C52_000279","279","52","train","2026","data/structures/C52/C52_000279.gjf"
"1091","C52_000280","280","52","train","2026","data/structures/C52/C52_000280.gjf"
"1092","C52_000281","281","52","train","2026","data/structures/C52/C52_000281.gjf"
"1093","C52_000282","282","52","train","2026","data/structures/C52/C52_000282.gjf"
"1094","C52_000283","283","52","train","2026","data/structures/C52/C52_000283.gjf"
"1095","C52_000284","284","52","train","2026","data/structures/C52/C52_000284.gjf"
"1096","C52_000285","285","52","train","2026","data/structures/C52/C52_000285.gjf"
"1097","C52_000286","286","52","train","2026","data/structures/C52/C52_000286.gjf"
"1098","C52_000287","287","52","val","2026","data/structures/C52/C52_000287.gjf"
"1099","C52_000288","288","52","train","2026","data/structures/C52/C52_000288.gjf"
"1100","C52_000289","289","52","val","2026","data/structures/C52/C52_000289.gjf"
"1101","C52_000290","290","52","train","2026","data/structures/C52/C52_000290.gjf"
"1102","C52_000291","291","52","train","2026","data/structures/C52/C52_000291.gjf"
"1103","C52_000292","292","52","test","2026","data/structures/C52/C52_000292.gjf"
"1104","C52_000293","293","52","train","2026","data/structures/C52/C52_000293.gjf"
"1105","C52_000294","294","52","train","2026","data/structures/C52/C52_000294.gjf"
"1106","C52_000295","295","52","train","2026","data/structures/C52/C52_000295.gjf"
"1107","C52_000296","296","52","train","2026","data/structures/C52/C52_000296.gjf"
"1108","C52_000297","297","52","train","2026","data/structures/C52/C52_000297.gjf"
"1109","C52_000298","298","52","train","2026","data/structures/C52/C52_000298.gjf"
"1110","C52_000299","299","52","train","2026","data/structures/C52/C52_000299.gjf"
"1111","C52_000300","300","52","train","2026","data/structures/C52/C52_000300.gjf"
"1112","C52_000301","301","52","train","2026","data/structures/C52/C52_000301.gjf"
"1113","C52_000302","302","52","train","2026","data/structures/C52/C52_000302.gjf"
"1114","C52_000303","303","52","train","2026","data/structures/C52/C52_000303.gjf"
"1115","C52_000304","304","52","train","2026","data/structures/C52/C52_000304.gjf"
"1116","C52_000305","305","52","train","2026","data/structures/C52/C52_000305.gjf"
"1117","C52_000306","306","52","test","2026","data/structures/C52/C52_000306.gjf"
"1118","C52_000307","307","52","train","2026","data/structures/C52/C52_000307.gjf"
"1119","C52_000308","308","52","test","2026","data/structures/C52/C52_000308.gjf"
"1120","C52_000309","309","52","train","2026","data/structures/C52/C52_000309.gjf"
"1121","C52_000310","310","52","val","2026","data/structures/C52/C52_000310.gjf"
"1122","C52_000311","311","52","test","2026","data/structures/C52/C52_000311.gjf"
"1123","C52_000312","312","52","train","2026","data/structures/C52/C52_000312.gjf"
"1124","C52_000313","313","52","train","2026","data/structures/C52/C52_000313.gjf"
"1125","C52_000314","314","52","train","2026","data/structures/C52/C52_000314.gjf"
"1126","C52_000315","315","52","train","2026","data/structures/C52/C52_000315.gjf"
"1127","C52_000316","316","52","train","2026","data/structures/C52/C52_000316.gjf"
"1128","C52_000317","317","52","train","2026","data/structures/C52/C52_000317.gjf"
"1129","C52_000318","318","52","train","2026","data/structures/C52/C52_000318.gjf"
"1130","C52_000319","319","52","train","2026","data/structures/C52/C52_000319.gjf"
"1131","C52_000320","320","52","train","2026","data/structures/C52/C52_000320.gjf"
"1132","C52_000321","321","52","train","2026","data/structures/C52/C52_000321.gjf"
"1133","C52_000322","322","52","train","2026","data/structures/C52/C52_000322.gjf"
"1134","C52_000323","323","52","train","2026","data/structures/C52/C52_000323.gjf"
"1135","C52_000324","324","52","train","2026","data/structures/C52/C52_000324.gjf"
"1136","C52_000325","325","52","test","2026","data/structures/C52/C52_000325.gjf"
"1137","C52_000326","326","52","train","2026","data/structures/C52/C52_000326.gjf"
"1138","C52_000327","327","52","train","2026","data/structures/C52/C52_000327.gjf"
"1139","C52_000328","328","52","train","2026","data/structures/C52/C52_000328.gjf"
"1140","C52_000329","329","52","val","2026","data/structures/C52/C52_000329.gjf"
"1141","C52_000330","330","52","train","2026","data/structures/C52/C52_000330.gjf"
"1142","C52_000331","331","52","val","2026","data/structures/C52/C52_000331.gjf"
"1143","C52_000332","332","52","val","2026","data/structures/C52/C52_000332.gjf"
"1144","C52_000333","333","52","train","2026","data/structures/C52/C52_000333.gjf"
"1145","C52_000334","334","52","train","2026","data/structures/C52/C52_000334.gjf"
"1146","C52_000335","335","52","val","2026","data/structures/C52/C52_000335.gjf"
"1147","C52_000336","336","52","train","2026","data/structures/C52/C52_000336.gjf"
"1148","C52_000337","337","52","train","2026","data/structures/C52/C52_000337.gjf"
"1149","C52_000338","338","52","train","2026","data/structures/C52/C52_000338.gjf"
"1150","C52_000339","339","52","val","2026","data/structures/C52/C52_000339.gjf"
"1151","C52_000340","340","52","train","2026","data/structures/C52/C52_000340.gjf"
"1152","C52_000341","341","52","train","2026","data/structures/C52/C52_000341.gjf"
"1153","C52_000342","342","52","train","2026","data/structures/C52/C52_000342.gjf"
"1154","C52_000343","343","52","train","2026","data/structures/C52/C52_000343.gjf"
"1155","C52_000344","344","52","train","2026","data/structures/C52/C52_000344.gjf"
"1156","C52_000345","345","52","train","2026","data/structures/C52/C52_000345.gjf"
"1157","C52_000346","346","52","train","2026","data/structures/C52/C52_000346.gjf"
"1158","C52_000347","347","52","train","2026","data/structures/C52/C52_000347.gjf"
"1159","C52_000348","348","52","test","2026","data/structures/C52/C52_000348.gjf"
"1160","C52_000349","349","52","train","2026","data/structures/C52/C52_000349.gjf"
"1161","C52_000350","350","52","train","2026","data/structures/C52/C52_000350.gjf"
"1162","C52_000351","351","52","train","2026","data/structures/C52/C52_000351.gjf"
"1163","C52_000352","352","52","train","2026","data/structures/C52/C52_000352.gjf"
"1164","C52_000353","353","52","test","2026","data/structures/C52/C52_000353.gjf"
"1165","C52_000354","354","52","train","2026","data/structures/C52/C52_000354.gjf"
"1166","C52_000355","355","52","train","2026","data/structures/C52/C52_000355.gjf"
"1167","C52_000356","356","52","train","2026","data/structures/C52/C52_000356.gjf"
"1168","C52_000357","357","52","val","2026","data/structures/C52/C52_000357.gjf"
"1169","C52_000358","358","52","train","2026","data/structures/C52/C52_000358.gjf"
"1170","C52_000359","359","52","train","2026","data/structures/C52/C52_000359.gjf"
"1171","C52_000360","360","52","train","2026","data/structures/C52/C52_000360.gjf"
"1172","C52_000361","361","52","train","2026","data/structures/C52/C52_000361.gjf"
"1173","C52_000362","362","52","train","2026","data/structures/C52/C52_000362.gjf"
"1174","C52_000363","363","52","train","2026","data/structures/C52/C52_000363.gjf"
"1175","C52_000364","364","52","val","2026","data/structures/C52/C52_000364.gjf"
"1176","C52_000365","365","52","train","2026","data/structures/C52/C52_000365.gjf"
"1177","C52_000366","366","52","train","2026","data/structures/C52/C52_000366.gjf"
"1178","C52_000367","367","52","train","2026","data/structures/C52/C52_000367.gjf"
"1179","C52_000368","368","52","train","2026","data/structures/C52/C52_000368.gjf"
"1180","C52_000369","369","52","train","2026","data/structures/C52/C52_000369.gjf"
"1181","C52_000370","370","52","train","2026","data/structures/C52/C52_000370.gjf"
"1182","C52_000371","371","52","train","2026","data/structures/C52/C52_000371.gjf"
"1183","C52_000372","372","52","train","2026","data/structures/C52/C52_000372.gjf"
"1184","C52_000373","373","52","train","2026","data/structures/C52/C52_000373.gjf"
"1185","C52_000374","374","52","test","2026","data/structures/C52/C52_000374.gjf"
"1186","C52_000375","375","52","train","2026","data/structures/C52/C52_000375.gjf"
"1187","C52_000376","376","52","train","2026","data/structures/C52/C52_000376.gjf"
"1188","C52_000377","377","52","train","2026","data/structures/C52/C52_000377.gjf"
"1189","C52_000378","378","52","train","2026","data/structures/C52/C52_000378.gjf"
"1190","C52_000379","379","52","train","2026","data/structures/C52/C52_000379.gjf"
"1191","C52_000380","380","52","train","2026","data/structures/C52/C52_000380.gjf"
"1192","C52_000381","381","52","train","2026","data/structures/C52/C52_000381.gjf"
"1193","C52_000382","382","52","test","2026","data/structures/C52/C52_000382.gjf"
"1194","C52_000383","383","52","train","2026","data/structures/C52/C52_000383.gjf"
"1195","C52_000384","384","52","train","2026","data/structures/C52/C52_000384.gjf"
"1196","C52_000385","385","52","train","2026","data/structures/C52/C52_000385.gjf"
"1197","C52_000386","386","52","train","2026","data/structures/C52/C52_000386.gjf"
"1198","C52_000387","387","52","val","2026","data/structures/C52/C52_000387.gjf"
"1199","C52_000388","388","52","val","2026","data/structures/C52/C52_000388.gjf"
"1200","C52_000389","389","52","train","2026","data/structures/C52/C52_000389.gjf"
"1201","C52_000390","390","52","train","2026","data/structures/C52/C52_000390.gjf"
"1202","C52_000391","391","52","train","2026","data/structures/C52/C52_000391.gjf"
"1203","C52_000392","392","52","train","2026","data/structures/C52/C52_000392.gjf"
"1204","C52_000393","393","52","test","2026","data/structures/C52/C52_000393.gjf"
"1205","C52_000394","394","52","train","2026","data/structures/C52/C52_000394.gjf"
"1206","C52_000395","395","52","train","2026","data/structures/C52/C52_000395.gjf"
"1207","C52_000396","396","52","train","2026","data/structures/C52/C52_000396.gjf"
"1208","C52_000397","397","52","train","2026","data/structures/C52/C52_000397.gjf"
"1209","C52_000398","398","52","train","2026","data/structures/C52/C52_000398.gjf"
"1210","C52_000399","399","52","train","2026","data/structures/C52/C52_000399.gjf"
"1211","C52_000400","400","52","train","2026","data/structures/C52/C52_000400.gjf"
"1212","C52_000401","401","52","train","2026","data/structures/C52/C52_000401.gjf"
"1213","C52_000402","402","52","train","2026","data/structures/C52/C52_000402.gjf"
"1214","C52_000403","403","52","train","2026","data/structures/C52/C52_000403.gjf"
"1215","C52_000404","404","52","train","2026","data/structures/C52/C52_000404.gjf"
"1216","C52_000405","405","52","train","2026","data/structures/C52/C52_000405.gjf"
"1217","C52_000406","406","52","train","2026","data/structures/C52/C52_000406.gjf"
"1218","C52_000407","407","52","val","2026","data/structures/C52/C52_000407.gjf"
"1219","C52_000408","408","52","train","2026","data/structures/C52/C52_000408.gjf"
"1220","C52_000409","409","52","train","2026","data/structures/C52/C52_000409.gjf"
"1221","C52_000410","410","52","train","2026","data/structures/C52/C52_000410.gjf"
"1222","C52_000411","411","52","train","2026","data/structures/C52/C52_000411.gjf"
"1223","C52_000412","412","52","train","2026","data/structures/C52/C52_000412.gjf"
"1224","C52_000413","413","52","train","2026","data/structures/C52/C52_000413.gjf"
"1225","C52_000414","414","52","train","2026","data/structures/C52/C52_000414.gjf"
"1226","C52_000415","415","52","train","2026","data/structures/C52/C52_000415.gjf"
"1227","C52_000416","416","52","train","2026","data/structures/C52/C52_000416.gjf"
"1228","C52_000417","417","52","val","2026","data/structures/C52/C52_000417.gjf"
"1229","C52_000418","418","52","train","2026","data/structures/C52/C52_000418.gjf"
"1230","C52_000419","419","52","train","2026","data/structures/C52/C52_000419.gjf"
"1231","C52_000420","420","52","train","2026","data/structures/C52/C52_000420.gjf"
"1232","C52_000421","421","52","train","2026","data/structures/C52/C52_000421.gjf"
"1233","C52_000422","422","52","train","2026","data/structures/C52/C52_000422.gjf"
"1234","C52_000423","423","52","test","2026","data/structures/C52/C52_000423.gjf"
"1235","C52_000424","424","52","train","2026","data/structures/C52/C52_000424.gjf"
"1236","C52_000425","425","52","train","2026","data/structures/C52/C52_000425.gjf"
"1237","C52_000426","426","52","train","2026","data/structures/C52/C52_000426.gjf"
"1238","C52_000427","427","52","train","2026","data/structures/C52/C52_000427.gjf"
"1239","C52_000428","428","52","test","2026","data/structures/C52/C52_000428.gjf"
"1240","C52_000429","429","52","val","2026","data/structures/C52/C52_000429.gjf"
"1241","C52_000430","430","52","val","2026","data/structures/C52/C52_000430.gjf"
"1242","C52_000431","431","52","train","2026","data/structures/C52/C52_000431.gjf"
"1243","C52_000432","432","52","test","2026","data/structures/C52/C52_000432.gjf"
"1244","C52_000433","433","52","train","2026","data/structures/C52/C52_000433.gjf"
"1245","C52_000434","434","52","train","2026","data/structures/C52/C52_000434.gjf"
"1246","C52_000435","435","52","train","2026","data/structures/C52/C52_000435.gjf"
"1247","C52_000436","436","52","train","2026","data/structures/C52/C52_000436.gjf"
"1248","C52_000437","437","52","test","2026","data/structures/C52/C52_000437.gjf"
"1249","C54_000001","1","54","test","2026","data/structures/C54/C54_000001.gjf"
"1250","C54_000002","2","54","train","2026","data/structures/C54/C54_000002.gjf"
"1251","C54_000003","3","54","train","2026","data/structures/C54/C54_000003.gjf"
"1252","C54_000004","4","54","train","2026","data/structures/C54/C54_000004.gjf"
"1253","C54_000005","5","54","test","2026","data/structures/C54/C54_000005.gjf"
"1254","C54_000006","6","54","train","2026","data/structures/C54/C54_000006.gjf"
"1255","C54_000007","7","54","train","2026","data/structures/C54/C54_000007.gjf"
"1256","C54_000008","8","54","train","2026","data/structures/C54/C54_000008.gjf"
"1257","C54_000009","9","54","train","2026","data/structures/C54/C54_000009.gjf"
"1258","C54_000010","10","54","train","2026","data/structures/C54/C54_000010.gjf"
"1259","C54_000011","11","54","train","2026","data/structures/C54/C54_000011.gjf"
"1260","C54_000012","12","54","train","2026","data/structures/C54/C54_000012.gjf"
"1261","C54_000013","13","54","val","2026","data/structures/C54/C54_000013.gjf"
"1262","C54_000014","14","54","test","2026","data/structures/C54/C54_000014.gjf"
"1263","C54_000015","15","54","train","2026","data/structures/C54/C54_000015.gjf"
"1264","C54_000016","16","54","train","2026","data/structures/C54/C54_000016.gjf"
"1265","C54_000017","17","54","train","2026","data/structures/C54/C54_000017.gjf"
"1266","C54_000018","18","54","val","2026","data/structures/C54/C54_000018.gjf"
"1267","C54_000019","19","54","train","2026","data/structures/C54/C54_000019.gjf"
"1268","C54_000020","20","54","train","2026","data/structures/C54/C54_000020.gjf"
"1269","C54_000021","21","54","test","2026","data/structures/C54/C54_000021.gjf"
"1270","C54_000022","22","54","train","2026","data/structures/C54/C54_000022.gjf"
"1271","C54_000023","23","54","train","2026","data/structures/C54/C54_000023.gjf"
"1272","C54_000024","24","54","train","2026","data/structures/C54/C54_000024.gjf"
"1273","C54_000025","25","54","test","2026","data/structures/C54/C54_000025.gjf"
"1274","C54_000026","26","54","train","2026","data/structures/C54/C54_000026.gjf"
"1275","C54_000027","27","54","train","2026","data/structures/C54/C54_000027.gjf"
"1276","C54_000028","28","54","train","2026","data/structures/C54/C54_000028.gjf"
"1277","C54_000029","29","54","train","2026","data/structures/C54/C54_000029.gjf"
"1278","C54_000030","30","54","test","2026","data/structures/C54/C54_000030.gjf"
"1279","C54_000031","31","54","test","2026","data/structures/C54/C54_000031.gjf"
"1280","C54_000032","32","54","val","2026","data/structures/C54/C54_000032.gjf"
"1281","C54_000033","33","54","train","2026","data/structures/C54/C54_000033.gjf"
"1282","C54_000034","34","54","train","2026","data/structures/C54/C54_000034.gjf"
"1283","C54_000035","35","54","train","2026","data/structures/C54/C54_000035.gjf"
"1284","C54_000036","36","54","val","2026","data/structures/C54/C54_000036.gjf"
"1285","C54_000037","37","54","train","2026","data/structures/C54/C54_000037.gjf"
"1286","C54_000038","38","54","train","2026","data/structures/C54/C54_000038.gjf"
"1287","C54_000039","39","54","train","2026","data/structures/C54/C54_000039.gjf"
"1288","C54_000040","40","54","test","2026","data/structures/C54/C54_000040.gjf"
"1289","C54_000041","41","54","train","2026","data/structures/C54/C54_000041.gjf"
"1290","C54_000042","42","54","test","2026","data/structures/C54/C54_000042.gjf"
"1291","C54_000044","44","54","train","2026","data/structures/C54/C54_000044.gjf"
"1292","C54_000045","45","54","train","2026","data/structures/C54/C54_000045.gjf"
"1293","C54_000046","46","54","test","2026","data/structures/C54/C54_000046.gjf"
"1294","C54_000047","47","54","val","2026","data/structures/C54/C54_000047.gjf"
"1295","C54_000048","48","54","train","2026","data/structures/C54/C54_000048.gjf"
"1296","C54_000049","49","54","train","2026","data/structures/C54/C54_000049.gjf"
"1297","C54_000050","50","54","train","2026","data/structures/C54/C54_000050.gjf"
"1298","C54_000051","51","54","train","2026","data/structures/C54/C54_000051.gjf"
"1299","C54_000052","52","54","train","2026","data/structures/C54/C54_000052.gjf"
"1300","C54_000053","53","54","train","2026","data/structures/C54/C54_000053.gjf"
"1301","C54_000054","54","54","train","2026","data/structures/C54/C54_000054.gjf"
"1302","C54_000055","55","54","train","2026","data/structures/C54/C54_000055.gjf"
"1303","C54_000056","56","54","train","2026","data/structures/C54/C54_000056.gjf"
"1304","C54_000057","57","54","train","2026","data/structures/C54/C54_000057.gjf"
"1305","C54_000058","58","54","train","2026","data/structures/C54/C54_000058.gjf"
"1306","C54_000059","59","54","train","2026","data/structures/C54/C54_000059.gjf"
"1307","C54_000060","60","54","train","2026","data/structures/C54/C54_000060.gjf"
"1308","C54_000061","61","54","val","2026","data/structures/C54/C54_000061.gjf"
"1309","C54_000062","62","54","train","2026","data/structures/C54/C54_000062.gjf"
"1310","C54_000063","63","54","train","2026","data/structures/C54/C54_000063.gjf"
"1311","C54_000064","64","54","val","2026","data/structures/C54/C54_000064.gjf"
"1312","C54_000065","65","54","test","2026","data/structures/C54/C54_000065.gjf"
"1313","C54_000066","66","54","train","2026","data/structures/C54/C54_000066.gjf"
"1314","C54_000067","67","54","train","2026","data/structures/C54/C54_000067.gjf"
"1315","C54_000068","68","54","train","2026","data/structures/C54/C54_000068.gjf"
"1316","C54_000069","69","54","train","2026","data/structures/C54/C54_000069.gjf"
"1317","C54_000070","70","54","train","2026","data/structures/C54/C54_000070.gjf"
"1318","C54_000071","71","54","val","2026","data/structures/C54/C54_000071.gjf"
"1319","C54_000072","72","54","test","2026","data/structures/C54/C54_000072.gjf"
"1320","C54_000073","73","54","train","2026","data/structures/C54/C54_000073.gjf"
"1321","C54_000074","74","54","train","2026","data/structures/C54/C54_000074.gjf"
"1322","C54_000075","75","54","train","2026","data/structures/C54/C54_000075.gjf"
"1323","C54_000076","76","54","val","2026","data/structures/C54/C54_000076.gjf"
"1324","C54_000077","77","54","train","2026","data/structures/C54/C54_000077.gjf"
"1325","C54_000078","78","54","train","2026","data/structures/C54/C54_000078.gjf"
"1326","C54_000079","79","54","train","2026","data/structures/C54/C54_000079.gjf"
"1327","C54_000080","80","54","train","2026","data/structures/C54/C54_000080.gjf"
"1328","C54_000081","81","54","train","2026","data/structures/C54/C54_000081.gjf"
"1329","C54_000082","82","54","train","2026","data/structures/C54/C54_000082.gjf"
"1330","C54_000083","83","54","train","2026","data/structures/C54/C54_000083.gjf"
"1331","C54_000084","84","54","train","2026","data/structures/C54/C54_000084.gjf"
"1332","C54_000085","85","54","train","2026","data/structures/C54/C54_000085.gjf"
"1333","C54_000086","86","54","val","2026","data/structures/C54/C54_000086.gjf"
"1334","C54_000087","87","54","val","2026","data/structures/C54/C54_000087.gjf"
"1335","C54_000088","88","54","test","2026","data/structures/C54/C54_000088.gjf"
"1336","C54_000089","89","54","train","2026","data/structures/C54/C54_000089.gjf"
"1337","C54_000090","90","54","train","2026","data/structures/C54/C54_000090.gjf"
"1338","C54_000091","91","54","val","2026","data/structures/C54/C54_000091.gjf"
"1339","C54_000092","92","54","train","2026","data/structures/C54/C54_000092.gjf"
"1340","C54_000093","93","54","train","2026","data/structures/C54/C54_000093.gjf"
"1341","C54_000094","94","54","train","2026","data/structures/C54/C54_000094.gjf"
"1342","C54_000095","95","54","train","2026","data/structures/C54/C54_000095.gjf"
"1343","C54_000096","96","54","train","2026","data/structures/C54/C54_000096.gjf"
"1344","C54_000097","97","54","train","2026","data/structures/C54/C54_000097.gjf"
"1345","C54_000098","98","54","train","2026","data/structures/C54/C54_000098.gjf"
"1346","C54_000099","99","54","train","2026","data/structures/C54/C54_000099.gjf"
"1347","C54_000100","100","54","val","2026","data/structures/C54/C54_000100.gjf"
"1348","C54_000101","101","54","train","2026","data/structures/C54/C54_000101.gjf"
"1349","C54_000102","102","54","train","2026","data/structures/C54/C54_000102.gjf"
"1350","C54_000103","103","54","train","2026","data/structures/C54/C54_000103.gjf"
"1351","C54_000104","104","54","val","2026","data/structures/C54/C54_000104.gjf"
"1352","C54_000105","105","54","test","2026","data/structures/C54/C54_000105.gjf"
"1353","C54_000106","106","54","train","2026","data/structures/C54/C54_000106.gjf"
"1354","C54_000107","107","54","train","2026","data/structures/C54/C54_000107.gjf"
"1355","C54_000108","108","54","train","2026","data/structures/C54/C54_000108.gjf"
"1356","C54_000109","109","54","train","2026","data/structures/C54/C54_000109.gjf"
"1357","C54_000110","110","54","train","2026","data/structures/C54/C54_000110.gjf"
"1358","C54_000111","111","54","val","2026","data/structures/C54/C54_000111.gjf"
"1359","C54_000112","112","54","train","2026","data/structures/C54/C54_000112.gjf"
"1360","C54_000113","113","54","train","2026","data/structures/C54/C54_000113.gjf"
"1361","C54_000114","114","54","train","2026","data/structures/C54/C54_000114.gjf"
"1362","C54_000115","115","54","train","2026","data/structures/C54/C54_000115.gjf"
"1363","C54_000116","116","54","test","2026","data/structures/C54/C54_000116.gjf"
"1364","C54_000117","117","54","val","2026","data/structures/C54/C54_000117.gjf"
"1365","C54_000118","118","54","train","2026","data/structures/C54/C54_000118.gjf"
"1366","C54_000119","119","54","train","2026","data/structures/C54/C54_000119.gjf"
"1367","C54_000120","120","54","test","2026","data/structures/C54/C54_000120.gjf"
"1368","C54_000121","121","54","test","2026","data/structures/C54/C54_000121.gjf"
"1369","C54_000122","122","54","train","2026","data/structures/C54/C54_000122.gjf"
"1370","C54_000123","123","54","train","2026","data/structures/C54/C54_000123.gjf"
"1371","C54_000124","124","54","train","2026","data/structures/C54/C54_000124.gjf"
"1372","C54_000125","125","54","train","2026","data/structures/C54/C54_000125.gjf"
"1373","C54_000126","126","54","train","2026","data/structures/C54/C54_000126.gjf"
"1374","C54_000127","127","54","val","2026","data/structures/C54/C54_000127.gjf"
"1375","C54_000128","128","54","train","2026","data/structures/C54/C54_000128.gjf"
"1376","C54_000129","129","54","train","2026","data/structures/C54/C54_000129.gjf"
"1377","C54_000130","130","54","train","2026","data/structures/C54/C54_000130.gjf"
"1378","C54_000131","131","54","train","2026","data/structures/C54/C54_000131.gjf"
"1379","C54_000132","132","54","train","2026","data/structures/C54/C54_000132.gjf"
"1380","C54_000133","133","54","train","2026","data/structures/C54/C54_000133.gjf"
"1381","C54_000134","134","54","test","2026","data/structures/C54/C54_000134.gjf"
"1382","C54_000135","135","54","train","2026","data/structures/C54/C54_000135.gjf"
"1383","C54_000136","136","54","train","2026","data/structures/C54/C54_000136.gjf"
"1384","C54_000137","137","54","train","2026","data/structures/C54/C54_000137.gjf"
"1385","C54_000138","138","54","train","2026","data/structures/C54/C54_000138.gjf"
"1386","C54_000139","139","54","train","2026","data/structures/C54/C54_000139.gjf"
"1387","C54_000140","140","54","train","2026","data/structures/C54/C54_000140.gjf"
"1388","C54_000141","141","54","train","2026","data/structures/C54/C54_000141.gjf"
"1389","C54_000142","142","54","train","2026","data/structures/C54/C54_000142.gjf"
"1390","C54_000143","143","54","train","2026","data/structures/C54/C54_000143.gjf"
"1391","C54_000144","144","54","val","2026","data/structures/C54/C54_000144.gjf"
"1392","C54_000145","145","54","train","2026","data/structures/C54/C54_000145.gjf"
"1393","C54_000146","146","54","train","2026","data/structures/C54/C54_000146.gjf"
"1394","C54_000147","147","54","train","2026","data/structures/C54/C54_000147.gjf"
"1395","C54_000148","148","54","train","2026","data/structures/C54/C54_000148.gjf"
"1396","C54_000149","149","54","train","2026","data/structures/C54/C54_000149.gjf"
"1397","C54_000150","150","54","test","2026","data/structures/C54/C54_000150.gjf"
"1398","C54_000151","151","54","train","2026","data/structures/C54/C54_000151.gjf"
"1399","C54_000152","152","54","train","2026","data/structures/C54/C54_000152.gjf"
"1400","C54_000153","153","54","train","2026","data/structures/C54/C54_000153.gjf"
"1401","C54_000154","154","54","test","2026","data/structures/C54/C54_000154.gjf"
"1402","C54_000155","155","54","train","2026","data/structures/C54/C54_000155.gjf"
"1403","C54_000156","156","54","train","2026","data/structures/C54/C54_000156.gjf"
"1404","C54_000157","157","54","val","2026","data/structures/C54/C54_000157.gjf"
"1405","C54_000158","158","54","train","2026","data/structures/C54/C54_000158.gjf"
"1406","C54_000159","159","54","train","2026","data/structures/C54/C54_000159.gjf"
"1407","C54_000160","160","54","train","2026","data/structures/C54/C54_000160.gjf"
"1408","C54_000161","161","54","train","2026","data/structures/C54/C54_000161.gjf"
"1409","C54_000162","162","54","test","2026","data/structures/C54/C54_000162.gjf"
"1410","C54_000163","163","54","train","2026","data/structures/C54/C54_000163.gjf"
"1411","C54_000164","164","54","train","2026","data/structures/C54/C54_000164.gjf"
"1412","C54_000165","165","54","train","2026","data/structures/C54/C54_000165.gjf"
"1413","C54_000166","166","54","train","2026","data/structures/C54/C54_000166.gjf"
"1414","C54_000167","167","54","train","2026","data/structures/C54/C54_000167.gjf"
"1415","C54_000168","168","54","train","2026","data/structures/C54/C54_000168.gjf"
"1416","C54_000169","169","54","train","2026","data/structures/C54/C54_000169.gjf"
"1417","C54_000170","170","54","test","2026","data/structures/C54/C54_000170.gjf"
"1418","C54_000171","171","54","train","2026","data/structures/C54/C54_000171.gjf"
"1419","C54_000172","172","54","train","2026","data/structures/C54/C54_000172.gjf"
"1420","C54_000173","173","54","train","2026","data/structures/C54/C54_000173.gjf"
"1421","C54_000174","174","54","test","2026","data/structures/C54/C54_000174.gjf"
"1422","C54_000175","175","54","train","2026","data/structures/C54/C54_000175.gjf"
"1423","C54_000176","176","54","train","2026","data/structures/C54/C54_000176.gjf"
"1424","C54_000177","177","54","val","2026","data/structures/C54/C54_000177.gjf"
"1425","C54_000178","178","54","train","2026","data/structures/C54/C54_000178.gjf"
"1426","C54_000179","179","54","train","2026","data/structures/C54/C54_000179.gjf"
"1427","C54_000180","180","54","train","2026","data/structures/C54/C54_000180.gjf"
"1428","C54_000181","181","54","train","2026","data/structures/C54/C54_000181.gjf"
"1429","C54_000182","182","54","train","2026","data/structures/C54/C54_000182.gjf"
"1430","C54_000183","183","54","val","2026","data/structures/C54/C54_000183.gjf"
"1431","C54_000184","184","54","train","2026","data/structures/C54/C54_000184.gjf"
"1432","C54_000185","185","54","train","2026","data/structures/C54/C54_000185.gjf"
"1433","C54_000186","186","54","test","2026","data/structures/C54/C54_000186.gjf"
"1434","C54_000187","187","54","train","2026","data/structures/C54/C54_000187.gjf"
"1435","C54_000188","188","54","train","2026","data/structures/C54/C54_000188.gjf"
"1436","C54_000189","189","54","train","2026","data/structures/C54/C54_000189.gjf"
"1437","C54_000190","190","54","val","2026","data/structures/C54/C54_000190.gjf"
"1438","C54_000191","191","54","train","2026","data/structures/C54/C54_000191.gjf"
"1439","C54_000192","192","54","train","2026","data/structures/C54/C54_000192.gjf"
"1440","C54_000193","193","54","train","2026","data/structures/C54/C54_000193.gjf"
"1441","C54_000194","194","54","test","2026","data/structures/C54/C54_000194.gjf"
"1442","C54_000195","195","54","train","2026","data/structures/C54/C54_000195.gjf"
"1443","C54_000196","196","54","train","2026","data/structures/C54/C54_000196.gjf"
"1444","C54_000197","197","54","train","2026","data/structures/C54/C54_000197.gjf"
"1445","C54_000198","198","54","train","2026","data/structures/C54/C54_000198.gjf"
"1446","C54_000199","199","54","val","2026","data/structures/C54/C54_000199.gjf"
"1447","C54_000200","200","54","train","2026","data/structures/C54/C54_000200.gjf"
"1448","C54_000201","201","54","train","2026","data/structures/C54/C54_000201.gjf"
"1449","C54_000202","202","54","val","2026","data/structures/C54/C54_000202.gjf"
"1450","C54_000203","203","54","train","2026","data/structures/C54/C54_000203.gjf"
"1451","C54_000204","204","54","val","2026","data/structures/C54/C54_000204.gjf"
"1452","C54_000205","205","54","train","2026","data/structures/C54/C54_000205.gjf"
"1453","C54_000206","206","54","train","2026","data/structures/C54/C54_000206.gjf"
"1454","C54_000207","207","54","train","2026","data/structures/C54/C54_000207.gjf"
"1455","C54_000208","208","54","train","2026","data/structures/C54/C54_000208.gjf"
"1456","C54_000209","209","54","train","2026","data/structures/C54/C54_000209.gjf"
"1457","C54_000210","210","54","train","2026","data/structures/C54/C54_000210.gjf"
"1458","C54_000211","211","54","train","2026","data/structures/C54/C54_000211.gjf"
"1459","C54_000212","212","54","test","2026","data/structures/C54/C54_000212.gjf"
"1460","C54_000213","213","54","train","2026","data/structures/C54/C54_000213.gjf"
"1461","C54_000214","214","54","train","2026","data/structures/C54/C54_000214.gjf"
"1462","C54_000215","215","54","train","2026","data/structures/C54/C54_000215.gjf"
"1463","C54_000216","216","54","train","2026","data/structures/C54/C54_000216.gjf"
"1464","C54_000217","217","54","train","2026","data/structures/C54/C54_000217.gjf"
"1465","C54_000218","218","54","train","2026","data/structures/C54/C54_000218.gjf"
"1466","C54_000219","219","54","train","2026","data/structures/C54/C54_000219.gjf"
"1467","C54_000220","220","54","val","2026","data/structures/C54/C54_000220.gjf"
"1468","C54_000221","221","54","train","2026","data/structures/C54/C54_000221.gjf"
"1469","C54_000222","222","54","train","2026","data/structures/C54/C54_000222.gjf"
"1470","C54_000223","223","54","val","2026","data/structures/C54/C54_000223.gjf"
"1471","C54_000224","224","54","train","2026","data/structures/C54/C54_000224.gjf"
"1472","C54_000225","225","54","train","2026","data/structures/C54/C54_000225.gjf"
"1473","C54_000226","226","54","train","2026","data/structures/C54/C54_000226.gjf"
"1474","C54_000227","227","54","train","2026","data/structures/C54/C54_000227.gjf"
"1475","C54_000228","228","54","train","2026","data/structures/C54/C54_000228.gjf"
"1476","C54_000229","229","54","train","2026","data/structures/C54/C54_000229.gjf"
"1477","C54_000230","230","54","train","2026","data/structures/C54/C54_000230.gjf"
"1478","C54_000231","231","54","train","2026","data/structures/C54/C54_000231.gjf"
"1479","C54_000232","232","54","train","2026","data/structures/C54/C54_000232.gjf"
"1480","C54_000233","233","54","train","2026","data/structures/C54/C54_000233.gjf"
"1481","C54_000234","234","54","test","2026","data/structures/C54/C54_000234.gjf"
"1482","C54_000235","235","54","train","2026","data/structures/C54/C54_000235.gjf"
"1483","C54_000236","236","54","val","2026","data/structures/C54/C54_000236.gjf"
"1484","C54_000237","237","54","train","2026","data/structures/C54/C54_000237.gjf"
"1485","C54_000238","238","54","train","2026","data/structures/C54/C54_000238.gjf"
"1486","C54_000239","239","54","test","2026","data/structures/C54/C54_000239.gjf"
"1487","C54_000240","240","54","test","2026","data/structures/C54/C54_000240.gjf"
"1488","C54_000241","241","54","val","2026","data/structures/C54/C54_000241.gjf"
"1489","C54_000242","242","54","train","2026","data/structures/C54/C54_000242.gjf"
"1490","C54_000243","243","54","train","2026","data/structures/C54/C54_000243.gjf"
"1491","C54_000244","244","54","test","2026","data/structures/C54/C54_000244.gjf"
"1492","C54_000245","245","54","train","2026","data/structures/C54/C54_000245.gjf"
"1493","C54_000246","246","54","train","2026","data/structures/C54/C54_000246.gjf"
"1494","C54_000247","247","54","train","2026","data/structures/C54/C54_000247.gjf"
"1495","C54_000248","248","54","train","2026","data/structures/C54/C54_000248.gjf"
"1496","C54_000249","249","54","train","2026","data/structures/C54/C54_000249.gjf"
"1497","C54_000250","250","54","test","2026","data/structures/C54/C54_000250.gjf"
"1498","C54_000251","251","54","train","2026","data/structures/C54/C54_000251.gjf"
"1499","C54_000252","252","54","train","2026","data/structures/C54/C54_000252.gjf"
"1500","C54_000253","253","54","train","2026","data/structures/C54/C54_000253.gjf"
"1501","C54_000254","254","54","train","2026","data/structures/C54/C54_000254.gjf"
"1502","C54_000255","255","54","train","2026","data/structures/C54/C54_000255.gjf"
"1503","C54_000256","256","54","train","2026","data/structures/C54/C54_000256.gjf"
"1504","C54_000257","257","54","val","2026","data/structures/C54/C54_000257.gjf"
"1505","C54_000258","258","54","train","2026","data/structures/C54/C54_000258.gjf"
"1506","C54_000259","259","54","train","2026","data/structures/C54/C54_000259.gjf"
"1507","C54_000260","260","54","train","2026","data/structures/C54/C54_000260.gjf"
"1508","C54_000261","261","54","train","2026","data/structures/C54/C54_000261.gjf"
"1509","C54_000262","262","54","train","2026","data/structures/C54/C54_000262.gjf"
"1510","C54_000263","263","54","train","2026","data/structures/C54/C54_000263.gjf"
"1511","C54_000264","264","54","train","2026","data/structures/C54/C54_000264.gjf"
"1512","C54_000265","265","54","train","2026","data/structures/C54/C54_000265.gjf"
"1513","C54_000266","266","54","val","2026","data/structures/C54/C54_000266.gjf"
"1514","C54_000267","267","54","train","2026","data/structures/C54/C54_000267.gjf"
"1515","C54_000268","268","54","train","2026","data/structures/C54/C54_000268.gjf"
"1516","C54_000269","269","54","val","2026","data/structures/C54/C54_000269.gjf"
"1517","C54_000270","270","54","train","2026","data/structures/C54/C54_000270.gjf"
"1518","C54_000271","271","54","train","2026","data/structures/C54/C54_000271.gjf"
"1519","C54_000272","272","54","val","2026","data/structures/C54/C54_000272.gjf"
"1520","C54_000273","273","54","train","2026","data/structures/C54/C54_000273.gjf"
"1521","C54_000274","274","54","train","2026","data/structures/C54/C54_000274.gjf"
"1522","C54_000275","275","54","val","2026","data/structures/C54/C54_000275.gjf"
"1523","C54_000276","276","54","val","2026","data/structures/C54/C54_000276.gjf"
"1524","C54_000277","277","54","test","2026","data/structures/C54/C54_000277.gjf"
"1525","C54_000278","278","54","train","2026","data/structures/C54/C54_000278.gjf"
"1526","C54_000279","279","54","test","2026","data/structures/C54/C54_000279.gjf"
"1527","C54_000280","280","54","train","2026","data/structures/C54/C54_000280.gjf"
"1528","C54_000281","281","54","train","2026","data/structures/C54/C54_000281.gjf"
"1529","C54_000282","282","54","train","2026","data/structures/C54/C54_000282.gjf"
"1530","C54_000283","283","54","train","2026","data/structures/C54/C54_000283.gjf"
"1531","C54_000284","284","54","train","2026","data/structures/C54/C54_000284.gjf"
"1532","C54_000285","285","54","train","2026","data/structures/C54/C54_000285.gjf"
"1533","C54_000286","286","54","train","2026","data/structures/C54/C54_000286.gjf"
"1534","C54_000287","287","54","train","2026","data/structures/C54/C54_000287.gjf"
"1535","C54_000288","288","54","train","2026","data/structures/C54/C54_000288.gjf"
"1536","C54_000289","289","54","train","2026","data/structures/C54/C54_000289.gjf"
"1537","C54_000290","290","54","train","2026","data/structures/C54/C54_000290.gjf"
"1538","C54_000291","291","54","train","2026","data/structures/C54/C54_000291.gjf"
"1539","C54_000292","292","54","val","2026","data/structures/C54/C54_000292.gjf"
"1540","C54_000293","293","54","train","2026","data/structures/C54/C54_000293.gjf"
"1541","C54_000294","294","54","train","2026","data/structures/C54/C54_000294.gjf"
"1542","C54_000295","295","54","train","2026","data/structures/C54/C54_000295.gjf"
"1543","C54_000296","296","54","train","2026","data/structures/C54/C54_000296.gjf"
"1544","C54_000297","297","54","val","2026","data/structures/C54/C54_000297.gjf"
"1545","C54_000298","298","54","test","2026","data/structures/C54/C54_000298.gjf"
"1546","C54_000299","299","54","train","2026","data/structures/C54/C54_000299.gjf"
"1547","C54_000300","300","54","train","2026","data/structures/C54/C54_000300.gjf"
"1548","C54_000301","301","54","train","2026","data/structures/C54/C54_000301.gjf"
"1549","C54_000302","302","54","val","2026","data/structures/C54/C54_000302.gjf"
"1550","C54_000303","303","54","test","2026","data/structures/C54/C54_000303.gjf"
"1551","C54_000304","304","54","train","2026","data/structures/C54/C54_000304.gjf"
"1552","C54_000305","305","54","train","2026","data/structures/C54/C54_000305.gjf"
"1553","C54_000306","306","54","val","2026","data/structures/C54/C54_000306.gjf"
"1554","C54_000307","307","54","train","2026","data/structures/C54/C54_000307.gjf"
"1555","C54_000308","308","54","train","2026","data/structures/C54/C54_000308.gjf"
"1556","C54_000309","309","54","train","2026","data/structures/C54/C54_000309.gjf"
"1557","C54_000310","310","54","train","2026","data/structures/C54/C54_000310.gjf"
"1558","C54_000311","311","54","val","2026","data/structures/C54/C54_000311.gjf"
"1559","C54_000312","312","54","train","2026","data/structures/C54/C54_000312.gjf"
"1560","C54_000313","313","54","train","2026","data/structures/C54/C54_000313.gjf"
"1561","C54_000314","314","54","train","2026","data/structures/C54/C54_000314.gjf"
"1562","C54_000315","315","54","train","2026","data/structures/C54/C54_000315.gjf"
"1563","C54_000316","316","54","val","2026","data/structures/C54/C54_000316.gjf"
"1564","C54_000317","317","54","train","2026","data/structures/C54/C54_000317.gjf"
"1565","C54_000318","318","54","train","2026","data/structures/C54/C54_000318.gjf"
"1566","C54_000319","319","54","train","2026","data/structures/C54/C54_000319.gjf"
"1567","C54_000320","320","54","train","2026","data/structures/C54/C54_000320.gjf"
"1568","C54_000321","321","54","train","2026","data/structures/C54/C54_000321.gjf"
"1569","C54_000322","322","54","train","2026","data/structures/C54/C54_000322.gjf"
"1570","C54_000323","323","54","val","2026","data/structures/C54/C54_000323.gjf"
"1571","C54_000324","324","54","train","2026","data/structures/C54/C54_000324.gjf"
"1572","C54_000325","325","54","train","2026","data/structures/C54/C54_000325.gjf"
"1573","C54_000326","326","54","train","2026","data/structures/C54/C54_000326.gjf"
"1574","C54_000327","327","54","train","2026","data/structures/C54/C54_000327.gjf"
"1575","C54_000328","328","54","train","2026","data/structures/C54/C54_000328.gjf"
"1576","C54_000329","329","54","train","2026","data/structures/C54/C54_000329.gjf"
"1577","C54_000330","330","54","train","2026","data/structures/C54/C54_000330.gjf"
"1578","C54_000331","331","54","test","2026","data/structures/C54/C54_000331.gjf"
"1579","C54_000332","332","54","train","2026","data/structures/C54/C54_000332.gjf"
"1580","C54_000333","333","54","train","2026","data/structures/C54/C54_000333.gjf"
"1581","C54_000334","334","54","val","2026","data/structures/C54/C54_000334.gjf"
"1582","C54_000335","335","54","train","2026","data/structures/C54/C54_000335.gjf"
"1583","C54_000336","336","54","train","2026","data/structures/C54/C54_000336.gjf"
"1584","C54_000337","337","54","train","2026","data/structures/C54/C54_000337.gjf"
"1585","C54_000338","338","54","train","2026","data/structures/C54/C54_000338.gjf"
"1586","C54_000339","339","54","train","2026","data/structures/C54/C54_000339.gjf"
"1587","C54_000340","340","54","train","2026","data/structures/C54/C54_000340.gjf"
"1588","C54_000341","341","54","train","2026","data/structures/C54/C54_000341.gjf"
"1589","C54_000342","342","54","train","2026","data/structures/C54/C54_000342.gjf"
"1590","C54_000343","343","54","train","2026","data/structures/C54/C54_000343.gjf"
"1591","C54_000344","344","54","test","2026","data/structures/C54/C54_000344.gjf"
"1592","C54_000345","345","54","train","2026","data/structures/C54/C54_000345.gjf"
"1593","C54_000346","346","54","train","2026","data/structures/C54/C54_000346.gjf"
"1594","C54_000347","347","54","train","2026","data/structures/C54/C54_000347.gjf"
"1595","C54_000348","348","54","train","2026","data/structures/C54/C54_000348.gjf"
"1596","C54_000349","349","54","train","2026","data/structures/C54/C54_000349.gjf"
"1597","C54_000350","350","54","train","2026","data/structures/C54/C54_000350.gjf"
"1598","C54_000351","351","54","train","2026","data/structures/C54/C54_000351.gjf"
"1599","C54_000352","352","54","train","2026","data/structures/C54/C54_000352.gjf"
"1600","C54_000353","353","54","train","2026","data/structures/C54/C54_000353.gjf"
"1601","C54_000354","354","54","train","2026","data/structures/C54/C54_000354.gjf"
"1602","C54_000355","355","54","train","2026","data/structures/C54/C54_000355.gjf"
"1603","C54_000356","356","54","train","2026","data/structures/C54/C54_000356.gjf"
"1604","C54_000357","357","54","train","2026","data/structures/C54/C54_000357.gjf"
"1605","C54_000358","358","54","train","2026","data/structures/C54/C54_000358.gjf"
"1606","C54_000359","359","54","train","2026","data/structures/C54/C54_000359.gjf"
"1607","C54_000360","360","54","train","2026","data/structures/C54/C54_000360.gjf"
"1608","C54_000361","361","54","train","2026","data/structures/C54/C54_000361.gjf"
"1609","C54_000362","362","54","train","2026","data/structures/C54/C54_000362.gjf"
"1610","C54_000363","363","54","train","2026","data/structures/C54/C54_000363.gjf"
"1611","C54_000364","364","54","train","2026","data/structures/C54/C54_000364.gjf"
"1612","C54_000365","365","54","train","2026","data/structures/C54/C54_000365.gjf"
"1613","C54_000366","366","54","train","2026","data/structures/C54/C54_000366.gjf"
"1614","C54_000367","367","54","train","2026","data/structures/C54/C54_000367.gjf"
"1615","C54_000368","368","54","train","2026","data/structures/C54/C54_000368.gjf"
"1616","C54_000369","369","54","train","2026","data/structures/C54/C54_000369.gjf"
"1617","C54_000370","370","54","train","2026","data/structures/C54/C54_000370.gjf"
"1618","C54_000371","371","54","test","2026","data/structures/C54/C54_000371.gjf"
"1619","C54_000372","372","54","train","2026","data/structures/C54/C54_000372.gjf"
"1620","C54_000373","373","54","train","2026","data/structures/C54/C54_000373.gjf"
"1621","C54_000374","374","54","train","2026","data/structures/C54/C54_000374.gjf"
"1622","C54_000375","375","54","train","2026","data/structures/C54/C54_000375.gjf"
"1623","C54_000376","376","54","train","2026","data/structures/C54/C54_000376.gjf"
"1624","C54_000377","377","54","test","2026","data/structures/C54/C54_000377.gjf"
"1625","C54_000378","378","54","train","2026","data/structures/C54/C54_000378.gjf"
"1626","C54_000379","379","54","train","2026","data/structures/C54/C54_000379.gjf"
"1627","C54_000380","380","54","val","2026","data/structures/C54/C54_000380.gjf"
"1628","C54_000381","381","54","train","2026","data/structures/C54/C54_000381.gjf"
"1629","C54_000382","382","54","train","2026","data/structures/C54/C54_000382.gjf"
"1630","C54_000383","383","54","train","2026","data/structures/C54/C54_000383.gjf"
"1631","C54_000384","384","54","train","2026","data/structures/C54/C54_000384.gjf"
"1632","C54_000385","385","54","train","2026","data/structures/C54/C54_000385.gjf"
"1633","C54_000386","386","54","train","2026","data/structures/C54/C54_000386.gjf"
"1634","C54_000387","387","54","train","2026","data/structures/C54/C54_000387.gjf"
"1635","C54_000388","388","54","train","2026","data/structures/C54/C54_000388.gjf"
"1636","C54_000389","389","54","train","2026","data/structures/C54/C54_000389.gjf"
"1637","C54_000390","390","54","train","2026","data/structures/C54/C54_000390.gjf"
"1638","C54_000391","391","54","train","2026","data/structures/C54/C54_000391.gjf"
"1639","C54_000392","392","54","train","2026","data/structures/C54/C54_000392.gjf"
"1640","C54_000393","393","54","train","2026","data/structures/C54/C54_000393.gjf"
"1641","C54_000394","394","54","test","2026","data/structures/C54/C54_000394.gjf"
"1642","C54_000395","395","54","val","2026","data/structures/C54/C54_000395.gjf"
"1643","C54_000396","396","54","train","2026","data/structures/C54/C54_000396.gjf"
"1644","C54_000397","397","54","train","2026","data/structures/C54/C54_000397.gjf"
"1645","C54_000398","398","54","train","2026","data/structures/C54/C54_000398.gjf"
"1646","C54_000399","399","54","train","2026","data/structures/C54/C54_000399.gjf"
"1647","C54_000400","400","54","train","2026","data/structures/C54/C54_000400.gjf"
"1648","C54_000401","401","54","train","2026","data/structures/C54/C54_000401.gjf"
"1649","C54_000402","402","54","val","2026","data/structures/C54/C54_000402.gjf"
"1650","C54_000403","403","54","train","2026","data/structures/C54/C54_000403.gjf"
"1651","C54_000404","404","54","val","2026","data/structures/C54/C54_000404.gjf"
"1652","C54_000405","405","54","train","2026","data/structures/C54/C54_000405.gjf"
"1653","C54_000406","406","54","train","2026","data/structures/C54/C54_000406.gjf"
"1654","C54_000407","407","54","train","2026","data/structures/C54/C54_000407.gjf"
"1655","C54_000408","408","54","train","2026","data/structures/C54/C54_000408.gjf"
"1656","C54_000409","409","54","train","2026","data/structures/C54/C54_000409.gjf"
"1657","C54_000410","410","54","train","2026","data/structures/C54/C54_000410.gjf"
"1658","C54_000411","411","54","train","2026","data/structures/C54/C54_000411.gjf"
"1659","C54_000412","412","54","train","2026","data/structures/C54/C54_000412.gjf"
"1660","C54_000413","413","54","train","2026","data/structures/C54/C54_000413.gjf"
"1661","C54_000414","414","54","train","2026","data/structures/C54/C54_000414.gjf"
"1662","C54_000415","415","54","train","2026","data/structures/C54/C54_000415.gjf"
"1663","C54_000416","416","54","test","2026","data/structures/C54/C54_000416.gjf"
"1664","C54_000417","417","54","train","2026","data/structures/C54/C54_000417.gjf"
"1665","C54_000418","418","54","test","2026","data/structures/C54/C54_000418.gjf"
"1666","C54_000419","419","54","train","2026","data/structures/C54/C54_000419.gjf"
"1667","C54_000420","420","54","train","2026","data/structures/C54/C54_000420.gjf"
"1668","C54_000421","421","54","train","2026","data/structures/C54/C54_000421.gjf"
"1669","C54_000422","422","54","train","2026","data/structures/C54/C54_000422.gjf"
"1670","C54_000423","423","54","train","2026","data/structures/C54/C54_000423.gjf"
"1671","C54_000424","424","54","train","2026","data/structures/C54/C54_000424.gjf"
"1672","C54_000425","425","54","train","2026","data/structures/C54/C54_000425.gjf"
"1673","C54_000426","426","54","train","2026","data/structures/C54/C54_000426.gjf"
"1674","C54_000427","427","54","train","2026","data/structures/C54/C54_000427.gjf"
"1675","C54_000428","428","54","train","2026","data/structures/C54/C54_000428.gjf"
"1676","C54_000429","429","54","train","2026","data/structures/C54/C54_000429.gjf"
"1677","C54_000430","430","54","train","2026","data/structures/C54/C54_000430.gjf"
"1678","C54_000431","431","54","train","2026","data/structures/C54/C54_000431.gjf"
"1679","C54_000432","432","54","train","2026","data/structures/C54/C54_000432.gjf"
"1680","C54_000433","433","54","train","2026","data/structures/C54/C54_000433.gjf"
"1681","C54_000434","434","54","train","2026","data/structures/C54/C54_000434.gjf"
"1682","C54_000435","435","54","test","2026","data/structures/C54/C54_000435.gjf"
"1683","C54_000436","436","54","train","2026","data/structures/C54/C54_000436.gjf"
"1684","C54_000437","437","54","train","2026","data/structures/C54/C54_000437.gjf"
"1685","C54_000438","438","54","train","2026","data/structures/C54/C54_000438.gjf"
"1686","C54_000439","439","54","test","2026","data/structures/C54/C54_000439.gjf"
"1687","C54_000440","440","54","train","2026","data/structures/C54/C54_000440.gjf"
"1688","C54_000441","441","54","train","2026","data/structures/C54/C54_000441.gjf"
"1689","C54_000442","442","54","train","2026","data/structures/C54/C54_000442.gjf"
"1690","C54_000443","443","54","train","2026","data/structures/C54/C54_000443.gjf"
"1691","C54_000444","444","54","val","2026","data/structures/C54/C54_000444.gjf"
"1692","C54_000445","445","54","train","2026","data/structures/C54/C54_000445.gjf"
"1693","C54_000446","446","54","train","2026","data/structures/C54/C54_000446.gjf"
"1694","C54_000447","447","54","val","2026","data/structures/C54/C54_000447.gjf"
"1695","C54_000448","448","54","train","2026","data/structures/C54/C54_000448.gjf"
"1696","C54_000449","449","54","train","2026","data/structures/C54/C54_000449.gjf"
"1697","C54_000450","450","54","train","2026","data/structures/C54/C54_000450.gjf"
"1698","C54_000451","451","54","test","2026","data/structures/C54/C54_000451.gjf"
"1699","C54_000452","452","54","train","2026","data/structures/C54/C54_000452.gjf"
"1700","C54_000453","453","54","train","2026","data/structures/C54/C54_000453.gjf"
"1701","C54_000454","454","54","train","2026","data/structures/C54/C54_000454.gjf"
"1702","C54_000455","455","54","val","2026","data/structures/C54/C54_000455.gjf"
"1703","C54_000456","456","54","train","2026","data/structures/C54/C54_000456.gjf"
"1704","C54_000457","457","54","train","2026","data/structures/C54/C54_000457.gjf"
"1705","C54_000458","458","54","train","2026","data/structures/C54/C54_000458.gjf"
"1706","C54_000459","459","54","train","2026","data/structures/C54/C54_000459.gjf"
"1707","C54_000460","460","54","train","2026","data/structures/C54/C54_000460.gjf"
"1708","C54_000461","461","54","train","2026","data/structures/C54/C54_000461.gjf"
"1709","C54_000462","462","54","train","2026","data/structures/C54/C54_000462.gjf"
"1710","C54_000463","463","54","train","2026","data/structures/C54/C54_000463.gjf"
"1711","C54_000464","464","54","train","2026","data/structures/C54/C54_000464.gjf"
"1712","C54_000465","465","54","train","2026","data/structures/C54/C54_000465.gjf"
"1713","C54_000466","466","54","train","2026","data/structures/C54/C54_000466.gjf"
"1714","C54_000467","467","54","test","2026","data/structures/C54/C54_000467.gjf"
"1715","C54_000468","468","54","train","2026","data/structures/C54/C54_000468.gjf"
"1716","C54_000469","469","54","train","2026","data/structures/C54/C54_000469.gjf"
"1717","C54_000470","470","54","train","2026","data/structures/C54/C54_000470.gjf"
"1718","C54_000471","471","54","train","2026","data/structures/C54/C54_000471.gjf"
"1719","C54_000472","472","54","train","2026","data/structures/C54/C54_000472.gjf"
"1720","C54_000473","473","54","train","2026","data/structures/C54/C54_000473.gjf"
"1721","C54_000474","474","54","train","2026","data/structures/C54/C54_000474.gjf"
"1722","C54_000475","475","54","test","2026","data/structures/C54/C54_000475.gjf"
"1723","C54_000476","476","54","train","2026","data/structures/C54/C54_000476.gjf"
"1724","C54_000477","477","54","train","2026","data/structures/C54/C54_000477.gjf"
"1725","C54_000478","478","54","train","2026","data/structures/C54/C54_000478.gjf"
"1726","C54_000479","479","54","train","2026","data/structures/C54/C54_000479.gjf"
"1727","C54_000480","480","54","test","2026","data/structures/C54/C54_000480.gjf"
"1728","C54_000481","481","54","val","2026","data/structures/C54/C54_000481.gjf"
"1729","C54_000482","482","54","train","2026","data/structures/C54/C54_000482.gjf"
"1730","C54_000483","483","54","train","2026","data/structures/C54/C54_000483.gjf"
"1731","C54_000484","484","54","train","2026","data/structures/C54/C54_000484.gjf"
"1732","C54_000485","485","54","test","2026","data/structures/C54/C54_000485.gjf"
"1733","C54_000486","486","54","train","2026","data/structures/C54/C54_000486.gjf"
"1734","C54_000487","487","54","train","2026","data/structures/C54/C54_000487.gjf"
"1735","C54_000488","488","54","train","2026","data/structures/C54/C54_000488.gjf"
"1736","C54_000489","489","54","val","2026","data/structures/C54/C54_000489.gjf"
"1737","C54_000490","490","54","train","2026","data/structures/C54/C54_000490.gjf"
"1738","C54_000491","491","54","train","2026","data/structures/C54/C54_000491.gjf"
"1739","C54_000492","492","54","train","2026","data/structures/C54/C54_000492.gjf"
"1740","C54_000493","493","54","train","2026","data/structures/C54/C54_000493.gjf"
"1741","C54_000494","494","54","train","2026","data/structures/C54/C54_000494.gjf"
"1742","C54_000495","495","54","train","2026","data/structures/C54/C54_000495.gjf"
"1743","C54_000496","496","54","train","2026","data/structures/C54/C54_000496.gjf"
"1744","C54_000497","497","54","train","2026","data/structures/C54/C54_000497.gjf"
"1745","C54_000498","498","54","train","2026","data/structures/C54/C54_000498.gjf"
"1746","C54_000499","499","54","val","2026","data/structures/C54/C54_000499.gjf"
"1747","C54_000500","500","54","train","2026","data/structures/C54/C54_000500.gjf"
"1748","C54_000501","501","54","train","2026","data/structures/C54/C54_000501.gjf"
"1749","C54_000502","502","54","val","2026","data/structures/C54/C54_000502.gjf"
"1750","C54_000503","503","54","train","2026","data/structures/C54/C54_000503.gjf"
"1751","C54_000504","504","54","val","2026","data/structures/C54/C54_000504.gjf"
"1752","C54_000505","505","54","train","2026","data/structures/C54/C54_000505.gjf"
"1753","C54_000506","506","54","train","2026","data/structures/C54/C54_000506.gjf"
"1754","C54_000507","507","54","train","2026","data/structures/C54/C54_000507.gjf"
"1755","C54_000508","508","54","train","2026","data/structures/C54/C54_000508.gjf"
"1756","C54_000509","509","54","train","2026","data/structures/C54/C54_000509.gjf"
"1757","C54_000510","510","54","val","2026","data/structures/C54/C54_000510.gjf"
"1758","C54_000511","511","54","train","2026","data/structures/C54/C54_000511.gjf"
"1759","C54_000512","512","54","train","2026","data/structures/C54/C54_000512.gjf"
"1760","C54_000513","513","54","test","2026","data/structures/C54/C54_000513.gjf"
"1761","C54_000514","514","54","train","2026","data/structures/C54/C54_000514.gjf"
"1762","C54_000515","515","54","test","2026","data/structures/C54/C54_000515.gjf"
"1763","C54_000516","516","54","train","2026","data/structures/C54/C54_000516.gjf"
"1764","C54_000517","517","54","train","2026","data/structures/C54/C54_000517.gjf"
"1765","C54_000518","518","54","train","2026","data/structures/C54/C54_000518.gjf"
"1766","C54_000519","519","54","val","2026","data/structures/C54/C54_000519.gjf"
"1767","C54_000520","520","54","test","2026","data/structures/C54/C54_000520.gjf"
"1768","C54_000521","521","54","train","2026","data/structures/C54/C54_000521.gjf"
"1769","C54_000522","522","54","train","2026","data/structures/C54/C54_000522.gjf"
"1770","C54_000523","523","54","train","2026","data/structures/C54/C54_000523.gjf"
"1771","C54_000524","524","54","val","2026","data/structures/C54/C54_000524.gjf"
"1772","C54_000525","525","54","train","2026","data/structures/C54/C54_000525.gjf"
"1773","C54_000526","526","54","train","2026","data/structures/C54/C54_000526.gjf"
"1774","C54_000527","527","54","train","2026","data/structures/C54/C54_000527.gjf"
"1775","C54_000528","528","54","train","2026","data/structures/C54/C54_000528.gjf"
"1776","C54_000529","529","54","train","2026","data/structures/C54/C54_000529.gjf"
"1777","C54_000530","530","54","test","2026","data/structures/C54/C54_000530.gjf"
"1778","C54_000531","531","54","train","2026","data/structures/C54/C54_000531.gjf"
"1779","C54_000532","532","54","train","2026","data/structures/C54/C54_000532.gjf"
"1780","C54_000533","533","54","val","2026","data/structures/C54/C54_000533.gjf"
"1781","C54_000534","534","54","train","2026","data/structures/C54/C54_000534.gjf"
"1782","C54_000535","535","54","train","2026","data/structures/C54/C54_000535.gjf"
"1783","C54_000536","536","54","train","2026","data/structures/C54/C54_000536.gjf"
"1784","C54_000537","537","54","train","2026","data/structures/C54/C54_000537.gjf"
"1785","C54_000538","538","54","train","2026","data/structures/C54/C54_000538.gjf"
"1786","C54_000539","539","54","test","2026","data/structures/C54/C54_000539.gjf"
"1787","C54_000540","540","54","train","2026","data/structures/C54/C54_000540.gjf"
"1788","C54_000541","541","54","val","2026","data/structures/C54/C54_000541.gjf"
"1789","C54_000542","542","54","train","2026","data/structures/C54/C54_000542.gjf"
"1790","C54_000543","543","54","train","2026","data/structures/C54/C54_000543.gjf"
"1791","C54_000544","544","54","val","2026","data/structures/C54/C54_000544.gjf"
"1792","C54_000545","545","54","train","2026","data/structures/C54/C54_000545.gjf"
"1793","C54_000546","546","54","train","2026","data/structures/C54/C54_000546.gjf"
"1794","C54_000547","547","54","train","2026","data/structures/C54/C54_000547.gjf"
"1795","C54_000548","548","54","train","2026","data/structures/C54/C54_000548.gjf"
"1796","C54_000549","549","54","train","2026","data/structures/C54/C54_000549.gjf"
"1797","C54_000550","550","54","train","2026","data/structures/C54/C54_000550.gjf"
"1798","C54_000551","551","54","train","2026","data/structures/C54/C54_000551.gjf"
"1799","C54_000552","552","54","train","2026","data/structures/C54/C54_000552.gjf"
"1800","C54_000553","553","54","train","2026","data/structures/C54/C54_000553.gjf"
"1801","C54_000554","554","54","train","2026","data/structures/C54/C54_000554.gjf"
"1802","C54_000555","555","54","test","2026","data/structures/C54/C54_000555.gjf"
"1803","C54_000556","556","54","val","2026","data/structures/C54/C54_000556.gjf"
"1804","C54_000557","557","54","train","2026","data/structures/C54/C54_000557.gjf"
"1805","C54_000558","558","54","train","2026","data/structures/C54/C54_000558.gjf"
"1806","C54_000559","559","54","train","2026","data/structures/C54/C54_000559.gjf"
"1807","C54_000560","560","54","train","2026","data/structures/C54/C54_000560.gjf"
"1808","C54_000561","561","54","train","2026","data/structures/C54/C54_000561.gjf"
"1809","C54_000562","562","54","train","2026","data/structures/C54/C54_000562.gjf"
"1810","C54_000563","563","54","train","2026","data/structures/C54/C54_000563.gjf"
"1811","C54_000564","564","54","train","2026","data/structures/C54/C54_000564.gjf"
"1812","C54_000565","565","54","test","2026","data/structures/C54/C54_000565.gjf"
"1813","C54_000566","566","54","train","2026","data/structures/C54/C54_000566.gjf"
"1814","C54_000567","567","54","train","2026","data/structures/C54/C54_000567.gjf"
"1815","C54_000568","568","54","train","2026","data/structures/C54/C54_000568.gjf"
"1816","C54_000569","569","54","train","2026","data/structures/C54/C54_000569.gjf"
"1817","C54_000570","570","54","train","2026","data/structures/C54/C54_000570.gjf"
"1818","C54_000571","571","54","train","2026","data/structures/C54/C54_000571.gjf"
"1819","C54_000572","572","54","train","2026","data/structures/C54/C54_000572.gjf"
"1820","C54_000573","573","54","train","2026","data/structures/C54/C54_000573.gjf"
"1821","C54_000574","574","54","test","2026","data/structures/C54/C54_000574.gjf"
"1822","C54_000575","575","54","test","2026","data/structures/C54/C54_000575.gjf"
"1823","C54_000576","576","54","test","2026","data/structures/C54/C54_000576.gjf"
"1824","C54_000577","577","54","train","2026","data/structures/C54/C54_000577.gjf"
"1825","C54_000578","578","54","train","2026","data/structures/C54/C54_000578.gjf"
"1826","C54_000579","579","54","train","2026","data/structures/C54/C54_000579.gjf"
"1827","C54_000580","580","54","train","2026","data/structures/C54/C54_000580.gjf"
"1828","C56_000001","1","56","train","2026","data/structures/C56/C56_000001.gjf"
"1829","C56_000002","2","56","train","2026","data/structures/C56/C56_000002.gjf"
"1830","C56_000003","3","56","train","2026","data/structures/C56/C56_000003.gjf"
"1831","C56_000004","4","56","train","2026","data/structures/C56/C56_000004.gjf"
"1832","C56_000005","5","56","train","2026","data/structures/C56/C56_000005.gjf"
"1833","C56_000006","6","56","train","2026","data/structures/C56/C56_000006.gjf"
"1834","C56_000007","7","56","train","2026","data/structures/C56/C56_000007.gjf"
"1835","C56_000008","8","56","train","2026","data/structures/C56/C56_000008.gjf"
"1836","C56_000009","9","56","train","2026","data/structures/C56/C56_000009.gjf"
"1837","C56_000010","10","56","test","2026","data/structures/C56/C56_000010.gjf"
"1838","C56_000011","11","56","train","2026","data/structures/C56/C56_000011.gjf"
"1839","C56_000012","12","56","train","2026","data/structures/C56/C56_000012.gjf"
"1840","C56_000013","13","56","train","2026","data/structures/C56/C56_000013.gjf"
"1841","C56_000014","14","56","test","2026","data/structures/C56/C56_000014.gjf"
"1842","C56_000015","15","56","train","2026","data/structures/C56/C56_000015.gjf"
"1843","C56_000016","16","56","train","2026","data/structures/C56/C56_000016.gjf"
"1844","C56_000017","17","56","train","2026","data/structures/C56/C56_000017.gjf"
"1845","C56_000018","18","56","train","2026","data/structures/C56/C56_000018.gjf"
"1846","C56_000019","19","56","test","2026","data/structures/C56/C56_000019.gjf"
"1847","C56_000020","20","56","train","2026","data/structures/C56/C56_000020.gjf"
"1848","C56_000021","21","56","train","2026","data/structures/C56/C56_000021.gjf"
"1849","C56_000022","22","56","train","2026","data/structures/C56/C56_000022.gjf"
"1850","C56_000023","23","56","train","2026","data/structures/C56/C56_000023.gjf"
"1851","C56_000024","24","56","train","2026","data/structures/C56/C56_000024.gjf"
"1852","C56_000025","25","56","test","2026","data/structures/C56/C56_000025.gjf"
"1853","C56_000026","26","56","train","2026","data/structures/C56/C56_000026.gjf"
"1854","C56_000027","27","56","val","2026","data/structures/C56/C56_000027.gjf"
"1855","C56_000028","28","56","train","2026","data/structures/C56/C56_000028.gjf"
"1856","C56_000029","29","56","train","2026","data/structures/C56/C56_000029.gjf"
"1857","C56_000030","30","56","train","2026","data/structures/C56/C56_000030.gjf"
"1858","C56_000031","31","56","train","2026","data/structures/C56/C56_000031.gjf"
"1859","C56_000032","32","56","train","2026","data/structures/C56/C56_000032.gjf"
"1860","C56_000033","33","56","train","2026","data/structures/C56/C56_000033.gjf"
"1861","C56_000034","34","56","train","2026","data/structures/C56/C56_000034.gjf"
"1862","C56_000035","35","56","test","2026","data/structures/C56/C56_000035.gjf"
"1863","C56_000036","36","56","train","2026","data/structures/C56/C56_000036.gjf"
"1864","C56_000037","37","56","train","2026","data/structures/C56/C56_000037.gjf"
"1865","C56_000038","38","56","train","2026","data/structures/C56/C56_000038.gjf"
"1866","C56_000039","39","56","train","2026","data/structures/C56/C56_000039.gjf"
"1867","C56_000040","40","56","train","2026","data/structures/C56/C56_000040.gjf"
"1868","C56_000041","41","56","train","2026","data/structures/C56/C56_000041.gjf"
"1869","C56_000042","42","56","test","2026","data/structures/C56/C56_000042.gjf"
"1870","C56_000043","43","56","train","2026","data/structures/C56/C56_000043.gjf"
"1871","C56_000044","44","56","train","2026","data/structures/C56/C56_000044.gjf"
"1872","C56_000045","45","56","train","2026","data/structures/C56/C56_000045.gjf"
"1873","C56_000046","46","56","train","2026","data/structures/C56/C56_000046.gjf"
"1874","C56_000047","47","56","train","2026","data/structures/C56/C56_000047.gjf"
"1875","C56_000048","48","56","train","2026","data/structures/C56/C56_000048.gjf"
"1876","C56_000049","49","56","train","2026","data/structures/C56/C56_000049.gjf"
"1877","C56_000050","50","56","val","2026","data/structures/C56/C56_000050.gjf"
"1878","C56_000051","51","56","train","2026","data/structures/C56/C56_000051.gjf"
"1879","C56_000052","52","56","train","2026","data/structures/C56/C56_000052.gjf"
"1880","C56_000053","53","56","test","2026","data/structures/C56/C56_000053.gjf"
"1881","C56_000054","54","56","train","2026","data/structures/C56/C56_000054.gjf"
"1882","C56_000055","55","56","train","2026","data/structures/C56/C56_000055.gjf"
"1883","C56_000056","56","56","train","2026","data/structures/C56/C56_000056.gjf"
"1884","C56_000057","57","56","train","2026","data/structures/C56/C56_000057.gjf"
"1885","C56_000058","58","56","train","2026","data/structures/C56/C56_000058.gjf"
"1886","C56_000059","59","56","test","2026","data/structures/C56/C56_000059.gjf"
"1887","C56_000060","60","56","test","2026","data/structures/C56/C56_000060.gjf"
"1888","C56_000061","61","56","train","2026","data/structures/C56/C56_000061.gjf"
"1889","C56_000062","62","56","train","2026","data/structures/C56/C56_000062.gjf"
"1890","C56_000063","63","56","train","2026","data/structures/C56/C56_000063.gjf"
"1891","C56_000064","64","56","val","2026","data/structures/C56/C56_000064.gjf"
"1892","C56_000065","65","56","train","2026","data/structures/C56/C56_000065.gjf"
"1893","C56_000066","66","56","train","2026","data/structures/C56/C56_000066.gjf"
"1894","C56_000067","67","56","train","2026","data/structures/C56/C56_000067.gjf"
"1895","C56_000068","68","56","train","2026","data/structures/C56/C56_000068.gjf"
"1896","C56_000069","69","56","train","2026","data/structures/C56/C56_000069.gjf"
"1897","C56_000070","70","56","train","2026","data/structures/C56/C56_000070.gjf"
"1898","C56_000071","71","56","train","2026","data/structures/C56/C56_000071.gjf"
"1899","C56_000072","72","56","train","2026","data/structures/C56/C56_000072.gjf"
"1900","C56_000073","73","56","train","2026","data/structures/C56/C56_000073.gjf"
"1901","C56_000074","74","56","train","2026","data/structures/C56/C56_000074.gjf"
"1902","C56_000075","75","56","test","2026","data/structures/C56/C56_000075.gjf"
"1903","C56_000076","76","56","train","2026","data/structures/C56/C56_000076.gjf"
"1904","C56_000077","77","56","val","2026","data/structures/C56/C56_000077.gjf"
"1905","C56_000078","78","56","val","2026","data/structures/C56/C56_000078.gjf"
"1906","C56_000079","79","56","train","2026","data/structures/C56/C56_000079.gjf"
"1907","C56_000080","80","56","test","2026","data/structures/C56/C56_000080.gjf"
"1908","C56_000081","81","56","train","2026","data/structures/C56/C56_000081.gjf"
"1909","C56_000082","82","56","train","2026","data/structures/C56/C56_000082.gjf"
"1910","C56_000083","83","56","train","2026","data/structures/C56/C56_000083.gjf"
"1911","C56_000084","84","56","test","2026","data/structures/C56/C56_000084.gjf"
"1912","C56_000085","85","56","train","2026","data/structures/C56/C56_000085.gjf"
"1913","C56_000086","86","56","val","2026","data/structures/C56/C56_000086.gjf"
"1914","C56_000087","87","56","train","2026","data/structures/C56/C56_000087.gjf"
"1915","C56_000088","88","56","train","2026","data/structures/C56/C56_000088.gjf"
"1916","C56_000089","89","56","val","2026","data/structures/C56/C56_000089.gjf"
"1917","C56_000090","90","56","val","2026","data/structures/C56/C56_000090.gjf"
"1918","C56_000091","91","56","train","2026","data/structures/C56/C56_000091.gjf"
"1919","C56_000092","92","56","train","2026","data/structures/C56/C56_000092.gjf"
"1920","C56_000093","93","56","train","2026","data/structures/C56/C56_000093.gjf"
"1921","C56_000094","94","56","train","2026","data/structures/C56/C56_000094.gjf"
"1922","C56_000095","95","56","train","2026","data/structures/C56/C56_000095.gjf"
"1923","C56_000096","96","56","test","2026","data/structures/C56/C56_000096.gjf"
"1924","C56_000097","97","56","train","2026","data/structures/C56/C56_000097.gjf"
"1925","C56_000098","98","56","train","2026","data/structures/C56/C56_000098.gjf"
"1926","C56_000099","99","56","train","2026","data/structures/C56/C56_000099.gjf"
"1927","C56_000100","100","56","train","2026","data/structures/C56/C56_000100.gjf"
"1928","C56_000101","101","56","test","2026","data/structures/C56/C56_000101.gjf"
"1929","C56_000102","102","56","train","2026","data/structures/C56/C56_000102.gjf"
"1930","C56_000103","103","56","test","2026","data/structures/C56/C56_000103.gjf"
"1931","C56_000104","104","56","train","2026","data/structures/C56/C56_000104.gjf"
"1932","C56_000105","105","56","train","2026","data/structures/C56/C56_000105.gjf"
"1933","C56_000106","106","56","train","2026","data/structures/C56/C56_000106.gjf"
"1934","C56_000107","107","56","train","2026","data/structures/C56/C56_000107.gjf"
"1935","C56_000108","108","56","train","2026","data/structures/C56/C56_000108.gjf"
"1936","C56_000109","109","56","train","2026","data/structures/C56/C56_000109.gjf"
"1937","C56_000110","110","56","train","2026","data/structures/C56/C56_000110.gjf"
"1938","C56_000111","111","56","train","2026","data/structures/C56/C56_000111.gjf"
"1939","C56_000112","112","56","train","2026","data/structures/C56/C56_000112.gjf"
"1940","C56_000113","113","56","test","2026","data/structures/C56/C56_000113.gjf"
"1941","C56_000114","114","56","train","2026","data/structures/C56/C56_000114.gjf"
"1942","C56_000115","115","56","train","2026","data/structures/C56/C56_000115.gjf"
"1943","C56_000116","116","56","train","2026","data/structures/C56/C56_000116.gjf"
"1944","C56_000117","117","56","train","2026","data/structures/C56/C56_000117.gjf"
"1945","C56_000118","118","56","val","2026","data/structures/C56/C56_000118.gjf"
"1946","C56_000119","119","56","test","2026","data/structures/C56/C56_000119.gjf"
"1947","C56_000120","120","56","train","2026","data/structures/C56/C56_000120.gjf"
"1948","C56_000121","121","56","train","2026","data/structures/C56/C56_000121.gjf"
"1949","C56_000122","122","56","train","2026","data/structures/C56/C56_000122.gjf"
"1950","C56_000123","123","56","train","2026","data/structures/C56/C56_000123.gjf"
"1951","C56_000124","124","56","train","2026","data/structures/C56/C56_000124.gjf"
"1952","C56_000125","125","56","train","2026","data/structures/C56/C56_000125.gjf"
"1953","C56_000126","126","56","train","2026","data/structures/C56/C56_000126.gjf"
"1954","C56_000127","127","56","train","2026","data/structures/C56/C56_000127.gjf"
"1955","C56_000128","128","56","test","2026","data/structures/C56/C56_000128.gjf"
"1956","C56_000129","129","56","train","2026","data/structures/C56/C56_000129.gjf"
"1957","C56_000130","130","56","test","2026","data/structures/C56/C56_000130.gjf"
"1958","C56_000131","131","56","train","2026","data/structures/C56/C56_000131.gjf"
"1959","C56_000132","132","56","val","2026","data/structures/C56/C56_000132.gjf"
"1960","C56_000133","133","56","train","2026","data/structures/C56/C56_000133.gjf"
"1961","C56_000134","134","56","train","2026","data/structures/C56/C56_000134.gjf"
"1962","C56_000135","135","56","train","2026","data/structures/C56/C56_000135.gjf"
"1963","C56_000136","136","56","train","2026","data/structures/C56/C56_000136.gjf"
"1964","C56_000137","137","56","train","2026","data/structures/C56/C56_000137.gjf"
"1965","C56_000138","138","56","train","2026","data/structures/C56/C56_000138.gjf"
"1966","C56_000139","139","56","train","2026","data/structures/C56/C56_000139.gjf"
"1967","C56_000140","140","56","train","2026","data/structures/C56/C56_000140.gjf"
"1968","C56_000141","141","56","train","2026","data/structures/C56/C56_000141.gjf"
"1969","C56_000142","142","56","val","2026","data/structures/C56/C56_000142.gjf"
"1970","C56_000143","143","56","train","2026","data/structures/C56/C56_000143.gjf"
"1971","C56_000144","144","56","train","2026","data/structures/C56/C56_000144.gjf"
"1972","C56_000145","145","56","train","2026","data/structures/C56/C56_000145.gjf"
"1973","C56_000146","146","56","train","2026","data/structures/C56/C56_000146.gjf"
"1974","C56_000147","147","56","train","2026","data/structures/C56/C56_000147.gjf"
"1975","C56_000148","148","56","train","2026","data/structures/C56/C56_000148.gjf"
"1976","C56_000149","149","56","val","2026","data/structures/C56/C56_000149.gjf"
"1977","C56_000150","150","56","train","2026","data/structures/C56/C56_000150.gjf"
"1978","C56_000151","151","56","train","2026","data/structures/C56/C56_000151.gjf"
"1979","C56_000152","152","56","train","2026","data/structures/C56/C56_000152.gjf"
"1980","C56_000153","153","56","train","2026","data/structures/C56/C56_000153.gjf"
"1981","C56_000154","154","56","train","2026","data/structures/C56/C56_000154.gjf"
"1982","C56_000155","155","56","train","2026","data/structures/C56/C56_000155.gjf"
"1983","C56_000156","156","56","train","2026","data/structures/C56/C56_000156.gjf"
"1984","C56_000157","157","56","test","2026","data/structures/C56/C56_000157.gjf"
"1985","C56_000158","158","56","val","2026","data/structures/C56/C56_000158.gjf"
"1986","C56_000159","159","56","train","2026","data/structures/C56/C56_000159.gjf"
"1987","C56_000160","160","56","train","2026","data/structures/C56/C56_000160.gjf"
"1988","C56_000161","161","56","train","2026","data/structures/C56/C56_000161.gjf"
"1989","C56_000162","162","56","test","2026","data/structures/C56/C56_000162.gjf"
"1990","C56_000163","163","56","train","2026","data/structures/C56/C56_000163.gjf"
"1991","C56_000164","164","56","train","2026","data/structures/C56/C56_000164.gjf"
"1992","C56_000165","165","56","train","2026","data/structures/C56/C56_000165.gjf"
"1993","C56_000166","166","56","train","2026","data/structures/C56/C56_000166.gjf"
"1994","C56_000167","167","56","val","2026","data/structures/C56/C56_000167.gjf"
"1995","C56_000168","168","56","train","2026","data/structures/C56/C56_000168.gjf"
"1996","C56_000169","169","56","train","2026","data/structures/C56/C56_000169.gjf"
"1997","C56_000170","170","56","train","2026","data/structures/C56/C56_000170.gjf"
"1998","C56_000171","171","56","train","2026","data/structures/C56/C56_000171.gjf"
"1999","C56_000172","172","56","train","2026","data/structures/C56/C56_000172.gjf"
"2000","C56_000173","173","56","train","2026","data/structures/C56/C56_000173.gjf"
"2001","C56_000174","174","56","train","2026","data/structures/C56/C56_000174.gjf"
"2002","C56_000175","175","56","train","2026","data/structures/C56/C56_000175.gjf"
"2003","C56_000176","176","56","train","2026","data/structures/C56/C56_000176.gjf"
"2004","C56_000177","177","56","train","2026","data/structures/C56/C56_000177.gjf"
"2005","C56_000178","178","56","train","2026","data/structures/C56/C56_000178.gjf"
"2006","C56_000179","179","56","train","2026","data/structures/C56/C56_000179.gjf"
"2007","C56_000180","180","56","train","2026","data/structures/C56/C56_000180.gjf"
"2008","C56_000181","181","56","train","2026","data/structures/C56/C56_000181.gjf"
"2009","C56_000182","182","56","train","2026","data/structures/C56/C56_000182.gjf"
"2010","C56_000183","183","56","train","2026","data/structures/C56/C56_000183.gjf"
"2011","C56_000184","184","56","test","2026","data/structures/C56/C56_000184.gjf"
"2012","C56_000185","185","56","train","2026","data/structures/C56/C56_000185.gjf"
"2013","C56_000186","186","56","val","2026","data/structures/C56/C56_000186.gjf"
"2014","C56_000187","187","56","train","2026","data/structures/C56/C56_000187.gjf"
"2015","C56_000188","188","56","train","2026","data/structures/C56/C56_000188.gjf"
"2016","C56_000189","189","56","train","2026","data/structures/C56/C56_000189.gjf"
"2017","C56_000190","190","56","train","2026","data/structures/C56/C56_000190.gjf"
"2018","C56_000191","191","56","train","2026","data/structures/C56/C56_000191.gjf"
"2019","C56_000192","192","56","train","2026","data/structures/C56/C56_000192.gjf"
"2020","C56_000193","193","56","test","2026","data/structures/C56/C56_000193.gjf"
"2021","C56_000194","194","56","train","2026","data/structures/C56/C56_000194.gjf"
"2022","C56_000195","195","56","train","2026","data/structures/C56/C56_000195.gjf"
"2023","C56_000196","196","56","train","2026","data/structures/C56/C56_000196.gjf"
"2024","C56_000197","197","56","train","2026","data/structures/C56/C56_000197.gjf"
"2025","C56_000198","198","56","train","2026","data/structures/C56/C56_000198.gjf"
"2026","C56_000199","199","56","test","2026","data/structures/C56/C56_000199.gjf"
"2027","C56_000200","200","56","train","2026","data/structures/C56/C56_000200.gjf"
"2028","C56_000201","201","56","train","2026","data/structures/C56/C56_000201.gjf"
"2029","C56_000202","202","56","train","2026","data/structures/C56/C56_000202.gjf"
"2030","C56_000203","203","56","train","2026","data/structures/C56/C56_000203.gjf"
"2031","C56_000204","204","56","train","2026","data/structures/C56/C56_000204.gjf"
"2032","C56_000205","205","56","train","2026","data/structures/C56/C56_000205.gjf"
"2033","C56_000206","206","56","train","2026","data/structures/C56/C56_000206.gjf"
"2034","C56_000207","207","56","train","2026","data/structures/C56/C56_000207.gjf"
"2035","C56_000208","208","56","train","2026","data/structures/C56/C56_000208.gjf"
"2036","C56_000209","209","56","train","2026","data/structures/C56/C56_000209.gjf"
"2037","C56_000210","210","56","train","2026","data/structures/C56/C56_000210.gjf"
"2038","C56_000211","211","56","train","2026","data/structures/C56/C56_000211.gjf"
"2039","C56_000212","212","56","test","2026","data/structures/C56/C56_000212.gjf"
"2040","C56_000213","213","56","val","2026","data/structures/C56/C56_000213.gjf"
"2041","C56_000214","214","56","train","2026","data/structures/C56/C56_000214.gjf"
"2042","C56_000215","215","56","train","2026","data/structures/C56/C56_000215.gjf"
"2043","C56_000216","216","56","val","2026","data/structures/C56/C56_000216.gjf"
"2044","C56_000217","217","56","train","2026","data/structures/C56/C56_000217.gjf"
"2045","C56_000218","218","56","train","2026","data/structures/C56/C56_000218.gjf"
"2046","C56_000219","219","56","train","2026","data/structures/C56/C56_000219.gjf"
"2047","C56_000220","220","56","train","2026","data/structures/C56/C56_000220.gjf"
"2048","C56_000221","221","56","train","2026","data/structures/C56/C56_000221.gjf"
"2049","C56_000222","222","56","train","2026","data/structures/C56/C56_000222.gjf"
"2050","C56_000223","223","56","val","2026","data/structures/C56/C56_000223.gjf"
"2051","C56_000224","224","56","train","2026","data/structures/C56/C56_000224.gjf"
"2052","C56_000225","225","56","train","2026","data/structures/C56/C56_000225.gjf"
"2053","C56_000226","226","56","train","2026","data/structures/C56/C56_000226.gjf"
"2054","C56_000227","227","56","train","2026","data/structures/C56/C56_000227.gjf"
"2055","C56_000228","228","56","train","2026","data/structures/C56/C56_000228.gjf"
"2056","C56_000229","229","56","val","2026","data/structures/C56/C56_000229.gjf"
"2057","C56_000230","230","56","train","2026","data/structures/C56/C56_000230.gjf"
"2058","C56_000231","231","56","train","2026","data/structures/C56/C56_000231.gjf"
"2059","C56_000232","232","56","train","2026","data/structures/C56/C56_000232.gjf"
"2060","C56_000233","233","56","test","2026","data/structures/C56/C56_000233.gjf"
"2061","C56_000234","234","56","train","2026","data/structures/C56/C56_000234.gjf"
"2062","C56_000235","235","56","train","2026","data/structures/C56/C56_000235.gjf"
"2063","C56_000236","236","56","train","2026","data/structures/C56/C56_000236.gjf"
"2064","C56_000237","237","56","train","2026","data/structures/C56/C56_000237.gjf"
"2065","C56_000238","238","56","train","2026","data/structures/C56/C56_000238.gjf"
"2066","C56_000239","239","56","train","2026","data/structures/C56/C56_000239.gjf"
"2067","C56_000240","240","56","train","2026","data/structures/C56/C56_000240.gjf"
"2068","C56_000241","241","56","val","2026","data/structures/C56/C56_000241.gjf"
"2069","C56_000242","242","56","train","2026","data/structures/C56/C56_000242.gjf"
"2070","C56_000243","243","56","train","2026","data/structures/C56/C56_000243.gjf"
"2071","C56_000244","244","56","train","2026","data/structures/C56/C56_000244.gjf"
"2072","C56_000245","245","56","val","2026","data/structures/C56/C56_000245.gjf"
"2073","C56_000246","246","56","train","2026","data/structures/C56/C56_000246.gjf"
"2074","C56_000247","247","56","train","2026","data/structures/C56/C56_000247.gjf"
"2075","C56_000248","248","56","train","2026","data/structures/C56/C56_000248.gjf"
"2076","C56_000249","249","56","train","2026","data/structures/C56/C56_000249.gjf"
"2077","C56_000250","250","56","val","2026","data/structures/C56/C56_000250.gjf"
"2078","C56_000251","251","56","train","2026","data/structures/C56/C56_000251.gjf"
"2079","C56_000252","252","56","train","2026","data/structures/C56/C56_000252.gjf"
"2080","C56_000253","253","56","test","2026","data/structures/C56/C56_000253.gjf"
"2081","C56_000254","254","56","train","2026","data/structures/C56/C56_000254.gjf"
"2082","C56_000255","255","56","train","2026","data/structures/C56/C56_000255.gjf"
"2083","C56_000256","256","56","val","2026","data/structures/C56/C56_000256.gjf"
"2084","C56_000257","257","56","train","2026","data/structures/C56/C56_000257.gjf"
"2085","C56_000258","258","56","train","2026","data/structures/C56/C56_000258.gjf"
"2086","C56_000259","259","56","val","2026","data/structures/C56/C56_000259.gjf"
"2087","C56_000260","260","56","train","2026","data/structures/C56/C56_000260.gjf"
"2088","C56_000261","261","56","train","2026","data/structures/C56/C56_000261.gjf"
"2089","C56_000262","262","56","train","2026","data/structures/C56/C56_000262.gjf"
"2090","C56_000263","263","56","train","2026","data/structures/C56/C56_000263.gjf"
"2091","C56_000264","264","56","train","2026","data/structures/C56/C56_000264.gjf"
"2092","C56_000265","265","56","train","2026","data/structures/C56/C56_000265.gjf"
"2093","C56_000266","266","56","train","2026","data/structures/C56/C56_000266.gjf"
"2094","C56_000267","267","56","train","2026","data/structures/C56/C56_000267.gjf"
"2095","C56_000268","268","56","train","2026","data/structures/C56/C56_000268.gjf"
"2096","C56_000269","269","56","train","2026","data/structures/C56/C56_000269.gjf"
"2097","C56_000270","270","56","val","2026","data/structures/C56/C56_000270.gjf"
"2098","C56_000271","271","56","train","2026","data/structures/C56/C56_000271.gjf"
"2099","C56_000272","272","56","train","2026","data/structures/C56/C56_000272.gjf"
"2100","C56_000273","273","56","train","2026","data/structures/C56/C56_000273.gjf"
"2101","C56_000274","274","56","train","2026","data/structures/C56/C56_000274.gjf"
"2102","C56_000275","275","56","train","2026","data/structures/C56/C56_000275.gjf"
"2103","C56_000276","276","56","train","2026","data/structures/C56/C56_000276.gjf"
"2104","C56_000277","277","56","train","2026","data/structures/C56/C56_000277.gjf"
"2105","C56_000278","278","56","train","2026","data/structures/C56/C56_000278.gjf"
"2106","C56_000279","279","56","train","2026","data/structures/C56/C56_000279.gjf"
"2107","C56_000280","280","56","train","2026","data/structures/C56/C56_000280.gjf"
"2108","C56_000281","281","56","train","2026","data/structures/C56/C56_000281.gjf"
"2109","C56_000282","282","56","train","2026","data/structures/C56/C56_000282.gjf"
"2110","C56_000283","283","56","train","2026","data/structures/C56/C56_000283.gjf"
"2111","C56_000284","284","56","train","2026","data/structures/C56/C56_000284.gjf"
"2112","C56_000285","285","56","train","2026","data/structures/C56/C56_000285.gjf"
"2113","C56_000286","286","56","train","2026","data/structures/C56/C56_000286.gjf"
"2114","C56_000287","287","56","train","2026","data/structures/C56/C56_000287.gjf"
"2115","C56_000288","288","56","train","2026","data/structures/C56/C56_000288.gjf"
"2116","C56_000289","289","56","test","2026","data/structures/C56/C56_000289.gjf"
"2117","C56_000290","290","56","train","2026","data/structures/C56/C56_000290.gjf"
"2118","C56_000291","291","56","train","2026","data/structures/C56/C56_000291.gjf"
"2119","C56_000292","292","56","train","2026","data/structures/C56/C56_000292.gjf"
"2120","C56_000293","293","56","train","2026","data/structures/C56/C56_000293.gjf"
"2121","C56_000294","294","56","train","2026","data/structures/C56/C56_000294.gjf"
"2122","C56_000295","295","56","train","2026","data/structures/C56/C56_000295.gjf"
"2123","C56_000296","296","56","train","2026","data/structures/C56/C56_000296.gjf"
"2124","C56_000297","297","56","val","2026","data/structures/C56/C56_000297.gjf"
"2125","C56_000298","298","56","test","2026","data/structures/C56/C56_000298.gjf"
"2126","C56_000299","299","56","train","2026","data/structures/C56/C56_000299.gjf"
"2127","C56_000300","300","56","train","2026","data/structures/C56/C56_000300.gjf"
"2128","C56_000301","301","56","train","2026","data/structures/C56/C56_000301.gjf"
"2129","C56_000302","302","56","train","2026","data/structures/C56/C56_000302.gjf"
"2130","C56_000303","303","56","train","2026","data/structures/C56/C56_000303.gjf"
"2131","C56_000304","304","56","train","2026","data/structures/C56/C56_000304.gjf"
"2132","C56_000305","305","56","train","2026","data/structures/C56/C56_000305.gjf"
"2133","C56_000306","306","56","train","2026","data/structures/C56/C56_000306.gjf"
"2134","C56_000307","307","56","train","2026","data/structures/C56/C56_000307.gjf"
"2135","C56_000308","308","56","train","2026","data/structures/C56/C56_000308.gjf"
"2136","C56_000309","309","56","train","2026","data/structures/C56/C56_000309.gjf"
"2137","C56_000310","310","56","test","2026","data/structures/C56/C56_000310.gjf"
"2138","C56_000311","311","56","train","2026","data/structures/C56/C56_000311.gjf"
"2139","C56_000312","312","56","train","2026","data/structures/C56/C56_000312.gjf"
"2140","C56_000313","313","56","train","2026","data/structures/C56/C56_000313.gjf"
"2141","C56_000314","314","56","train","2026","data/structures/C56/C56_000314.gjf"
"2142","C56_000315","315","56","train","2026","data/structures/C56/C56_000315.gjf"
"2143","C56_000316","316","56","train","2026","data/structures/C56/C56_000316.gjf"
"2144","C56_000317","317","56","train","2026","data/structures/C56/C56_000317.gjf"
"2145","C56_000318","318","56","train","2026","data/structures/C56/C56_000318.gjf"
"2146","C56_000319","319","56","train","2026","data/structures/C56/C56_000319.gjf"
"2147","C56_000320","320","56","train","2026","data/structures/C56/C56_000320.gjf"
"2148","C56_000321","321","56","train","2026","data/structures/C56/C56_000321.gjf"
"2149","C56_000322","322","56","train","2026","data/structures/C56/C56_000322.gjf"
"2150","C56_000323","323","56","train","2026","data/structures/C56/C56_000323.gjf"
"2151","C56_000324","324","56","train","2026","data/structures/C56/C56_000324.gjf"
"2152","C56_000325","325","56","train","2026","data/structures/C56/C56_000325.gjf"
"2153","C56_000326","326","56","train","2026","data/structures/C56/C56_000326.gjf"
"2154","C56_000327","327","56","train","2026","data/structures/C56/C56_000327.gjf"
"2155","C56_000328","328","56","train","2026","data/structures/C56/C56_000328.gjf"
"2156","C56_000329","329","56","train","2026","data/structures/C56/C56_000329.gjf"
"2157","C56_000330","330","56","train","2026","data/structures/C56/C56_000330.gjf"
"2158","C56_000331","331","56","val","2026","data/structures/C56/C56_000331.gjf"
"2159","C56_000332","332","56","train","2026","data/structures/C56/C56_000332.gjf"
"2160","C56_000333","333","56","train","2026","data/structures/C56/C56_000333.gjf"
"2161","C56_000334","334","56","train","2026","data/structures/C56/C56_000334.gjf"
"2162","C56_000335","335","56","train","2026","data/structures/C56/C56_000335.gjf"
"2163","C56_000336","336","56","train","2026","data/structures/C56/C56_000336.gjf"
"2164","C56_000337","337","56","val","2026","data/structures/C56/C56_000337.gjf"
"2165","C56_000338","338","56","train","2026","data/structures/C56/C56_000338.gjf"
"2166","C56_000339","339","56","train","2026","data/structures/C56/C56_000339.gjf"
"2167","C56_000340","340","56","train","2026","data/structures/C56/C56_000340.gjf"
"2168","C56_000341","341","56","val","2026","data/structures/C56/C56_000341.gjf"
"2169","C56_000342","342","56","train","2026","data/structures/C56/C56_000342.gjf"
"2170","C56_000343","343","56","train","2026","data/structures/C56/C56_000343.gjf"
"2171","C56_000344","344","56","train","2026","data/structures/C56/C56_000344.gjf"
"2172","C56_000345","345","56","train","2026","data/structures/C56/C56_000345.gjf"
"2173","C56_000346","346","56","train","2026","data/structures/C56/C56_000346.gjf"
"2174","C56_000347","347","56","train","2026","data/structures/C56/C56_000347.gjf"
"2175","C56_000348","348","56","train","2026","data/structures/C56/C56_000348.gjf"
"2176","C56_000349","349","56","train","2026","data/structures/C56/C56_000349.gjf"
"2177","C56_000350","350","56","val","2026","data/structures/C56/C56_000350.gjf"
"2178","C56_000351","351","56","train","2026","data/structures/C56/C56_000351.gjf"
"2179","C56_000352","352","56","train","2026","data/structures/C56/C56_000352.gjf"
"2180","C56_000353","353","56","train","2026","data/structures/C56/C56_000353.gjf"
"2181","C56_000354","354","56","train","2026","data/structures/C56/C56_000354.gjf"
"2182","C56_000355","355","56","train","2026","data/structures/C56/C56_000355.gjf"
"2183","C56_000356","356","56","train","2026","data/structures/C56/C56_000356.gjf"
"2184","C56_000357","357","56","train","2026","data/structures/C56/C56_000357.gjf"
"2185","C56_000358","358","56","train","2026","data/structures/C56/C56_000358.gjf"
"2186","C56_000359","359","56","val","2026","data/structures/C56/C56_000359.gjf"
"2187","C56_000360","360","56","train","2026","data/structures/C56/C56_000360.gjf"
"2188","C56_000361","361","56","test","2026","data/structures/C56/C56_000361.gjf"
"2189","C56_000362","362","56","train","2026","data/structures/C56/C56_000362.gjf"
"2190","C56_000363","363","56","val","2026","data/structures/C56/C56_000363.gjf"
"2191","C56_000364","364","56","train","2026","data/structures/C56/C56_000364.gjf"
"2192","C56_000365","365","56","train","2026","data/structures/C56/C56_000365.gjf"
"2193","C56_000366","366","56","train","2026","data/structures/C56/C56_000366.gjf"
"2194","C56_000367","367","56","train","2026","data/structures/C56/C56_000367.gjf"
"2195","C56_000368","368","56","train","2026","data/structures/C56/C56_000368.gjf"
"2196","C56_000369","369","56","train","2026","data/structures/C56/C56_000369.gjf"
"2197","C56_000370","370","56","train","2026","data/structures/C56/C56_000370.gjf"
"2198","C56_000371","371","56","train","2026","data/structures/C56/C56_000371.gjf"
"2199","C56_000372","372","56","train","2026","data/structures/C56/C56_000372.gjf"
"2200","C56_000373","373","56","train","2026","data/structures/C56/C56_000373.gjf"
"2201","C56_000374","374","56","val","2026","data/structures/C56/C56_000374.gjf"
"2202","C56_000375","375","56","train","2026","data/structures/C56/C56_000375.gjf"
"2203","C56_000376","376","56","test","2026","data/structures/C56/C56_000376.gjf"
"2204","C56_000377","377","56","train","2026","data/structures/C56/C56_000377.gjf"
"2205","C56_000378","378","56","train","2026","data/structures/C56/C56_000378.gjf"
"2206","C56_000379","379","56","train","2026","data/structures/C56/C56_000379.gjf"
"2207","C56_000380","380","56","train","2026","data/structures/C56/C56_000380.gjf"
"2208","C56_000381","381","56","train","2026","data/structures/C56/C56_000381.gjf"
"2209","C56_000382","382","56","train","2026","data/structures/C56/C56_000382.gjf"
"2210","C56_000383","383","56","train","2026","data/structures/C56/C56_000383.gjf"
"2211","C56_000384","384","56","train","2026","data/structures/C56/C56_000384.gjf"
"2212","C56_000385","385","56","val","2026","data/structures/C56/C56_000385.gjf"
"2213","C56_000386","386","56","train","2026","data/structures/C56/C56_000386.gjf"
"2214","C56_000387","387","56","test","2026","data/structures/C56/C56_000387.gjf"
"2215","C56_000388","388","56","train","2026","data/structures/C56/C56_000388.gjf"
"2216","C56_000389","389","56","val","2026","data/structures/C56/C56_000389.gjf"
"2217","C56_000390","390","56","train","2026","data/structures/C56/C56_000390.gjf"
"2218","C56_000391","391","56","train","2026","data/structures/C56/C56_000391.gjf"
"2219","C56_000392","392","56","train","2026","data/structures/C56/C56_000392.gjf"
"2220","C56_000393","393","56","train","2026","data/structures/C56/C56_000393.gjf"
"2221","C56_000394","394","56","val","2026","data/structures/C56/C56_000394.gjf"
"2222","C56_000395","395","56","train","2026","data/structures/C56/C56_000395.gjf"
"2223","C56_000396","396","56","train","2026","data/structures/C56/C56_000396.gjf"
"2224","C56_000397","397","56","train","2026","data/structures/C56/C56_000397.gjf"
"2225","C56_000398","398","56","train","2026","data/structures/C56/C56_000398.gjf"
"2226","C56_000399","399","56","val","2026","data/structures/C56/C56_000399.gjf"
"2227","C56_000400","400","56","train","2026","data/structures/C56/C56_000400.gjf"
"2228","C56_000401","401","56","val","2026","data/structures/C56/C56_000401.gjf"
"2229","C56_000402","402","56","val","2026","data/structures/C56/C56_000402.gjf"
"2230","C56_000403","403","56","train","2026","data/structures/C56/C56_000403.gjf"
"2231","C56_000404","404","56","train","2026","data/structures/C56/C56_000404.gjf"
"2232","C56_000405","405","56","train","2026","data/structures/C56/C56_000405.gjf"
"2233","C56_000406","406","56","train","2026","data/structures/C56/C56_000406.gjf"
"2234","C56_000407","407","56","train","2026","data/structures/C56/C56_000407.gjf"
"2235","C56_000408","408","56","val","2026","data/structures/C56/C56_000408.gjf"
"2236","C56_000409","409","56","train","2026","data/structures/C56/C56_000409.gjf"
"2237","C56_000410","410","56","test","2026","data/structures/C56/C56_000410.gjf"
"2238","C56_000411","411","56","val","2026","data/structures/C56/C56_000411.gjf"
"2239","C56_000412","412","56","train","2026","data/structures/C56/C56_000412.gjf"
"2240","C56_000413","413","56","train","2026","data/structures/C56/C56_000413.gjf"
"2241","C56_000414","414","56","train","2026","data/structures/C56/C56_000414.gjf"
"2242","C56_000415","415","56","val","2026","data/structures/C56/C56_000415.gjf"
"2243","C56_000416","416","56","train","2026","data/structures/C56/C56_000416.gjf"
"2244","C56_000417","417","56","test","2026","data/structures/C56/C56_000417.gjf"
"2245","C56_000418","418","56","train","2026","data/structures/C56/C56_000418.gjf"
"2246","C56_000419","419","56","train","2026","data/structures/C56/C56_000419.gjf"
"2247","C56_000420","420","56","train","2026","data/structures/C56/C56_000420.gjf"
"2248","C56_000421","421","56","train","2026","data/structures/C56/C56_000421.gjf"
"2249","C56_000422","422","56","train","2026","data/structures/C56/C56_000422.gjf"
"2250","C56_000423","423","56","train","2026","data/structures/C56/C56_000423.gjf"
"2251","C56_000424","424","56","train","2026","data/structures/C56/C56_000424.gjf"
"2252","C56_000425","425","56","train","2026","data/structures/C56/C56_000425.gjf"
"2253","C56_000426","426","56","val","2026","data/structures/C56/C56_000426.gjf"
"2254","C56_000427","427","56","train","2026","data/structures/C56/C56_000427.gjf"
"2255","C56_000428","428","56","train","2026","data/structures/C56/C56_000428.gjf"
"2256","C56_000429","429","56","train","2026","data/structures/C56/C56_000429.gjf"
"2257","C56_000430","430","56","train","2026","data/structures/C56/C56_000430.gjf"
"2258","C56_000431","431","56","train","2026","data/structures/C56/C56_000431.gjf"
"2259","C56_000432","432","56","train","2026","data/structures/C56/C56_000432.gjf"
"2260","C56_000433","433","56","train","2026","data/structures/C56/C56_000433.gjf"
"2261","C56_000434","434","56","train","2026","data/structures/C56/C56_000434.gjf"
"2262","C56_000435","435","56","val","2026","data/structures/C56/C56_000435.gjf"
"2263","C56_000436","436","56","train","2026","data/structures/C56/C56_000436.gjf"
"2264","C56_000437","437","56","train","2026","data/structures/C56/C56_000437.gjf"
"2265","C56_000438","438","56","train","2026","data/structures/C56/C56_000438.gjf"
"2266","C56_000439","439","56","val","2026","data/structures/C56/C56_000439.gjf"
"2267","C56_000440","440","56","val","2026","data/structures/C56/C56_000440.gjf"
"2268","C56_000441","441","56","val","2026","data/structures/C56/C56_000441.gjf"
"2269","C56_000442","442","56","train","2026","data/structures/C56/C56_000442.gjf"
"2270","C56_000443","443","56","train","2026","data/structures/C56/C56_000443.gjf"
"2271","C56_000444","444","56","test","2026","data/structures/C56/C56_000444.gjf"
"2272","C56_000445","445","56","train","2026","data/structures/C56/C56_000445.gjf"
"2273","C56_000446","446","56","train","2026","data/structures/C56/C56_000446.gjf"
"2274","C56_000447","447","56","test","2026","data/structures/C56/C56_000447.gjf"
"2275","C56_000448","448","56","train","2026","data/structures/C56/C56_000448.gjf"
"2276","C56_000449","449","56","train","2026","data/structures/C56/C56_000449.gjf"
"2277","C56_000450","450","56","val","2026","data/structures/C56/C56_000450.gjf"
"2278","C56_000451","451","56","val","2026","data/structures/C56/C56_000451.gjf"
"2279","C56_000452","452","56","train","2026","data/structures/C56/C56_000452.gjf"
"2280","C56_000453","453","56","train","2026","data/structures/C56/C56_000453.gjf"
"2281","C56_000454","454","56","train","2026","data/structures/C56/C56_000454.gjf"
"2282","C56_000455","455","56","train","2026","data/structures/C56/C56_000455.gjf"
"2283","C56_000456","456","56","test","2026","data/structures/C56/C56_000456.gjf"
"2284","C56_000457","457","56","train","2026","data/structures/C56/C56_000457.gjf"
"2285","C56_000458","458","56","train","2026","data/structures/C56/C56_000458.gjf"
"2286","C56_000459","459","56","train","2026","data/structures/C56/C56_000459.gjf"
"2287","C56_000460","460","56","val","2026","data/structures/C56/C56_000460.gjf"
"2288","C56_000461","461","56","train","2026","data/structures/C56/C56_000461.gjf"
"2289","C56_000462","462","56","val","2026","data/structures/C56/C56_000462.gjf"
"2290","C56_000463","463","56","train","2026","data/structures/C56/C56_000463.gjf"
"2291","C56_000464","464","56","train","2026","data/structures/C56/C56_000464.gjf"
"2292","C56_000465","465","56","train","2026","data/structures/C56/C56_000465.gjf"
"2293","C56_000466","466","56","train","2026","data/structures/C56/C56_000466.gjf"
"2294","C56_000467","467","56","train","2026","data/structures/C56/C56_000467.gjf"
"2295","C56_000468","468","56","train","2026","data/structures/C56/C56_000468.gjf"
"2296","C56_000469","469","56","train","2026","data/structures/C56/C56_000469.gjf"
"2297","C56_000470","470","56","train","2026","data/structures/C56/C56_000470.gjf"
"2298","C56_000471","471","56","train","2026","data/structures/C56/C56_000471.gjf"
"2299","C56_000472","472","56","train","2026","data/structures/C56/C56_000472.gjf"
"2300","C56_000473","473","56","test","2026","data/structures/C56/C56_000473.gjf"
"2301","C56_000474","474","56","train","2026","data/structures/C56/C56_000474.gjf"
"2302","C56_000475","475","56","train","2026","data/structures/C56/C56_000475.gjf"
"2303","C56_000476","476","56","train","2026","data/structures/C56/C56_000476.gjf"
"2304","C56_000477","477","56","train","2026","data/structures/C56/C56_000477.gjf"
"2305","C56_000478","478","56","test","2026","data/structures/C56/C56_000478.gjf"
"2306","C56_000479","479","56","train","2026","data/structures/C56/C56_000479.gjf"
"2307","C56_000480","480","56","train","2026","data/structures/C56/C56_000480.gjf"
"2308","C56_000481","481","56","val","2026","data/structures/C56/C56_000481.gjf"
"2309","C56_000482","482","56","train","2026","data/structures/C56/C56_000482.gjf"
"2310","C56_000483","483","56","train","2026","data/structures/C56/C56_000483.gjf"
"2311","C56_000484","484","56","train","2026","data/structures/C56/C56_000484.gjf"
"2312","C56_000485","485","56","train","2026","data/structures/C56/C56_000485.gjf"
"2313","C56_000486","486","56","train","2026","data/structures/C56/C56_000486.gjf"
"2314","C56_000487","487","56","train","2026","data/structures/C56/C56_000487.gjf"
"2315","C56_000488","488","56","train","2026","data/structures/C56/C56_000488.gjf"
"2316","C56_000489","489","56","train","2026","data/structures/C56/C56_000489.gjf"
"2317","C56_000490","490","56","train","2026","data/structures/C56/C56_000490.gjf"
"2318","C56_000491","491","56","train","2026","data/structures/C56/C56_000491.gjf"
"2319","C56_000492","492","56","train","2026","data/structures/C56/C56_000492.gjf"
"2320","C56_000493","493","56","test","2026","data/structures/C56/C56_000493.gjf"
"2321","C56_000494","494","56","train","2026","data/structures/C56/C56_000494.gjf"
"2322","C56_000495","495","56","train","2026","data/structures/C56/C56_000495.gjf"
"2323","C56_000496","496","56","train","2026","data/structures/C56/C56_000496.gjf"
"2324","C56_000497","497","56","train","2026","data/structures/C56/C56_000497.gjf"
"2325","C56_000498","498","56","val","2026","data/structures/C56/C56_000498.gjf"
"2326","C56_000499","499","56","train","2026","data/structures/C56/C56_000499.gjf"
"2327","C56_000500","500","56","train","2026","data/structures/C56/C56_000500.gjf"
"2328","C56_000501","501","56","val","2026","data/structures/C56/C56_000501.gjf"
"2329","C56_000502","502","56","train","2026","data/structures/C56/C56_000502.gjf"
"2330","C56_000503","503","56","train","2026","data/structures/C56/C56_000503.gjf"
"2331","C56_000504","504","56","val","2026","data/structures/C56/C56_000504.gjf"
"2332","C56_000505","505","56","train","2026","data/structures/C56/C56_000505.gjf"
"2333","C56_000506","506","56","val","2026","data/structures/C56/C56_000506.gjf"
"2334","C56_000507","507","56","train","2026","data/structures/C56/C56_000507.gjf"
"2335","C56_000508","508","56","test","2026","data/structures/C56/C56_000508.gjf"
"2336","C56_000509","509","56","test","2026","data/structures/C56/C56_000509.gjf"
"2337","C56_000510","510","56","train","2026","data/structures/C56/C56_000510.gjf"
"2338","C56_000511","511","56","train","2026","data/structures/C56/C56_000511.gjf"
"2339","C56_000512","512","56","train","2026","data/structures/C56/C56_000512.gjf"
"2340","C56_000513","513","56","train","2026","data/structures/C56/C56_000513.gjf"
"2341","C56_000514","514","56","train","2026","data/structures/C56/C56_000514.gjf"
"2342","C56_000515","515","56","train","2026","data/structures/C56/C56_000515.gjf"
"2343","C56_000516","516","56","train","2026","data/structures/C56/C56_000516.gjf"
"2344","C56_000517","517","56","train","2026","data/structures/C56/C56_000517.gjf"
"2345","C56_000518","518","56","train","2026","data/structures/C56/C56_000518.gjf"
"2346","C56_000519","519","56","train","2026","data/structures/C56/C56_000519.gjf"
"2347","C56_000520","520","56","train","2026","data/structures/C56/C56_000520.gjf"
"2348","C56_000521","521","56","train","2026","data/structures/C56/C56_000521.gjf"
"2349","C56_000522","522","56","test","2026","data/structures/C56/C56_000522.gjf"
"2350","C56_000523","523","56","train","2026","data/structures/C56/C56_000523.gjf"
"2351","C56_000524","524","56","train","2026","data/structures/C56/C56_000524.gjf"
"2352","C56_000525","525","56","train","2026","data/structures/C56/C56_000525.gjf"
"2353","C56_000526","526","56","train","2026","data/structures/C56/C56_000526.gjf"
"2354","C56_000527","527","56","train","2026","data/structures/C56/C56_000527.gjf"
"2355","C56_000528","528","56","train","2026","data/structures/C56/C56_000528.gjf"
"2356","C56_000529","529","56","test","2026","data/structures/C56/C56_000529.gjf"
"2357","C56_000530","530","56","train","2026","data/structures/C56/C56_000530.gjf"
"2358","C56_000531","531","56","train","2026","data/structures/C56/C56_000531.gjf"
"2359","C56_000532","532","56","train","2026","data/structures/C56/C56_000532.gjf"
"2360","C56_000533","533","56","train","2026","data/structures/C56/C56_000533.gjf"
"2361","C56_000534","534","56","train","2026","data/structures/C56/C56_000534.gjf"
"2362","C56_000535","535","56","train","2026","data/structures/C56/C56_000535.gjf"
"2363","C56_000536","536","56","train","2026","data/structures/C56/C56_000536.gjf"
"2364","C56_000537","537","56","train","2026","data/structures/C56/C56_000537.gjf"
"2365","C56_000538","538","56","train","2026","data/structures/C56/C56_000538.gjf"
"2366","C56_000539","539","56","train","2026","data/structures/C56/C56_000539.gjf"
"2367","C56_000540","540","56","test","2026","data/structures/C56/C56_000540.gjf"
"2368","C56_000541","541","56","val","2026","data/structures/C56/C56_000541.gjf"
"2369","C56_000542","542","56","train","2026","data/structures/C56/C56_000542.gjf"
"2370","C56_000543","543","56","test","2026","data/structures/C56/C56_000543.gjf"
"2371","C56_000544","544","56","train","2026","data/structures/C56/C56_000544.gjf"
"2372","C56_000545","545","56","train","2026","data/structures/C56/C56_000545.gjf"
"2373","C56_000546","546","56","train","2026","data/structures/C56/C56_000546.gjf"
"2374","C56_000547","547","56","train","2026","data/structures/C56/C56_000547.gjf"
"2375","C56_000548","548","56","val","2026","data/structures/C56/C56_000548.gjf"
"2376","C56_000549","549","56","val","2026","data/structures/C56/C56_000549.gjf"
"2377","C56_000550","550","56","train","2026","data/structures/C56/C56_000550.gjf"
"2378","C56_000551","551","56","train","2026","data/structures/C56/C56_000551.gjf"
"2379","C56_000552","552","56","train","2026","data/structures/C56/C56_000552.gjf"
"2380","C56_000553","553","56","train","2026","data/structures/C56/C56_000553.gjf"
"2381","C56_000554","554","56","train","2026","data/structures/C56/C56_000554.gjf"
"2382","C56_000555","555","56","train","2026","data/structures/C56/C56_000555.gjf"
"2383","C56_000556","556","56","train","2026","data/structures/C56/C56_000556.gjf"
"2384","C56_000557","557","56","train","2026","data/structures/C56/C56_000557.gjf"
"2385","C56_000558","558","56","train","2026","data/structures/C56/C56_000558.gjf"
"2386","C56_000559","559","56","train","2026","data/structures/C56/C56_000559.gjf"
"2387","C56_000560","560","56","val","2026","data/structures/C56/C56_000560.gjf"
"2388","C56_000561","561","56","train","2026","data/structures/C56/C56_000561.gjf"
"2389","C56_000562","562","56","train","2026","data/structures/C56/C56_000562.gjf"
"2390","C56_000563","563","56","val","2026","data/structures/C56/C56_000563.gjf"
"2391","C56_000564","564","56","train","2026","data/structures/C56/C56_000564.gjf"
"2392","C56_000565","565","56","train","2026","data/structures/C56/C56_000565.gjf"
"2393","C56_000566","566","56","train","2026","data/structures/C56/C56_000566.gjf"
"2394","C56_000567","567","56","train","2026","data/structures/C56/C56_000567.gjf"
"2395","C56_000568","568","56","train","2026","data/structures/C56/C56_000568.gjf"
"2396","C56_000569","569","56","train","2026","data/structures/C56/C56_000569.gjf"
"2397","C56_000570","570","56","train","2026","data/structures/C56/C56_000570.gjf"
"2398","C56_000571","571","56","train","2026","data/structures/C56/C56_000571.gjf"
"2399","C56_000572","572","56","train","2026","data/structures/C56/C56_000572.gjf"
"2400","C56_000573","573","56","train","2026","data/structures/C56/C56_000573.gjf"
"2401","C56_000574","574","56","test","2026","data/structures/C56/C56_000574.gjf"
"2402","C56_000575","575","56","train","2026","data/structures/C56/C56_000575.gjf"
"2403","C56_000576","576","56","test","2026","data/structures/C56/C56_000576.gjf"
"2404","C56_000577","577","56","train","2026","data/structures/C56/C56_000577.gjf"
"2405","C56_000578","578","56","test","2026","data/structures/C56/C56_000578.gjf"
"2406","C56_000579","579","56","train","2026","data/structures/C56/C56_000579.gjf"
"2407","C56_000580","580","56","train","2026","data/structures/C56/C56_000580.gjf"
"2408","C56_000581","581","56","val","2026","data/structures/C56/C56_000581.gjf"
"2409","C56_000582","582","56","test","2026","data/structures/C56/C56_000582.gjf"
"2410","C56_000583","583","56","train","2026","data/structures/C56/C56_000583.gjf"
"2411","C56_000584","584","56","test","2026","data/structures/C56/C56_000584.gjf"
"2412","C56_000585","585","56","train","2026","data/structures/C56/C56_000585.gjf"
"2413","C56_000586","586","56","train","2026","data/structures/C56/C56_000586.gjf"
"2414","C56_000587","587","56","train","2026","data/structures/C56/C56_000587.gjf"
"2415","C56_000588","588","56","train","2026","data/structures/C56/C56_000588.gjf"
"2416","C56_000589","589","56","train","2026","data/structures/C56/C56_000589.gjf"
"2417","C56_000590","590","56","train","2026","data/structures/C56/C56_000590.gjf"
"2418","C56_000591","591","56","train","2026","data/structures/C56/C56_000591.gjf"
"2419","C56_000592","592","56","train","2026","data/structures/C56/C56_000592.gjf"
"2420","C56_000593","593","56","train","2026","data/structures/C56/C56_000593.gjf"
"2421","C56_000594","594","56","test","2026","data/structures/C56/C56_000594.gjf"
"2422","C56_000595","595","56","test","2026","data/structures/C56/C56_000595.gjf"
"2423","C56_000596","596","56","train","2026","data/structures/C56/C56_000596.gjf"
"2424","C56_000597","597","56","train","2026","data/structures/C56/C56_000597.gjf"
"2425","C56_000598","598","56","train","2026","data/structures/C56/C56_000598.gjf"
"2426","C56_000599","599","56","train","2026","data/structures/C56/C56_000599.gjf"
"2427","C56_000600","600","56","train","2026","data/structures/C56/C56_000600.gjf"
"2428","C56_000601","601","56","train","2026","data/structures/C56/C56_000601.gjf"
"2429","C56_000602","602","56","train","2026","data/structures/C56/C56_000602.gjf"
"2430","C56_000603","603","56","train","2026","data/structures/C56/C56_000603.gjf"
"2431","C56_000604","604","56","train","2026","data/structures/C56/C56_000604.gjf"
"2432","C56_000605","605","56","train","2026","data/structures/C56/C56_000605.gjf"
"2433","C56_000606","606","56","train","2026","data/structures/C56/C56_000606.gjf"
"2434","C56_000607","607","56","train","2026","data/structures/C56/C56_000607.gjf"
"2435","C56_000608","608","56","train","2026","data/structures/C56/C56_000608.gjf"
"2436","C56_000609","609","56","train","2026","data/structures/C56/C56_000609.gjf"
"2437","C56_000610","610","56","train","2026","data/structures/C56/C56_000610.gjf"
"2438","C56_000611","611","56","train","2026","data/structures/C56/C56_000611.gjf"
"2439","C56_000612","612","56","train","2026","data/structures/C56/C56_000612.gjf"
"2440","C56_000613","613","56","train","2026","data/structures/C56/C56_000613.gjf"
"2441","C56_000614","614","56","train","2026","data/structures/C56/C56_000614.gjf"
"2442","C56_000615","615","56","train","2026","data/structures/C56/C56_000615.gjf"
"2443","C56_000616","616","56","train","2026","data/structures/C56/C56_000616.gjf"
"2444","C56_000617","617","56","train","2026","data/structures/C56/C56_000617.gjf"
"2445","C56_000618","618","56","train","2026","data/structures/C56/C56_000618.gjf"
"2446","C56_000619","619","56","train","2026","data/structures/C56/C56_000619.gjf"
"2447","C56_000620","620","56","val","2026","data/structures/C56/C56_000620.gjf"
"2448","C56_000621","621","56","train","2026","data/structures/C56/C56_000621.gjf"
"2449","C56_000622","622","56","test","2026","data/structures/C56/C56_000622.gjf"
"2450","C56_000623","623","56","train","2026","data/structures/C56/C56_000623.gjf"
"2451","C56_000624","624","56","test","2026","data/structures/C56/C56_000624.gjf"
"2452","C56_000625","625","56","train","2026","data/structures/C56/C56_000625.gjf"
"2453","C56_000626","626","56","val","2026","data/structures/C56/C56_000626.gjf"
"2454","C56_000627","627","56","train","2026","data/structures/C56/C56_000627.gjf"
"2455","C56_000628","628","56","train","2026","data/structures/C56/C56_000628.gjf"
"2456","C56_000629","629","56","train","2026","data/structures/C56/C56_000629.gjf"
"2457","C56_000630","630","56","train","2026","data/structures/C56/C56_000630.gjf"
"2458","C56_000631","631","56","train","2026","data/structures/C56/C56_000631.gjf"
"2459","C56_000632","632","56","train","2026","data/structures/C56/C56_000632.gjf"
"2460","C56_000633","633","56","train","2026","data/structures/C56/C56_000633.gjf"
"2461","C56_000634","634","56","train","2026","data/structures/C56/C56_000634.gjf"
"2462","C56_000635","635","56","train","2026","data/structures/C56/C56_000635.gjf"
"2463","C56_000636","636","56","train","2026","data/structures/C56/C56_000636.gjf"
"2464","C56_000637","637","56","val","2026","data/structures/C56/C56_000637.gjf"
"2465","C56_000638","638","56","train","2026","data/structures/C56/C56_000638.gjf"
"2466","C56_000639","639","56","test","2026","data/structures/C56/C56_000639.gjf"
"2467","C56_000640","640","56","train","2026","data/structures/C56/C56_000640.gjf"
"2468","C56_000641","641","56","train","2026","data/structures/C56/C56_000641.gjf"
"2469","C56_000642","642","56","train","2026","data/structures/C56/C56_000642.gjf"
"2470","C56_000643","643","56","train","2026","data/structures/C56/C56_000643.gjf"
"2471","C56_000644","644","56","train","2026","data/structures/C56/C56_000644.gjf"
"2472","C56_000645","645","56","train","2026","data/structures/C56/C56_000645.gjf"
"2473","C56_000646","646","56","train","2026","data/structures/C56/C56_000646.gjf"
"2474","C56_000647","647","56","train","2026","data/structures/C56/C56_000647.gjf"
"2475","C56_000648","648","56","train","2026","data/structures/C56/C56_000648.gjf"
"2476","C56_000649","649","56","train","2026","data/structures/C56/C56_000649.gjf"
"2477","C56_000650","650","56","train","2026","data/structures/C56/C56_000650.gjf"
"2478","C56_000651","651","56","train","2026","data/structures/C56/C56_000651.gjf"
"2479","C56_000652","652","56","train","2026","data/structures/C56/C56_000652.gjf"
"2480","C56_000653","653","56","val","2026","data/structures/C56/C56_000653.gjf"
"2481","C56_000654","654","56","train","2026","data/structures/C56/C56_000654.gjf"
"2482","C56_000655","655","56","train","2026","data/structures/C56/C56_000655.gjf"
"2483","C56_000656","656","56","train","2026","data/structures/C56/C56_000656.gjf"
"2484","C56_000657","657","56","train","2026","data/structures/C56/C56_000657.gjf"
"2485","C56_000658","658","56","val","2026","data/structures/C56/C56_000658.gjf"
"2486","C56_000659","659","56","train","2026","data/structures/C56/C56_000659.gjf"
"2487","C56_000660","660","56","train","2026","data/structures/C56/C56_000660.gjf"
"2488","C56_000661","661","56","val","2026","data/structures/C56/C56_000661.gjf"
"2489","C56_000662","662","56","train","2026","data/structures/C56/C56_000662.gjf"
"2490","C56_000663","663","56","train","2026","data/structures/C56/C56_000663.gjf"
"2491","C56_000664","664","56","train","2026","data/structures/C56/C56_000664.gjf"
"2492","C56_000665","665","56","train","2026","data/structures/C56/C56_000665.gjf"
"2493","C56_000666","666","56","train","2026","data/structures/C56/C56_000666.gjf"
"2494","C56_000667","667","56","train","2026","data/structures/C56/C56_000667.gjf"
"2495","C56_000668","668","56","train","2026","data/structures/C56/C56_000668.gjf"
"2496","C56_000669","669","56","test","2026","data/structures/C56/C56_000669.gjf"
"2497","C56_000670","670","56","train","2026","data/structures/C56/C56_000670.gjf"
"2498","C56_000671","671","56","val","2026","data/structures/C56/C56_000671.gjf"
"2499","C56_000672","672","56","val","2026","data/structures/C56/C56_000672.gjf"
"2500","C56_000673","673","56","train","2026","data/structures/C56/C56_000673.gjf"
"2501","C56_000674","674","56","train","2026","data/structures/C56/C56_000674.gjf"
"2502","C56_000675","675","56","train","2026","data/structures/C56/C56_000675.gjf"
"2503","C56_000676","676","56","test","2026","data/structures/C56/C56_000676.gjf"
"2504","C56_000677","677","56","train","2026","data/structures/C56/C56_000677.gjf"
"2505","C56_000678","678","56","train","2026","data/structures/C56/C56_000678.gjf"
"2506","C56_000679","679","56","train","2026","data/structures/C56/C56_000679.gjf"
"2507","C56_000680","680","56","train","2026","data/structures/C56/C56_000680.gjf"
"2508","C56_000681","681","56","train","2026","data/structures/C56/C56_000681.gjf"
"2509","C56_000682","682","56","train","2026","data/structures/C56/C56_000682.gjf"
"2510","C56_000683","683","56","train","2026","data/structures/C56/C56_000683.gjf"
"2511","C56_000684","684","56","train","2026","data/structures/C56/C56_000684.gjf"
"2512","C56_000685","685","56","train","2026","data/structures/C56/C56_000685.gjf"
"2513","C56_000686","686","56","train","2026","data/structures/C56/C56_000686.gjf"
"2514","C56_000687","687","56","train","2026","data/structures/C56/C56_000687.gjf"
"2515","C56_000688","688","56","train","2026","data/structures/C56/C56_000688.gjf"
"2516","C56_000689","689","56","train","2026","data/structures/C56/C56_000689.gjf"
"2517","C56_000690","690","56","test","2026","data/structures/C56/C56_000690.gjf"
"2518","C56_000691","691","56","train","2026","data/structures/C56/C56_000691.gjf"
"2519","C56_000692","692","56","train","2026","data/structures/C56/C56_000692.gjf"
"2520","C56_000693","693","56","train","2026","data/structures/C56/C56_000693.gjf"
"2521","C56_000694","694","56","train","2026","data/structures/C56/C56_000694.gjf"
"2522","C56_000695","695","56","train","2026","data/structures/C56/C56_000695.gjf"
"2523","C56_000696","696","56","train","2026","data/structures/C56/C56_000696.gjf"
"2524","C56_000697","697","56","train","2026","data/structures/C56/C56_000697.gjf"
"2525","C56_000698","698","56","train","2026","data/structures/C56/C56_000698.gjf"
"2526","C56_000699","699","56","val","2026","data/structures/C56/C56_000699.gjf"
"2527","C56_000700","700","56","train","2026","data/structures/C56/C56_000700.gjf"
"2528","C56_000701","701","56","test","2026","data/structures/C56/C56_000701.gjf"
"2529","C56_000702","702","56","test","2026","data/structures/C56/C56_000702.gjf"
"2530","C56_000703","703","56","train","2026","data/structures/C56/C56_000703.gjf"
"2531","C56_000704","704","56","train","2026","data/structures/C56/C56_000704.gjf"
"2532","C56_000705","705","56","train","2026","data/structures/C56/C56_000705.gjf"
"2533","C56_000706","706","56","train","2026","data/structures/C56/C56_000706.gjf"
"2534","C56_000707","707","56","train","2026","data/structures/C56/C56_000707.gjf"
"2535","C56_000708","708","56","train","2026","data/structures/C56/C56_000708.gjf"
"2536","C56_000709","709","56","train","2026","data/structures/C56/C56_000709.gjf"
"2537","C56_000710","710","56","train","2026","data/structures/C56/C56_000710.gjf"
"2538","C56_000711","711","56","val","2026","data/structures/C56/C56_000711.gjf"
"2539","C56_000712","712","56","train","2026","data/structures/C56/C56_000712.gjf"
"2540","C56_000713","713","56","train","2026","data/structures/C56/C56_000713.gjf"
"2541","C56_000714","714","56","train","2026","data/structures/C56/C56_000714.gjf"
"2542","C56_000715","715","56","train","2026","data/structures/C56/C56_000715.gjf"
"2543","C56_000716","716","56","train","2026","data/structures/C56/C56_000716.gjf"
"2544","C56_000717","717","56","val","2026","data/structures/C56/C56_000717.gjf"
"2545","C56_000718","718","56","test","2026","data/structures/C56/C56_000718.gjf"
"2546","C56_000719","719","56","train","2026","data/structures/C56/C56_000719.gjf"
"2547","C56_000720","720","56","train","2026","data/structures/C56/C56_000720.gjf"
"2548","C56_000721","721","56","val","2026","data/structures/C56/C56_000721.gjf"
"2549","C56_000722","722","56","train","2026","data/structures/C56/C56_000722.gjf"
"2550","C56_000723","723","56","train","2026","data/structures/C56/C56_000723.gjf"
"2551","C56_000724","724","56","train","2026","data/structures/C56/C56_000724.gjf"
"2552","C56_000725","725","56","train","2026","data/structures/C56/C56_000725.gjf"
"2553","C56_000726","726","56","train","2026","data/structures/C56/C56_000726.gjf"
"2554","C56_000727","727","56","train","2026","data/structures/C56/C56_000727.gjf"
"2555","C56_000728","728","56","train","2026","data/structures/C56/C56_000728.gjf"
"2556","C56_000729","729","56","train","2026","data/structures/C56/C56_000729.gjf"
"2557","C56_000730","730","56","train","2026","data/structures/C56/C56_000730.gjf"
"2558","C56_000731","731","56","train","2026","data/structures/C56/C56_000731.gjf"
"2559","C56_000732","732","56","val","2026","data/structures/C56/C56_000732.gjf"
"2560","C56_000733","733","56","train","2026","data/structures/C56/C56_000733.gjf"
"2561","C56_000734","734","56","train","2026","data/structures/C56/C56_000734.gjf"
"2562","C56_000735","735","56","test","2026","data/structures/C56/C56_000735.gjf"
"2563","C56_000736","736","56","val","2026","data/structures/C56/C56_000736.gjf"
"2564","C56_000737","737","56","test","2026","data/structures/C56/C56_000737.gjf"
"2565","C56_000738","738","56","train","2026","data/structures/C56/C56_000738.gjf"
"2566","C56_000739","739","56","train","2026","data/structures/C56/C56_000739.gjf"
"2567","C56_000740","740","56","train","2026","data/structures/C56/C56_000740.gjf"
"2568","C56_000741","741","56","train","2026","data/structures/C56/C56_000741.gjf"
"2569","C56_000742","742","56","test","2026","data/structures/C56/C56_000742.gjf"
"2570","C56_000743","743","56","train","2026","data/structures/C56/C56_000743.gjf"
"2571","C56_000744","744","56","val","2026","data/structures/C56/C56_000744.gjf"
"2572","C56_000745","745","56","test","2026","data/structures/C56/C56_000745.gjf"
"2573","C56_000746","746","56","train","2026","data/structures/C56/C56_000746.gjf"
"2574","C56_000747","747","56","train","2026","data/structures/C56/C56_000747.gjf"
"2575","C56_000748","748","56","test","2026","data/structures/C56/C56_000748.gjf"
"2576","C56_000749","749","56","train","2026","data/structures/C56/C56_000749.gjf"
"2577","C56_000750","750","56","train","2026","data/structures/C56/C56_000750.gjf"
"2578","C56_000751","751","56","train","2026","data/structures/C56/C56_000751.gjf"
"2579","C56_000752","752","56","train","2026","data/structures/C56/C56_000752.gjf"
"2580","C56_000753","753","56","train","2026","data/structures/C56/C56_000753.gjf"
"2581","C56_000754","754","56","train","2026","data/structures/C56/C56_000754.gjf"
"2582","C56_000755","755","56","train","2026","data/structures/C56/C56_000755.gjf"
"2583","C56_000756","756","56","train","2026","data/structures/C56/C56_000756.gjf"
"2584","C56_000757","757","56","train","2026","data/structures/C56/C56_000757.gjf"
"2585","C56_000758","758","56","train","2026","data/structures/C56/C56_000758.gjf"
"2586","C56_000759","759","56","train","2026","data/structures/C56/C56_000759.gjf"
"2587","C56_000760","760","56","val","2026","data/structures/C56/C56_000760.gjf"
"2588","C56_000761","761","56","train","2026","data/structures/C56/C56_000761.gjf"
"2589","C56_000762","762","56","train","2026","data/structures/C56/C56_000762.gjf"
"2590","C56_000763","763","56","train","2026","data/structures/C56/C56_000763.gjf"
"2591","C56_000764","764","56","test","2026","data/structures/C56/C56_000764.gjf"
"2592","C56_000765","765","56","train","2026","data/structures/C56/C56_000765.gjf"
"2593","C56_000766","766","56","train","2026","data/structures/C56/C56_000766.gjf"
"2594","C56_000767","767","56","test","2026","data/structures/C56/C56_000767.gjf"
"2595","C56_000768","768","56","val","2026","data/structures/C56/C56_000768.gjf"
"2596","C56_000769","769","56","train","2026","data/structures/C56/C56_000769.gjf"
"2597","C56_000770","770","56","test","2026","data/structures/C56/C56_000770.gjf"
"2598","C56_000771","771","56","train","2026","data/structures/C56/C56_000771.gjf"
"2599","C56_000772","772","56","train","2026","data/structures/C56/C56_000772.gjf"
"2600","C56_000773","773","56","train","2026","data/structures/C56/C56_000773.gjf"
"2601","C56_000774","774","56","train","2026","data/structures/C56/C56_000774.gjf"
"2602","C56_000775","775","56","train","2026","data/structures/C56/C56_000775.gjf"
"2603","C56_000776","776","56","train","2026","data/structures/C56/C56_000776.gjf"
"2604","C56_000777","777","56","train","2026","data/structures/C56/C56_000777.gjf"
"2605","C56_000778","778","56","test","2026","data/structures/C56/C56_000778.gjf"
"2606","C56_000779","779","56","train","2026","data/structures/C56/C56_000779.gjf"
"2607","C56_000780","780","56","test","2026","data/structures/C56/C56_000780.gjf"
"2608","C56_000781","781","56","train","2026","data/structures/C56/C56_000781.gjf"
"2609","C56_000782","782","56","train","2026","data/structures/C56/C56_000782.gjf"
"2610","C56_000783","783","56","train","2026","data/structures/C56/C56_000783.gjf"
"2611","C56_000784","784","56","train","2026","data/structures/C56/C56_000784.gjf"
"2612","C56_000785","785","56","train","2026","data/structures/C56/C56_000785.gjf"
"2613","C56_000786","786","56","train","2026","data/structures/C56/C56_000786.gjf"
"2614","C56_000787","787","56","val","2026","data/structures/C56/C56_000787.gjf"
"2615","C56_000788","788","56","val","2026","data/structures/C56/C56_000788.gjf"
"2616","C56_000789","789","56","val","2026","data/structures/C56/C56_000789.gjf"
"2617","C56_000790","790","56","train","2026","data/structures/C56/C56_000790.gjf"
"2618","C56_000791","791","56","train","2026","data/structures/C56/C56_000791.gjf"
"2619","C56_000792","792","56","train","2026","data/structures/C56/C56_000792.gjf"
"2620","C56_000793","793","56","train","2026","data/structures/C56/C56_000793.gjf"
"2621","C56_000794","794","56","train","2026","data/structures/C56/C56_000794.gjf"
"2622","C56_000795","795","56","train","2026","data/structures/C56/C56_000795.gjf"
"2623","C56_000796","796","56","val","2026","data/structures/C56/C56_000796.gjf"
"2624","C56_000797","797","56","train","2026","data/structures/C56/C56_000797.gjf"
"2625","C56_000798","798","56","val","2026","data/structures/C56/C56_000798.gjf"
"2626","C56_000799","799","56","train","2026","data/structures/C56/C56_000799.gjf"
"2627","C56_000800","800","56","train","2026","data/structures/C56/C56_000800.gjf"
"2628","C56_000801","801","56","train","2026","data/structures/C56/C56_000801.gjf"
"2629","C56_000802","802","56","train","2026","data/structures/C56/C56_000802.gjf"
"2630","C56_000803","803","56","train","2026","data/structures/C56/C56_000803.gjf"
"2631","C56_000804","804","56","val","2026","data/structures/C56/C56_000804.gjf"
"2632","C56_000805","805","56","train","2026","data/structures/C56/C56_000805.gjf"
"2633","C56_000806","806","56","val","2026","data/structures/C56/C56_000806.gjf"
"2634","C56_000807","807","56","train","2026","data/structures/C56/C56_000807.gjf"
"2635","C56_000808","808","56","train","2026","data/structures/C56/C56_000808.gjf"
"2636","C56_000809","809","56","train","2026","data/structures/C56/C56_000809.gjf"
"2637","C56_000810","810","56","train","2026","data/structures/C56/C56_000810.gjf"
"2638","C56_000811","811","56","val","2026","data/structures/C56/C56_000811.gjf"
"2639","C56_000812","812","56","train","2026","data/structures/C56/C56_000812.gjf"
"2640","C56_000813","813","56","train","2026","data/structures/C56/C56_000813.gjf"
"2641","C56_000814","814","56","train","2026","data/structures/C56/C56_000814.gjf"
"2642","C56_000815","815","56","train","2026","data/structures/C56/C56_000815.gjf"
"2643","C56_000816","816","56","train","2026","data/structures/C56/C56_000816.gjf"
"2644","C56_000817","817","56","train","2026","data/structures/C56/C56_000817.gjf"
"2645","C56_000818","818","56","train","2026","data/structures/C56/C56_000818.gjf"
"2646","C56_000819","819","56","train","2026","data/structures/C56/C56_000819.gjf"
"2647","C56_000820","820","56","test","2026","data/structures/C56/C56_000820.gjf"
"2648","C56_000821","821","56","train","2026","data/structures/C56/C56_000821.gjf"
"2649","C56_000822","822","56","test","2026","data/structures/C56/C56_000822.gjf"
"2650","C56_000823","823","56","train","2026","data/structures/C56/C56_000823.gjf"
"2651","C56_000824","824","56","val","2026","data/structures/C56/C56_000824.gjf"
"2652","C56_000825","825","56","train","2026","data/structures/C56/C56_000825.gjf"
"2653","C56_000826","826","56","train","2026","data/structures/C56/C56_000826.gjf"
"2654","C56_000827","827","56","train","2026","data/structures/C56/C56_000827.gjf"
"2655","C56_000828","828","56","train","2026","data/structures/C56/C56_000828.gjf"
"2656","C56_000829","829","56","test","2026","data/structures/C56/C56_000829.gjf"
"2657","C56_000830","830","56","train","2026","data/structures/C56/C56_000830.gjf"
"2658","C56_000831","831","56","train","2026","data/structures/C56/C56_000831.gjf"
"2659","C56_000832","832","56","train","2026","data/structures/C56/C56_000832.gjf"
"2660","C56_000833","833","56","train","2026","data/structures/C56/C56_000833.gjf"
"2661","C56_000834","834","56","train","2026","data/structures/C56/C56_000834.gjf"
"2662","C56_000835","835","56","train","2026","data/structures/C56/C56_000835.gjf"
"2663","C56_000836","836","56","train","2026","data/structures/C56/C56_000836.gjf"
"2664","C56_000837","837","56","train","2026","data/structures/C56/C56_000837.gjf"
"2665","C56_000838","838","56","train","2026","data/structures/C56/C56_000838.gjf"
"2666","C56_000839","839","56","train","2026","data/structures/C56/C56_000839.gjf"
"2667","C56_000840","840","56","train","2026","data/structures/C56/C56_000840.gjf"
"2668","C56_000841","841","56","test","2026","data/structures/C56/C56_000841.gjf"
"2669","C56_000842","842","56","train","2026","data/structures/C56/C56_000842.gjf"
"2670","C56_000843","843","56","train","2026","data/structures/C56/C56_000843.gjf"
"2671","C56_000844","844","56","train","2026","data/structures/C56/C56_000844.gjf"
"2672","C56_000845","845","56","val","2026","data/structures/C56/C56_000845.gjf"
"2673","C56_000846","846","56","train","2026","data/structures/C56/C56_000846.gjf"
"2674","C56_000847","847","56","val","2026","data/structures/C56/C56_000847.gjf"
"2675","C56_000848","848","56","train","2026","data/structures/C56/C56_000848.gjf"
"2676","C56_000849","849","56","train","2026","data/structures/C56/C56_000849.gjf"
"2677","C56_000850","850","56","train","2026","data/structures/C56/C56_000850.gjf"
"2678","C56_000851","851","56","train","2026","data/structures/C56/C56_000851.gjf"
"2679","C56_000852","852","56","train","2026","data/structures/C56/C56_000852.gjf"
"2680","C56_000853","853","56","train","2026","data/structures/C56/C56_000853.gjf"
"2681","C56_000854","854","56","train","2026","data/structures/C56/C56_000854.gjf"
"2682","C56_000855","855","56","train","2026","data/structures/C56/C56_000855.gjf"
"2683","C56_000856","856","56","test","2026","data/structures/C56/C56_000856.gjf"
"2684","C56_000857","857","56","train","2026","data/structures/C56/C56_000857.gjf"
"2685","C56_000858","858","56","test","2026","data/structures/C56/C56_000858.gjf"
"2686","C56_000859","859","56","train","2026","data/structures/C56/C56_000859.gjf"
"2687","C56_000860","860","56","test","2026","data/structures/C56/C56_000860.gjf"
"2688","C56_000861","861","56","val","2026","data/structures/C56/C56_000861.gjf"
"2689","C56_000862","862","56","train","2026","data/structures/C56/C56_000862.gjf"
"2690","C56_000863","863","56","test","2026","data/structures/C56/C56_000863.gjf"
"2691","C56_000864","864","56","train","2026","data/structures/C56/C56_000864.gjf"
"2692","C56_000865","865","56","val","2026","data/structures/C56/C56_000865.gjf"
"2693","C56_000866","866","56","train","2026","data/structures/C56/C56_000866.gjf"
"2694","C56_000867","867","56","train","2026","data/structures/C56/C56_000867.gjf"
"2695","C56_000868","868","56","train","2026","data/structures/C56/C56_000868.gjf"
"2696","C56_000869","869","56","train","2026","data/structures/C56/C56_000869.gjf"
"2697","C56_000870","870","56","train","2026","data/structures/C56/C56_000870.gjf"
"2698","C56_000871","871","56","val","2026","data/structures/C56/C56_000871.gjf"
"2699","C56_000872","872","56","train","2026","data/structures/C56/C56_000872.gjf"
"2700","C56_000873","873","56","test","2026","data/structures/C56/C56_000873.gjf"
"2701","C56_000874","874","56","train","2026","data/structures/C56/C56_000874.gjf"
"2702","C56_000875","875","56","train","2026","data/structures/C56/C56_000875.gjf"
"2703","C56_000876","876","56","train","2026","data/structures/C56/C56_000876.gjf"
"2704","C56_000877","877","56","train","2026","data/structures/C56/C56_000877.gjf"
"2705","C56_000878","878","56","train","2026","data/structures/C56/C56_000878.gjf"
"2706","C56_000879","879","56","train","2026","data/structures/C56/C56_000879.gjf"
"2707","C56_000880","880","56","train","2026","data/structures/C56/C56_000880.gjf"
"2708","C56_000881","881","56","train","2026","data/structures/C56/C56_000881.gjf"
"2709","C56_000882","882","56","train","2026","data/structures/C56/C56_000882.gjf"
"2710","C56_000883","883","56","train","2026","data/structures/C56/C56_000883.gjf"
"2711","C56_000884","884","56","train","2026","data/structures/C56/C56_000884.gjf"
"2712","C56_000885","885","56","train","2026","data/structures/C56/C56_000885.gjf"
"2713","C56_000886","886","56","train","2026","data/structures/C56/C56_000886.gjf"
"2714","C56_000887","887","56","val","2026","data/structures/C56/C56_000887.gjf"
"2715","C56_000888","888","56","test","2026","data/structures/C56/C56_000888.gjf"
"2716","C56_000889","889","56","train","2026","data/structures/C56/C56_000889.gjf"
"2717","C56_000890","890","56","train","2026","data/structures/C56/C56_000890.gjf"
"2718","C56_000891","891","56","train","2026","data/structures/C56/C56_000891.gjf"
"2719","C56_000892","892","56","train","2026","data/structures/C56/C56_000892.gjf"
"2720","C56_000893","893","56","train","2026","data/structures/C56/C56_000893.gjf"
"2721","C56_000894","894","56","train","2026","data/structures/C56/C56_000894.gjf"
"2722","C56_000895","895","56","train","2026","data/structures/C56/C56_000895.gjf"
"2723","C56_000896","896","56","train","2026","data/structures/C56/C56_000896.gjf"
"2724","C56_000897","897","56","train","2026","data/structures/C56/C56_000897.gjf"
"2725","C56_000898","898","56","train","2026","data/structures/C56/C56_000898.gjf"
"2726","C56_000899","899","56","train","2026","data/structures/C56/C56_000899.gjf"
"2727","C56_000900","900","56","train","2026","data/structures/C56/C56_000900.gjf"
"2728","C56_000901","901","56","train","2026","data/structures/C56/C56_000901.gjf"
"2729","C56_000902","902","56","train","2026","data/structures/C56/C56_000902.gjf"
"2730","C56_000903","903","56","train","2026","data/structures/C56/C56_000903.gjf"
"2731","C56_000904","904","56","train","2026","data/structures/C56/C56_000904.gjf"
"2732","C56_000905","905","56","train","2026","data/structures/C56/C56_000905.gjf"
"2733","C56_000906","906","56","train","2026","data/structures/C56/C56_000906.gjf"
"2734","C56_000907","907","56","train","2026","data/structures/C56/C56_000907.gjf"
"2735","C56_000908","908","56","test","2026","data/structures/C56/C56_000908.gjf"
"2736","C56_000909","909","56","train","2026","data/structures/C56/C56_000909.gjf"
"2737","C56_000910","910","56","train","2026","data/structures/C56/C56_000910.gjf"
"2738","C56_000911","911","56","val","2026","data/structures/C56/C56_000911.gjf"
"2739","C56_000912","912","56","train","2026","data/structures/C56/C56_000912.gjf"
"2740","C56_000913","913","56","train","2026","data/structures/C56/C56_000913.gjf"
"2741","C56_000914","914","56","train","2026","data/structures/C56/C56_000914.gjf"
"2742","C56_000915","915","56","train","2026","data/structures/C56/C56_000915.gjf"
"2743","C56_000916","916","56","test","2026","data/structures/C56/C56_000916.gjf"
"2744","C56_000917","917","56","train","2026","data/structures/C56/C56_000917.gjf"
"2745","C56_000918","918","56","test","2026","data/structures/C56/C56_000918.gjf"
"2746","C56_000919","919","56","val","2026","data/structures/C56/C56_000919.gjf"
"2747","C56_000920","920","56","train","2026","data/structures/C56/C56_000920.gjf"
"2748","C56_000921","921","56","train","2026","data/structures/C56/C56_000921.gjf"
"2749","C56_000922","922","56","train","2026","data/structures/C56/C56_000922.gjf"
"2750","C56_000923","923","56","train","2026","data/structures/C56/C56_000923.gjf"
"2751","C56_000924","924","56","val","2026","data/structures/C56/C56_000924.gjf"
"2752","C58_000001","1","58","train","2026","data/structures/C58/C58_000001.gjf"
"2753","C58_000002","2","58","train","2026","data/structures/C58/C58_000002.gjf"
"2754","C58_000003","3","58","train","2026","data/structures/C58/C58_000003.gjf"
"2755","C58_000004","4","58","train","2026","data/structures/C58/C58_000004.gjf"
"2756","C58_000005","5","58","train","2026","data/structures/C58/C58_000005.gjf"
"2757","C58_000006","6","58","train","2026","data/structures/C58/C58_000006.gjf"
"2758","C58_000007","7","58","train","2026","data/structures/C58/C58_000007.gjf"
"2759","C58_000008","8","58","train","2026","data/structures/C58/C58_000008.gjf"
"2760","C58_000009","9","58","train","2026","data/structures/C58/C58_000009.gjf"
"2761","C58_000010","10","58","train","2026","data/structures/C58/C58_000010.gjf"
"2762","C58_000011","11","58","train","2026","data/structures/C58/C58_000011.gjf"
"2763","C58_000012","12","58","train","2026","data/structures/C58/C58_000012.gjf"
"2764","C58_000013","13","58","train","2026","data/structures/C58/C58_000013.gjf"
"2765","C58_000014","14","58","train","2026","data/structures/C58/C58_000014.gjf"
"2766","C58_000015","15","58","train","2026","data/structures/C58/C58_000015.gjf"
"2767","C58_000016","16","58","train","2026","data/structures/C58/C58_000016.gjf"
"2768","C58_000017","17","58","train","2026","data/structures/C58/C58_000017.gjf"
"2769","C58_000018","18","58","train","2026","data/structures/C58/C58_000018.gjf"
"2770","C58_000019","19","58","test","2026","data/structures/C58/C58_000019.gjf"
"2771","C58_000020","20","58","train","2026","data/structures/C58/C58_000020.gjf"
"2772","C58_000021","21","58","train","2026","data/structures/C58/C58_000021.gjf"
"2773","C58_000022","22","58","train","2026","data/structures/C58/C58_000022.gjf"
"2774","C58_000023","23","58","val","2026","data/structures/C58/C58_000023.gjf"
"2775","C58_000024","24","58","train","2026","data/structures/C58/C58_000024.gjf"
"2776","C58_000025","25","58","train","2026","data/structures/C58/C58_000025.gjf"
"2777","C58_000026","26","58","val","2026","data/structures/C58/C58_000026.gjf"
"2778","C58_000027","27","58","train","2026","data/structures/C58/C58_000027.gjf"
"2779","C58_000028","28","58","train","2026","data/structures/C58/C58_000028.gjf"
"2780","C58_000029","29","58","train","2026","data/structures/C58/C58_000029.gjf"
"2781","C58_000030","30","58","train","2026","data/structures/C58/C58_000030.gjf"
"2782","C58_000031","31","58","val","2026","data/structures/C58/C58_000031.gjf"
"2783","C58_000032","32","58","train","2026","data/structures/C58/C58_000032.gjf"
"2784","C58_000033","33","58","train","2026","data/structures/C58/C58_000033.gjf"
"2785","C58_000034","34","58","train","2026","data/structures/C58/C58_000034.gjf"
"2786","C58_000035","35","58","train","2026","data/structures/C58/C58_000035.gjf"
"2787","C58_000036","36","58","val","2026","data/structures/C58/C58_000036.gjf"
"2788","C58_000037","37","58","test","2026","data/structures/C58/C58_000037.gjf"
"2789","C58_000038","38","58","train","2026","data/structures/C58/C58_000038.gjf"
"2790","C58_000039","39","58","train","2026","data/structures/C58/C58_000039.gjf"
"2791","C58_000040","40","58","train","2026","data/structures/C58/C58_000040.gjf"
"2792","C58_000041","41","58","train","2026","data/structures/C58/C58_000041.gjf"
"2793","C58_000042","42","58","train","2026","data/structures/C58/C58_000042.gjf"
"2794","C58_000043","43","58","train","2026","data/structures/C58/C58_000043.gjf"
"2795","C58_000044","44","58","train","2026","data/structures/C58/C58_000044.gjf"
"2796","C58_000045","45","58","train","2026","data/structures/C58/C58_000045.gjf"
"2797","C58_000046","46","58","train","2026","data/structures/C58/C58_000046.gjf"
"2798","C58_000047","47","58","val","2026","data/structures/C58/C58_000047.gjf"
"2799","C58_000048","48","58","train","2026","data/structures/C58/C58_000048.gjf"
"2800","C58_000049","49","58","test","2026","data/structures/C58/C58_000049.gjf"
"2801","C58_000050","50","58","train","2026","data/structures/C58/C58_000050.gjf"
"2802","C58_000051","51","58","train","2026","data/structures/C58/C58_000051.gjf"
"2803","C58_000052","52","58","train","2026","data/structures/C58/C58_000052.gjf"
"2804","C58_000053","53","58","train","2026","data/structures/C58/C58_000053.gjf"
"2805","C58_000054","54","58","train","2026","data/structures/C58/C58_000054.gjf"
"2806","C58_000055","55","58","val","2026","data/structures/C58/C58_000055.gjf"
"2807","C58_000056","56","58","train","2026","data/structures/C58/C58_000056.gjf"
"2808","C58_000057","57","58","test","2026","data/structures/C58/C58_000057.gjf"
"2809","C58_000058","58","58","train","2026","data/structures/C58/C58_000058.gjf"
"2810","C58_000059","59","58","train","2026","data/structures/C58/C58_000059.gjf"
"2811","C58_000060","60","58","val","2026","data/structures/C58/C58_000060.gjf"
"2812","C58_000061","61","58","train","2026","data/structures/C58/C58_000061.gjf"
"2813","C58_000062","62","58","train","2026","data/structures/C58/C58_000062.gjf"
"2814","C58_000063","63","58","train","2026","data/structures/C58/C58_000063.gjf"
"2815","C58_000064","64","58","train","2026","data/structures/C58/C58_000064.gjf"
"2816","C58_000065","65","58","train","2026","data/structures/C58/C58_000065.gjf"
"2817","C58_000066","66","58","train","2026","data/structures/C58/C58_000066.gjf"
"2818","C58_000067","67","58","train","2026","data/structures/C58/C58_000067.gjf"
"2819","C58_000068","68","58","val","2026","data/structures/C58/C58_000068.gjf"
"2820","C58_000069","69","58","train","2026","data/structures/C58/C58_000069.gjf"
"2821","C58_000070","70","58","train","2026","data/structures/C58/C58_000070.gjf"
"2822","C58_000071","71","58","train","2026","data/structures/C58/C58_000071.gjf"
"2823","C58_000072","72","58","train","2026","data/structures/C58/C58_000072.gjf"
"2824","C58_000073","73","58","train","2026","data/structures/C58/C58_000073.gjf"
"2825","C58_000074","74","58","train","2026","data/structures/C58/C58_000074.gjf"
"2826","C58_000075","75","58","train","2026","data/structures/C58/C58_000075.gjf"
"2827","C58_000076","76","58","val","2026","data/structures/C58/C58_000076.gjf"
"2828","C58_000077","77","58","train","2026","data/structures/C58/C58_000077.gjf"
"2829","C58_000078","78","58","train","2026","data/structures/C58/C58_000078.gjf"
"2830","C58_000079","79","58","val","2026","data/structures/C58/C58_000079.gjf"
"2831","C58_000080","80","58","train","2026","data/structures/C58/C58_000080.gjf"
"2832","C58_000081","81","58","train","2026","data/structures/C58/C58_000081.gjf"
"2833","C58_000082","82","58","train","2026","data/structures/C58/C58_000082.gjf"
"2834","C58_000083","83","58","train","2026","data/structures/C58/C58_000083.gjf"
"2835","C58_000084","84","58","val","2026","data/structures/C58/C58_000084.gjf"
"2836","C58_000085","85","58","train","2026","data/structures/C58/C58_000085.gjf"
"2837","C58_000086","86","58","train","2026","data/structures/C58/C58_000086.gjf"
"2838","C58_000087","87","58","test","2026","data/structures/C58/C58_000087.gjf"
"2839","C58_000088","88","58","train","2026","data/structures/C58/C58_000088.gjf"
"2840","C58_000089","89","58","train","2026","data/structures/C58/C58_000089.gjf"
"2841","C58_000090","90","58","train","2026","data/structures/C58/C58_000090.gjf"
"2842","C58_000091","91","58","test","2026","data/structures/C58/C58_000091.gjf"
"2843","C58_000092","92","58","val","2026","data/structures/C58/C58_000092.gjf"
"2844","C58_000093","93","58","train","2026","data/structures/C58/C58_000093.gjf"
"2845","C58_000094","94","58","train","2026","data/structures/C58/C58_000094.gjf"
"2846","C58_000095","95","58","train","2026","data/structures/C58/C58_000095.gjf"
"2847","C58_000096","96","58","train","2026","data/structures/C58/C58_000096.gjf"
"2848","C58_000097","97","58","train","2026","data/structures/C58/C58_000097.gjf"
"2849","C58_000098","98","58","val","2026","data/structures/C58/C58_000098.gjf"
"2850","C58_000099","99","58","train","2026","data/structures/C58/C58_000099.gjf"
"2851","C58_000100","100","58","train","2026","data/structures/C58/C58_000100.gjf"
"2852","C58_000101","101","58","train","2026","data/structures/C58/C58_000101.gjf"
"2853","C58_000102","102","58","train","2026","data/structures/C58/C58_000102.gjf"
"2854","C58_000103","103","58","train","2026","data/structures/C58/C58_000103.gjf"
"2855","C58_000104","104","58","train","2026","data/structures/C58/C58_000104.gjf"
"2856","C58_000105","105","58","train","2026","data/structures/C58/C58_000105.gjf"
"2857","C58_000106","106","58","train","2026","data/structures/C58/C58_000106.gjf"
"2858","C58_000107","107","58","train","2026","data/structures/C58/C58_000107.gjf"
"2859","C58_000108","108","58","train","2026","data/structures/C58/C58_000108.gjf"
"2860","C58_000109","109","58","train","2026","data/structures/C58/C58_000109.gjf"
"2861","C58_000110","110","58","train","2026","data/structures/C58/C58_000110.gjf"
"2862","C58_000111","111","58","train","2026","data/structures/C58/C58_000111.gjf"
"2863","C58_000112","112","58","test","2026","data/structures/C58/C58_000112.gjf"
"2864","C58_000113","113","58","train","2026","data/structures/C58/C58_000113.gjf"
"2865","C58_000114","114","58","train","2026","data/structures/C58/C58_000114.gjf"
"2866","C58_000115","115","58","val","2026","data/structures/C58/C58_000115.gjf"
"2867","C58_000116","116","58","train","2026","data/structures/C58/C58_000116.gjf"
"2868","C58_000117","117","58","train","2026","data/structures/C58/C58_000117.gjf"
"2869","C58_000118","118","58","train","2026","data/structures/C58/C58_000118.gjf"
"2870","C58_000119","119","58","train","2026","data/structures/C58/C58_000119.gjf"
"2871","C58_000120","120","58","test","2026","data/structures/C58/C58_000120.gjf"
"2872","C58_000121","121","58","train","2026","data/structures/C58/C58_000121.gjf"
"2873","C58_000122","122","58","train","2026","data/structures/C58/C58_000122.gjf"
"2874","C58_000123","123","58","train","2026","data/structures/C58/C58_000123.gjf"
"2875","C58_000124","124","58","train","2026","data/structures/C58/C58_000124.gjf"
"2876","C58_000125","125","58","train","2026","data/structures/C58/C58_000125.gjf"
"2877","C58_000126","126","58","train","2026","data/structures/C58/C58_000126.gjf"
"2878","C58_000127","127","58","train","2026","data/structures/C58/C58_000127.gjf"
"2879","C58_000128","128","58","train","2026","data/structures/C58/C58_000128.gjf"
"2880","C58_000129","129","58","train","2026","data/structures/C58/C58_000129.gjf"
"2881","C58_000130","130","58","train","2026","data/structures/C58/C58_000130.gjf"
"2882","C58_000131","131","58","train","2026","data/structures/C58/C58_000131.gjf"
"2883","C58_000132","132","58","train","2026","data/structures/C58/C58_000132.gjf"
"2884","C58_000133","133","58","train","2026","data/structures/C58/C58_000133.gjf"
"2885","C58_000134","134","58","train","2026","data/structures/C58/C58_000134.gjf"
"2886","C58_000135","135","58","train","2026","data/structures/C58/C58_000135.gjf"
"2887","C58_000136","136","58","train","2026","data/structures/C58/C58_000136.gjf"
"2888","C58_000137","137","58","train","2026","data/structures/C58/C58_000137.gjf"
"2889","C58_000138","138","58","train","2026","data/structures/C58/C58_000138.gjf"
"2890","C58_000139","139","58","val","2026","data/structures/C58/C58_000139.gjf"
"2891","C58_000140","140","58","train","2026","data/structures/C58/C58_000140.gjf"
"2892","C58_000141","141","58","train","2026","data/structures/C58/C58_000141.gjf"
"2893","C58_000142","142","58","test","2026","data/structures/C58/C58_000142.gjf"
"2894","C58_000143","143","58","train","2026","data/structures/C58/C58_000143.gjf"
"2895","C58_000144","144","58","train","2026","data/structures/C58/C58_000144.gjf"
"2896","C58_000145","145","58","train","2026","data/structures/C58/C58_000145.gjf"
"2897","C58_000146","146","58","train","2026","data/structures/C58/C58_000146.gjf"
"2898","C58_000147","147","58","train","2026","data/structures/C58/C58_000147.gjf"
"2899","C58_000148","148","58","train","2026","data/structures/C58/C58_000148.gjf"
"2900","C58_000149","149","58","train","2026","data/structures/C58/C58_000149.gjf"
"2901","C58_000150","150","58","train","2026","data/structures/C58/C58_000150.gjf"
"2902","C58_000151","151","58","train","2026","data/structures/C58/C58_000151.gjf"
"2903","C58_000152","152","58","val","2026","data/structures/C58/C58_000152.gjf"
"2904","C58_000153","153","58","train","2026","data/structures/C58/C58_000153.gjf"
"2905","C58_000154","154","58","train","2026","data/structures/C58/C58_000154.gjf"
"2906","C58_000155","155","58","train","2026","data/structures/C58/C58_000155.gjf"
"2907","C58_000156","156","58","train","2026","data/structures/C58/C58_000156.gjf"
"2908","C58_000157","157","58","val","2026","data/structures/C58/C58_000157.gjf"
"2909","C58_000158","158","58","train","2026","data/structures/C58/C58_000158.gjf"
"2910","C58_000159","159","58","train","2026","data/structures/C58/C58_000159.gjf"
"2911","C58_000160","160","58","train","2026","data/structures/C58/C58_000160.gjf"
"2912","C58_000161","161","58","val","2026","data/structures/C58/C58_000161.gjf"
"2913","C58_000162","162","58","train","2026","data/structures/C58/C58_000162.gjf"
"2914","C58_000163","163","58","train","2026","data/structures/C58/C58_000163.gjf"
"2915","C58_000164","164","58","train","2026","data/structures/C58/C58_000164.gjf"
"2916","C58_000165","165","58","test","2026","data/structures/C58/C58_000165.gjf"
"2917","C58_000166","166","58","val","2026","data/structures/C58/C58_000166.gjf"
"2918","C58_000167","167","58","train","2026","data/structures/C58/C58_000167.gjf"
"2919","C58_000168","168","58","train","2026","data/structures/C58/C58_000168.gjf"
"2920","C58_000169","169","58","train","2026","data/structures/C58/C58_000169.gjf"
"2921","C58_000170","170","58","train","2026","data/structures/C58/C58_000170.gjf"
"2922","C58_000171","171","58","train","2026","data/structures/C58/C58_000171.gjf"
"2923","C58_000172","172","58","test","2026","data/structures/C58/C58_000172.gjf"
"2924","C58_000173","173","58","train","2026","data/structures/C58/C58_000173.gjf"
"2925","C58_000174","174","58","train","2026","data/structures/C58/C58_000174.gjf"
"2926","C58_000175","175","58","train","2026","data/structures/C58/C58_000175.gjf"
"2927","C58_000176","176","58","train","2026","data/structures/C58/C58_000176.gjf"
"2928","C58_000177","177","58","train","2026","data/structures/C58/C58_000177.gjf"
"2929","C58_000178","178","58","train","2026","data/structures/C58/C58_000178.gjf"
"2930","C58_000179","179","58","train","2026","data/structures/C58/C58_000179.gjf"
"2931","C58_000180","180","58","train","2026","data/structures/C58/C58_000180.gjf"
"2932","C58_000181","181","58","train","2026","data/structures/C58/C58_000181.gjf"
"2933","C58_000182","182","58","train","2026","data/structures/C58/C58_000182.gjf"
"2934","C58_000183","183","58","train","2026","data/structures/C58/C58_000183.gjf"
"2935","C58_000184","184","58","test","2026","data/structures/C58/C58_000184.gjf"
"2936","C58_000185","185","58","train","2026","data/structures/C58/C58_000185.gjf"
"2937","C58_000186","186","58","train","2026","data/structures/C58/C58_000186.gjf"
"2938","C58_000187","187","58","val","2026","data/structures/C58/C58_000187.gjf"
"2939","C58_000188","188","58","val","2026","data/structures/C58/C58_000188.gjf"
"2940","C58_000189","189","58","train","2026","data/structures/C58/C58_000189.gjf"
"2941","C58_000190","190","58","test","2026","data/structures/C58/C58_000190.gjf"
"2942","C58_000191","191","58","train","2026","data/structures/C58/C58_000191.gjf"
"2943","C58_000192","192","58","train","2026","data/structures/C58/C58_000192.gjf"
"2944","C58_000193","193","58","train","2026","data/structures/C58/C58_000193.gjf"
"2945","C58_000194","194","58","train","2026","data/structures/C58/C58_000194.gjf"
"2946","C58_000195","195","58","train","2026","data/structures/C58/C58_000195.gjf"
"2947","C58_000196","196","58","train","2026","data/structures/C58/C58_000196.gjf"
"2948","C58_000197","197","58","val","2026","data/structures/C58/C58_000197.gjf"
"2949","C58_000198","198","58","train","2026","data/structures/C58/C58_000198.gjf"
"2950","C58_000199","199","58","train","2026","data/structures/C58/C58_000199.gjf"
"2951","C58_000200","200","58","train","2026","data/structures/C58/C58_000200.gjf"
"2952","C58_000201","201","58","train","2026","data/structures/C58/C58_000201.gjf"
"2953","C58_000202","202","58","train","2026","data/structures/C58/C58_000202.gjf"
"2954","C58_000203","203","58","test","2026","data/structures/C58/C58_000203.gjf"
"2955","C58_000204","204","58","train","2026","data/structures/C58/C58_000204.gjf"
"2956","C58_000205","205","58","val","2026","data/structures/C58/C58_000205.gjf"
"2957","C58_000206","206","58","train","2026","data/structures/C58/C58_000206.gjf"
"2958","C58_000207","207","58","val","2026","data/structures/C58/C58_000207.gjf"
"2959","C58_000208","208","58","train","2026","data/structures/C58/C58_000208.gjf"
"2960","C58_000209","209","58","train","2026","data/structures/C58/C58_000209.gjf"
"2961","C58_000210","210","58","train","2026","data/structures/C58/C58_000210.gjf"
"2962","C58_000211","211","58","train","2026","data/structures/C58/C58_000211.gjf"
"2963","C58_000212","212","58","test","2026","data/structures/C58/C58_000212.gjf"
"2964","C58_000213","213","58","train","2026","data/structures/C58/C58_000213.gjf"
"2965","C58_000214","214","58","train","2026","data/structures/C58/C58_000214.gjf"
"2966","C58_000215","215","58","train","2026","data/structures/C58/C58_000215.gjf"
"2967","C58_000216","216","58","train","2026","data/structures/C58/C58_000216.gjf"
"2968","C58_000217","217","58","train","2026","data/structures/C58/C58_000217.gjf"
"2969","C58_000218","218","58","train","2026","data/structures/C58/C58_000218.gjf"
"2970","C58_000219","219","58","train","2026","data/structures/C58/C58_000219.gjf"
"2971","C58_000220","220","58","test","2026","data/structures/C58/C58_000220.gjf"
"2972","C58_000221","221","58","val","2026","data/structures/C58/C58_000221.gjf"
"2973","C58_000222","222","58","train","2026","data/structures/C58/C58_000222.gjf"
"2974","C58_000223","223","58","train","2026","data/structures/C58/C58_000223.gjf"
"2975","C58_000224","224","58","train","2026","data/structures/C58/C58_000224.gjf"
"2976","C58_000225","225","58","train","2026","data/structures/C58/C58_000225.gjf"
"2977","C58_000226","226","58","train","2026","data/structures/C58/C58_000226.gjf"
"2978","C58_000227","227","58","train","2026","data/structures/C58/C58_000227.gjf"
"2979","C58_000228","228","58","train","2026","data/structures/C58/C58_000228.gjf"
"2980","C58_000229","229","58","train","2026","data/structures/C58/C58_000229.gjf"
"2981","C58_000230","230","58","test","2026","data/structures/C58/C58_000230.gjf"
"2982","C58_000231","231","58","train","2026","data/structures/C58/C58_000231.gjf"
"2983","C58_000232","232","58","train","2026","data/structures/C58/C58_000232.gjf"
"2984","C58_000233","233","58","train","2026","data/structures/C58/C58_000233.gjf"
"2985","C58_000234","234","58","val","2026","data/structures/C58/C58_000234.gjf"
"2986","C58_000235","235","58","test","2026","data/structures/C58/C58_000235.gjf"
"2987","C58_000236","236","58","train","2026","data/structures/C58/C58_000236.gjf"
"2988","C58_000237","237","58","train","2026","data/structures/C58/C58_000237.gjf"
"2989","C58_000238","238","58","train","2026","data/structures/C58/C58_000238.gjf"
"2990","C58_000239","239","58","train","2026","data/structures/C58/C58_000239.gjf"
"2991","C58_000240","240","58","train","2026","data/structures/C58/C58_000240.gjf"
"2992","C58_000241","241","58","train","2026","data/structures/C58/C58_000241.gjf"
"2993","C58_000242","242","58","train","2026","data/structures/C58/C58_000242.gjf"
"2994","C58_000243","243","58","val","2026","data/structures/C58/C58_000243.gjf"
"2995","C58_000244","244","58","train","2026","data/structures/C58/C58_000244.gjf"
"2996","C58_000245","245","58","train","2026","data/structures/C58/C58_000245.gjf"
"2997","C58_000246","246","58","train","2026","data/structures/C58/C58_000246.gjf"
"2998","C58_000247","247","58","train","2026","data/structures/C58/C58_000247.gjf"
"2999","C58_000248","248","58","train","2026","data/structures/C58/C58_000248.gjf"
"3000","C58_000249","249","58","train","2026","data/structures/C58/C58_000249.gjf"
"3001","C58_000250","250","58","train","2026","data/structures/C58/C58_000250.gjf"
"3002","C58_000251","251","58","val","2026","data/structures/C58/C58_000251.gjf"
"3003","C58_000252","252","58","train","2026","data/structures/C58/C58_000252.gjf"
"3004","C58_000253","253","58","train","2026","data/structures/C58/C58_000253.gjf"
"3005","C58_000254","254","58","train","2026","data/structures/C58/C58_000254.gjf"
"3006","C58_000255","255","58","train","2026","data/structures/C58/C58_000255.gjf"
"3007","C58_000256","256","58","train","2026","data/structures/C58/C58_000256.gjf"
"3008","C58_000257","257","58","train","2026","data/structures/C58/C58_000257.gjf"
"3009","C58_000258","258","58","test","2026","data/structures/C58/C58_000258.gjf"
"3010","C58_000259","259","58","train","2026","data/structures/C58/C58_000259.gjf"
"3011","C58_000260","260","58","train","2026","data/structures/C58/C58_000260.gjf"
"3012","C58_000261","261","58","train","2026","data/structures/C58/C58_000261.gjf"
"3013","C58_000262","262","58","train","2026","data/structures/C58/C58_000262.gjf"
"3014","C58_000263","263","58","train","2026","data/structures/C58/C58_000263.gjf"
"3015","C58_000264","264","58","train","2026","data/structures/C58/C58_000264.gjf"
"3016","C58_000265","265","58","train","2026","data/structures/C58/C58_000265.gjf"
"3017","C58_000266","266","58","train","2026","data/structures/C58/C58_000266.gjf"
"3018","C58_000267","267","58","train","2026","data/structures/C58/C58_000267.gjf"
"3019","C58_000268","268","58","train","2026","data/structures/C58/C58_000268.gjf"
"3020","C58_000269","269","58","test","2026","data/structures/C58/C58_000269.gjf"
"3021","C58_000270","270","58","train","2026","data/structures/C58/C58_000270.gjf"
"3022","C58_000271","271","58","train","2026","data/structures/C58/C58_000271.gjf"
"3023","C58_000272","272","58","train","2026","data/structures/C58/C58_000272.gjf"
"3024","C58_000273","273","58","train","2026","data/structures/C58/C58_000273.gjf"
"3025","C58_000274","274","58","train","2026","data/structures/C58/C58_000274.gjf"
"3026","C58_000275","275","58","train","2026","data/structures/C58/C58_000275.gjf"
"3027","C58_000276","276","58","train","2026","data/structures/C58/C58_000276.gjf"
"3028","C58_000277","277","58","val","2026","data/structures/C58/C58_000277.gjf"
"3029","C58_000278","278","58","train","2026","data/structures/C58/C58_000278.gjf"
"3030","C58_000279","279","58","train","2026","data/structures/C58/C58_000279.gjf"
"3031","C58_000280","280","58","train","2026","data/structures/C58/C58_000280.gjf"
"3032","C58_000281","281","58","train","2026","data/structures/C58/C58_000281.gjf"
"3033","C58_000282","282","58","train","2026","data/structures/C58/C58_000282.gjf"
"3034","C58_000283","283","58","train","2026","data/structures/C58/C58_000283.gjf"
"3035","C58_000284","284","58","train","2026","data/structures/C58/C58_000284.gjf"
"3036","C58_000285","285","58","train","2026","data/structures/C58/C58_000285.gjf"
"3037","C58_000286","286","58","train","2026","data/structures/C58/C58_000286.gjf"
"3038","C58_000287","287","58","train","2026","data/structures/C58/C58_000287.gjf"
"3039","C58_000288","288","58","train","2026","data/structures/C58/C58_000288.gjf"
"3040","C58_000289","289","58","train","2026","data/structures/C58/C58_000289.gjf"
"3041","C58_000290","290","58","train","2026","data/structures/C58/C58_000290.gjf"
"3042","C58_000291","291","58","train","2026","data/structures/C58/C58_000291.gjf"
"3043","C58_000292","292","58","train","2026","data/structures/C58/C58_000292.gjf"
"3044","C58_000293","293","58","train","2026","data/structures/C58/C58_000293.gjf"
"3045","C58_000294","294","58","train","2026","data/structures/C58/C58_000294.gjf"
"3046","C58_000295","295","58","val","2026","data/structures/C58/C58_000295.gjf"
"3047","C58_000296","296","58","train","2026","data/structures/C58/C58_000296.gjf"
"3048","C58_000297","297","58","train","2026","data/structures/C58/C58_000297.gjf"
"3049","C58_000298","298","58","train","2026","data/structures/C58/C58_000298.gjf"
"3050","C58_000299","299","58","train","2026","data/structures/C58/C58_000299.gjf"
"3051","C58_000300","300","58","train","2026","data/structures/C58/C58_000300.gjf"
"3052","C58_000301","301","58","train","2026","data/structures/C58/C58_000301.gjf"
"3053","C58_000302","302","58","train","2026","data/structures/C58/C58_000302.gjf"
"3054","C58_000303","303","58","train","2026","data/structures/C58/C58_000303.gjf"
"3055","C58_000304","304","58","test","2026","data/structures/C58/C58_000304.gjf"
"3056","C58_000305","305","58","train","2026","data/structures/C58/C58_000305.gjf"
"3057","C58_000306","306","58","train","2026","data/structures/C58/C58_000306.gjf"
"3058","C58_000307","307","58","train","2026","data/structures/C58/C58_000307.gjf"
"3059","C58_000308","308","58","train","2026","data/structures/C58/C58_000308.gjf"
"3060","C58_000309","309","58","train","2026","data/structures/C58/C58_000309.gjf"
"3061","C58_000310","310","58","train","2026","data/structures/C58/C58_000310.gjf"
"3062","C58_000311","311","58","train","2026","data/structures/C58/C58_000311.gjf"
"3063","C58_000312","312","58","train","2026","data/structures/C58/C58_000312.gjf"
"3064","C58_000313","313","58","val","2026","data/structures/C58/C58_000313.gjf"
"3065","C58_000314","314","58","train","2026","data/structures/C58/C58_000314.gjf"
"3066","C58_000315","315","58","train","2026","data/structures/C58/C58_000315.gjf"
"3067","C58_000316","316","58","test","2026","data/structures/C58/C58_000316.gjf"
"3068","C58_000317","317","58","train","2026","data/structures/C58/C58_000317.gjf"
"3069","C58_000318","318","58","train","2026","data/structures/C58/C58_000318.gjf"
"3070","C58_000319","319","58","train","2026","data/structures/C58/C58_000319.gjf"
"3071","C58_000320","320","58","train","2026","data/structures/C58/C58_000320.gjf"
"3072","C58_000321","321","58","train","2026","data/structures/C58/C58_000321.gjf"
"3073","C58_000322","322","58","train","2026","data/structures/C58/C58_000322.gjf"
"3074","C58_000323","323","58","train","2026","data/structures/C58/C58_000323.gjf"
"3075","C58_000324","324","58","train","2026","data/structures/C58/C58_000324.gjf"
"3076","C58_000325","325","58","train","2026","data/structures/C58/C58_000325.gjf"
"3077","C58_000326","326","58","train","2026","data/structures/C58/C58_000326.gjf"
"3078","C58_000327","327","58","train","2026","data/structures/C58/C58_000327.gjf"
"3079","C58_000328","328","58","train","2026","data/structures/C58/C58_000328.gjf"
"3080","C58_000329","329","58","train","2026","data/structures/C58/C58_000329.gjf"
"3081","C58_000330","330","58","test","2026","data/structures/C58/C58_000330.gjf"
"3082","C58_000331","331","58","test","2026","data/structures/C58/C58_000331.gjf"
"3083","C58_000332","332","58","val","2026","data/structures/C58/C58_000332.gjf"
"3084","C58_000333","333","58","train","2026","data/structures/C58/C58_000333.gjf"
"3085","C58_000334","334","58","train","2026","data/structures/C58/C58_000334.gjf"
"3086","C58_000335","335","58","train","2026","data/structures/C58/C58_000335.gjf"
"3087","C58_000336","336","58","train","2026","data/structures/C58/C58_000336.gjf"
"3088","C58_000337","337","58","train","2026","data/structures/C58/C58_000337.gjf"
"3089","C58_000338","338","58","train","2026","data/structures/C58/C58_000338.gjf"
"3090","C58_000339","339","58","train","2026","data/structures/C58/C58_000339.gjf"
"3091","C58_000340","340","58","train","2026","data/structures/C58/C58_000340.gjf"
"3092","C58_000341","341","58","train","2026","data/structures/C58/C58_000341.gjf"
"3093","C58_000342","342","58","train","2026","data/structures/C58/C58_000342.gjf"
"3094","C58_000343","343","58","train","2026","data/structures/C58/C58_000343.gjf"
"3095","C58_000344","344","58","train","2026","data/structures/C58/C58_000344.gjf"
"3096","C58_000345","345","58","train","2026","data/structures/C58/C58_000345.gjf"
"3097","C58_000346","346","58","test","2026","data/structures/C58/C58_000346.gjf"
"3098","C58_000347","347","58","train","2026","data/structures/C58/C58_000347.gjf"
"3099","C58_000348","348","58","train","2026","data/structures/C58/C58_000348.gjf"
"3100","C58_000349","349","58","train","2026","data/structures/C58/C58_000349.gjf"
"3101","C58_000350","350","58","train","2026","data/structures/C58/C58_000350.gjf"
"3102","C58_000351","351","58","train","2026","data/structures/C58/C58_000351.gjf"
"3103","C58_000352","352","58","train","2026","data/structures/C58/C58_000352.gjf"
"3104","C58_000353","353","58","train","2026","data/structures/C58/C58_000353.gjf"
"3105","C58_000354","354","58","train","2026","data/structures/C58/C58_000354.gjf"
"3106","C58_000355","355","58","train","2026","data/structures/C58/C58_000355.gjf"
"3107","C58_000356","356","58","train","2026","data/structures/C58/C58_000356.gjf"
"3108","C58_000357","357","58","train","2026","data/structures/C58/C58_000357.gjf"
"3109","C58_000358","358","58","train","2026","data/structures/C58/C58_000358.gjf"
"3110","C58_000359","359","58","train","2026","data/structures/C58/C58_000359.gjf"
"3111","C58_000360","360","58","train","2026","data/structures/C58/C58_000360.gjf"
"3112","C58_000361","361","58","train","2026","data/structures/C58/C58_000361.gjf"
"3113","C58_000362","362","58","test","2026","data/structures/C58/C58_000362.gjf"
"3114","C58_000363","363","58","train","2026","data/structures/C58/C58_000363.gjf"
"3115","C58_000364","364","58","test","2026","data/structures/C58/C58_000364.gjf"
"3116","C58_000365","365","58","train","2026","data/structures/C58/C58_000365.gjf"
"3117","C58_000366","366","58","val","2026","data/structures/C58/C58_000366.gjf"
"3118","C58_000367","367","58","test","2026","data/structures/C58/C58_000367.gjf"
"3119","C58_000368","368","58","test","2026","data/structures/C58/C58_000368.gjf"
"3120","C58_000369","369","58","test","2026","data/structures/C58/C58_000369.gjf"
"3121","C58_000370","370","58","train","2026","data/structures/C58/C58_000370.gjf"
"3122","C58_000371","371","58","train","2026","data/structures/C58/C58_000371.gjf"
"3123","C58_000372","372","58","train","2026","data/structures/C58/C58_000372.gjf"
"3124","C58_000373","373","58","train","2026","data/structures/C58/C58_000373.gjf"
"3125","C58_000374","374","58","test","2026","data/structures/C58/C58_000374.gjf"
"3126","C58_000375","375","58","train","2026","data/structures/C58/C58_000375.gjf"
"3127","C58_000376","376","58","train","2026","data/structures/C58/C58_000376.gjf"
"3128","C58_000377","377","58","train","2026","data/structures/C58/C58_000377.gjf"
"3129","C58_000378","378","58","train","2026","data/structures/C58/C58_000378.gjf"
"3130","C58_000379","379","58","train","2026","data/structures/C58/C58_000379.gjf"
"3131","C58_000380","380","58","train","2026","data/structures/C58/C58_000380.gjf"
"3132","C58_000381","381","58","train","2026","data/structures/C58/C58_000381.gjf"
"3133","C58_000382","382","58","train","2026","data/structures/C58/C58_000382.gjf"
"3134","C58_000383","383","58","train","2026","data/structures/C58/C58_000383.gjf"
"3135","C58_000384","384","58","val","2026","data/structures/C58/C58_000384.gjf"
"3136","C58_000385","385","58","train","2026","data/structures/C58/C58_000385.gjf"
"3137","C58_000386","386","58","train","2026","data/structures/C58/C58_000386.gjf"
"3138","C58_000387","387","58","val","2026","data/structures/C58/C58_000387.gjf"
"3139","C58_000388","388","58","val","2026","data/structures/C58/C58_000388.gjf"
"3140","C58_000389","389","58","train","2026","data/structures/C58/C58_000389.gjf"
"3141","C58_000390","390","58","test","2026","data/structures/C58/C58_000390.gjf"
"3142","C58_000391","391","58","train","2026","data/structures/C58/C58_000391.gjf"
"3143","C58_000392","392","58","train","2026","data/structures/C58/C58_000392.gjf"
"3144","C58_000393","393","58","train","2026","data/structures/C58/C58_000393.gjf"
"3145","C58_000394","394","58","train","2026","data/structures/C58/C58_000394.gjf"
"3146","C58_000395","395","58","train","2026","data/structures/C58/C58_000395.gjf"
"3147","C58_000396","396","58","test","2026","data/structures/C58/C58_000396.gjf"
"3148","C58_000397","397","58","train","2026","data/structures/C58/C58_000397.gjf"
"3149","C58_000398","398","58","train","2026","data/structures/C58/C58_000398.gjf"
"3150","C58_000399","399","58","train","2026","data/structures/C58/C58_000399.gjf"
"3151","C58_000400","400","58","train","2026","data/structures/C58/C58_000400.gjf"
"3152","C58_000401","401","58","train","2026","data/structures/C58/C58_000401.gjf"
"3153","C58_000402","402","58","train","2026","data/structures/C58/C58_000402.gjf"
"3154","C58_000403","403","58","train","2026","data/structures/C58/C58_000403.gjf"
"3155","C58_000404","404","58","val","2026","data/structures/C58/C58_000404.gjf"
"3156","C58_000405","405","58","train","2026","data/structures/C58/C58_000405.gjf"
"3157","C58_000406","406","58","train","2026","data/structures/C58/C58_000406.gjf"
"3158","C58_000407","407","58","train","2026","data/structures/C58/C58_000407.gjf"
"3159","C58_000408","408","58","train","2026","data/structures/C58/C58_000408.gjf"
"3160","C58_000409","409","58","train","2026","data/structures/C58/C58_000409.gjf"
"3161","C58_000410","410","58","train","2026","data/structures/C58/C58_000410.gjf"
"3162","C58_000411","411","58","train","2026","data/structures/C58/C58_000411.gjf"
"3163","C58_000412","412","58","val","2026","data/structures/C58/C58_000412.gjf"
"3164","C58_000413","413","58","train","2026","data/structures/C58/C58_000413.gjf"
"3165","C58_000414","414","58","train","2026","data/structures/C58/C58_000414.gjf"
"3166","C58_000415","415","58","test","2026","data/structures/C58/C58_000415.gjf"
"3167","C58_000416","416","58","train","2026","data/structures/C58/C58_000416.gjf"
"3168","C58_000417","417","58","train","2026","data/structures/C58/C58_000417.gjf"
"3169","C58_000418","418","58","train","2026","data/structures/C58/C58_000418.gjf"
"3170","C58_000419","419","58","test","2026","data/structures/C58/C58_000419.gjf"
"3171","C58_000420","420","58","train","2026","data/structures/C58/C58_000420.gjf"
"3172","C58_000421","421","58","train","2026","data/structures/C58/C58_000421.gjf"
"3173","C58_000422","422","58","train","2026","data/structures/C58/C58_000422.gjf"
"3174","C58_000423","423","58","train","2026","data/structures/C58/C58_000423.gjf"
"3175","C58_000424","424","58","train","2026","data/structures/C58/C58_000424.gjf"
"3176","C58_000425","425","58","test","2026","data/structures/C58/C58_000425.gjf"
"3177","C58_000426","426","58","train","2026","data/structures/C58/C58_000426.gjf"
"3178","C58_000427","427","58","train","2026","data/structures/C58/C58_000427.gjf"
"3179","C58_000428","428","58","val","2026","data/structures/C58/C58_000428.gjf"
"3180","C58_000429","429","58","train","2026","data/structures/C58/C58_000429.gjf"
"3181","C58_000430","430","58","test","2026","data/structures/C58/C58_000430.gjf"
"3182","C58_000431","431","58","train","2026","data/structures/C58/C58_000431.gjf"
"3183","C58_000432","432","58","train","2026","data/structures/C58/C58_000432.gjf"
"3184","C58_000433","433","58","train","2026","data/structures/C58/C58_000433.gjf"
"3185","C58_000434","434","58","train","2026","data/structures/C58/C58_000434.gjf"
"3186","C58_000435","435","58","val","2026","data/structures/C58/C58_000435.gjf"
"3187","C58_000436","436","58","train","2026","data/structures/C58/C58_000436.gjf"
"3188","C58_000437","437","58","test","2026","data/structures/C58/C58_000437.gjf"
"3189","C58_000438","438","58","train","2026","data/structures/C58/C58_000438.gjf"
"3190","C58_000439","439","58","train","2026","data/structures/C58/C58_000439.gjf"
"3191","C58_000440","440","58","train","2026","data/structures/C58/C58_000440.gjf"
"3192","C58_000441","441","58","test","2026","data/structures/C58/C58_000441.gjf"
"3193","C58_000442","442","58","train","2026","data/structures/C58/C58_000442.gjf"
"3194","C58_000443","443","58","train","2026","data/structures/C58/C58_000443.gjf"
"3195","C58_000444","444","58","train","2026","data/structures/C58/C58_000444.gjf"
"3196","C58_000445","445","58","train","2026","data/structures/C58/C58_000445.gjf"
"3197","C58_000446","446","58","train","2026","data/structures/C58/C58_000446.gjf"
"3198","C58_000447","447","58","train","2026","data/structures/C58/C58_000447.gjf"
"3199","C58_000448","448","58","train","2026","data/structures/C58/C58_000448.gjf"
"3200","C58_000449","449","58","train","2026","data/structures/C58/C58_000449.gjf"
"3201","C58_000450","450","58","train","2026","data/structures/C58/C58_000450.gjf"
"3202","C58_000451","451","58","test","2026","data/structures/C58/C58_000451.gjf"
"3203","C58_000452","452","58","test","2026","data/structures/C58/C58_000452.gjf"
"3204","C58_000453","453","58","train","2026","data/structures/C58/C58_000453.gjf"
"3205","C58_000454","454","58","train","2026","data/structures/C58/C58_000454.gjf"
"3206","C58_000455","455","58","train","2026","data/structures/C58/C58_000455.gjf"
"3207","C58_000456","456","58","train","2026","data/structures/C58/C58_000456.gjf"
"3208","C58_000457","457","58","train","2026","data/structures/C58/C58_000457.gjf"
"3209","C58_000458","458","58","train","2026","data/structures/C58/C58_000458.gjf"
"3210","C58_000459","459","58","train","2026","data/structures/C58/C58_000459.gjf"
"3211","C58_000460","460","58","train","2026","data/structures/C58/C58_000460.gjf"
"3212","C58_000461","461","58","train","2026","data/structures/C58/C58_000461.gjf"
"3213","C58_000462","462","58","train","2026","data/structures/C58/C58_000462.gjf"
"3214","C58_000463","463","58","train","2026","data/structures/C58/C58_000463.gjf"
"3215","C58_000464","464","58","train","2026","data/structures/C58/C58_000464.gjf"
"3216","C58_000465","465","58","train","2026","data/structures/C58/C58_000465.gjf"
"3217","C58_000466","466","58","train","2026","data/structures/C58/C58_000466.gjf"
"3218","C58_000467","467","58","train","2026","data/structures/C58/C58_000467.gjf"
"3219","C58_000468","468","58","train","2026","data/structures/C58/C58_000468.gjf"
"3220","C58_000469","469","58","train","2026","data/structures/C58/C58_000469.gjf"
"3221","C58_000470","470","58","train","2026","data/structures/C58/C58_000470.gjf"
"3222","C58_000471","471","58","train","2026","data/structures/C58/C58_000471.gjf"
"3223","C58_000472","472","58","train","2026","data/structures/C58/C58_000472.gjf"
"3224","C58_000473","473","58","train","2026","data/structures/C58/C58_000473.gjf"
"3225","C58_000474","474","58","train","2026","data/structures/C58/C58_000474.gjf"
"3226","C58_000475","475","58","train","2026","data/structures/C58/C58_000475.gjf"
"3227","C58_000476","476","58","train","2026","data/structures/C58/C58_000476.gjf"
"3228","C58_000477","477","58","val","2026","data/structures/C58/C58_000477.gjf"
"3229","C58_000478","478","58","train","2026","data/structures/C58/C58_000478.gjf"
"3230","C58_000479","479","58","train","2026","data/structures/C58/C58_000479.gjf"
"3231","C58_000480","480","58","train","2026","data/structures/C58/C58_000480.gjf"
"3232","C58_000481","481","58","train","2026","data/structures/C58/C58_000481.gjf"
"3233","C58_000482","482","58","train","2026","data/structures/C58/C58_000482.gjf"
"3234","C58_000483","483","58","val","2026","data/structures/C58/C58_000483.gjf"
"3235","C58_000484","484","58","train","2026","data/structures/C58/C58_000484.gjf"
"3236","C58_000485","485","58","train","2026","data/structures/C58/C58_000485.gjf"
"3237","C58_000486","486","58","train","2026","data/structures/C58/C58_000486.gjf"
"3238","C58_000487","487","58","train","2026","data/structures/C58/C58_000487.gjf"
"3239","C58_000488","488","58","train","2026","data/structures/C58/C58_000488.gjf"
"3240","C58_000489","489","58","train","2026","data/structures/C58/C58_000489.gjf"
"3241","C58_000490","490","58","train","2026","data/structures/C58/C58_000490.gjf"
"3242","C58_000491","491","58","train","2026","data/structures/C58/C58_000491.gjf"
"3243","C58_000492","492","58","train","2026","data/structures/C58/C58_000492.gjf"
"3244","C58_000493","493","58","val","2026","data/structures/C58/C58_000493.gjf"
"3245","C58_000494","494","58","val","2026","data/structures/C58/C58_000494.gjf"
"3246","C58_000495","495","58","val","2026","data/structures/C58/C58_000495.gjf"
"3247","C58_000496","496","58","train","2026","data/structures/C58/C58_000496.gjf"
"3248","C58_000497","497","58","test","2026","data/structures/C58/C58_000497.gjf"
"3249","C58_000498","498","58","train","2026","data/structures/C58/C58_000498.gjf"
"3250","C58_000499","499","58","test","2026","data/structures/C58/C58_000499.gjf"
"3251","C58_000500","500","58","train","2026","data/structures/C58/C58_000500.gjf"
"3252","C58_000501","501","58","train","2026","data/structures/C58/C58_000501.gjf"
"3253","C58_000502","502","58","train","2026","data/structures/C58/C58_000502.gjf"
"3254","C58_000503","503","58","test","2026","data/structures/C58/C58_000503.gjf"
"3255","C58_000504","504","58","train","2026","data/structures/C58/C58_000504.gjf"
"3256","C58_000505","505","58","train","2026","data/structures/C58/C58_000505.gjf"
"3257","C58_000506","506","58","test","2026","data/structures/C58/C58_000506.gjf"
"3258","C58_000507","507","58","train","2026","data/structures/C58/C58_000507.gjf"
"3259","C58_000508","508","58","train","2026","data/structures/C58/C58_000508.gjf"
"3260","C58_000509","509","58","train","2026","data/structures/C58/C58_000509.gjf"
"3261","C58_000510","510","58","train","2026","data/structures/C58/C58_000510.gjf"
"3262","C58_000511","511","58","train","2026","data/structures/C58/C58_000511.gjf"
"3263","C58_000512","512","58","train","2026","data/structures/C58/C58_000512.gjf"
"3264","C58_000513","513","58","train","2026","data/structures/C58/C58_000513.gjf"
"3265","C58_000514","514","58","train","2026","data/structures/C58/C58_000514.gjf"
"3266","C58_000515","515","58","train","2026","data/structures/C58/C58_000515.gjf"
"3267","C58_000516","516","58","train","2026","data/structures/C58/C58_000516.gjf"
"3268","C58_000517","517","58","train","2026","data/structures/C58/C58_000517.gjf"
"3269","C58_000518","518","58","train","2026","data/structures/C58/C58_000518.gjf"
"3270","C58_000519","519","58","train","2026","data/structures/C58/C58_000519.gjf"
"3271","C58_000520","520","58","train","2026","data/structures/C58/C58_000520.gjf"
"3272","C58_000521","521","58","train","2026","data/structures/C58/C58_000521.gjf"
"3273","C58_000522","522","58","train","2026","data/structures/C58/C58_000522.gjf"
"3274","C58_000523","523","58","train","2026","data/structures/C58/C58_000523.gjf"
"3275","C58_000524","524","58","train","2026","data/structures/C58/C58_000524.gjf"
"3276","C58_000525","525","58","train","2026","data/structures/C58/C58_000525.gjf"
"3277","C58_000526","526","58","val","2026","data/structures/C58/C58_000526.gjf"
"3278","C58_000527","527","58","train","2026","data/structures/C58/C58_000527.gjf"
"3279","C58_000528","528","58","val","2026","data/structures/C58/C58_000528.gjf"
"3280","C58_000529","529","58","train","2026","data/structures/C58/C58_000529.gjf"
"3281","C58_000530","530","58","test","2026","data/structures/C58/C58_000530.gjf"
"3282","C58_000531","531","58","train","2026","data/structures/C58/C58_000531.gjf"
"3283","C58_000532","532","58","train","2026","data/structures/C58/C58_000532.gjf"
"3284","C58_000533","533","58","train","2026","data/structures/C58/C58_000533.gjf"
"3285","C58_000534","534","58","train","2026","data/structures/C58/C58_000534.gjf"
"3286","C58_000535","535","58","val","2026","data/structures/C58/C58_000535.gjf"
"3287","C58_000536","536","58","train","2026","data/structures/C58/C58_000536.gjf"
"3288","C58_000537","537","58","test","2026","data/structures/C58/C58_000537.gjf"
"3289","C58_000538","538","58","test","2026","data/structures/C58/C58_000538.gjf"
"3290","C58_000539","539","58","val","2026","data/structures/C58/C58_000539.gjf"
"3291","C58_000540","540","58","train","2026","data/structures/C58/C58_000540.gjf"
"3292","C58_000541","541","58","val","2026","data/structures/C58/C58_000541.gjf"
"3293","C58_000542","542","58","train","2026","data/structures/C58/C58_000542.gjf"
"3294","C58_000543","543","58","train","2026","data/structures/C58/C58_000543.gjf"
"3295","C58_000544","544","58","train","2026","data/structures/C58/C58_000544.gjf"
"3296","C58_000545","545","58","train","2026","data/structures/C58/C58_000545.gjf"
"3297","C58_000546","546","58","train","2026","data/structures/C58/C58_000546.gjf"
"3298","C58_000547","547","58","train","2026","data/structures/C58/C58_000547.gjf"
"3299","C58_000548","548","58","train","2026","data/structures/C58/C58_000548.gjf"
"3300","C58_000549","549","58","train","2026","data/structures/C58/C58_000549.gjf"
"3301","C58_000550","550","58","test","2026","data/structures/C58/C58_000550.gjf"
"3302","C58_000551","551","58","train","2026","data/structures/C58/C58_000551.gjf"
"3303","C58_000552","552","58","val","2026","data/structures/C58/C58_000552.gjf"
"3304","C58_000553","553","58","train","2026","data/structures/C58/C58_000553.gjf"
"3305","C58_000554","554","58","train","2026","data/structures/C58/C58_000554.gjf"
"3306","C58_000555","555","58","train","2026","data/structures/C58/C58_000555.gjf"
"3307","C58_000556","556","58","train","2026","data/structures/C58/C58_000556.gjf"
"3308","C58_000557","557","58","train","2026","data/structures/C58/C58_000557.gjf"
"3309","C58_000558","558","58","train","2026","data/structures/C58/C58_000558.gjf"
"3310","C58_000559","559","58","train","2026","data/structures/C58/C58_000559.gjf"
"3311","C58_000560","560","58","train","2026","data/structures/C58/C58_000560.gjf"
"3312","C58_000561","561","58","test","2026","data/structures/C58/C58_000561.gjf"
"3313","C58_000562","562","58","test","2026","data/structures/C58/C58_000562.gjf"
"3314","C58_000563","563","58","train","2026","data/structures/C58/C58_000563.gjf"
"3315","C58_000564","564","58","val","2026","data/structures/C58/C58_000564.gjf"
"3316","C58_000565","565","58","test","2026","data/structures/C58/C58_000565.gjf"
"3317","C58_000566","566","58","val","2026","data/structures/C58/C58_000566.gjf"
"3318","C58_000567","567","58","train","2026","data/structures/C58/C58_000567.gjf"
"3319","C58_000568","568","58","train","2026","data/structures/C58/C58_000568.gjf"
"3320","C58_000569","569","58","test","2026","data/structures/C58/C58_000569.gjf"
"3321","C58_000570","570","58","train","2026","data/structures/C58/C58_000570.gjf"
"3322","C58_000571","571","58","train","2026","data/structures/C58/C58_000571.gjf"
"3323","C58_000572","572","58","train","2026","data/structures/C58/C58_000572.gjf"
"3324","C58_000573","573","58","train","2026","data/structures/C58/C58_000573.gjf"
"3325","C58_000574","574","58","train","2026","data/structures/C58/C58_000574.gjf"
"3326","C58_000575","575","58","train","2026","data/structures/C58/C58_000575.gjf"
"3327","C58_000576","576","58","val","2026","data/structures/C58/C58_000576.gjf"
"3328","C58_000577","577","58","train","2026","data/structures/C58/C58_000577.gjf"
"3329","C58_000578","578","58","train","2026","data/structures/C58/C58_000578.gjf"
"3330","C58_000579","579","58","train","2026","data/structures/C58/C58_000579.gjf"
"3331","C58_000580","580","58","train","2026","data/structures/C58/C58_000580.gjf"
"3332","C58_000581","581","58","val","2026","data/structures/C58/C58_000581.gjf"
"3333","C58_000582","582","58","train","2026","data/structures/C58/C58_000582.gjf"
"3334","C58_000583","583","58","train","2026","data/structures/C58/C58_000583.gjf"
"3335","C58_000584","584","58","train","2026","data/structures/C58/C58_000584.gjf"
"3336","C58_000585","585","58","train","2026","data/structures/C58/C58_000585.gjf"
"3337","C58_000586","586","58","train","2026","data/structures/C58/C58_000586.gjf"
"3338","C58_000587","587","58","test","2026","data/structures/C58/C58_000587.gjf"
"3339","C58_000588","588","58","val","2026","data/structures/C58/C58_000588.gjf"
"3340","C58_000589","589","58","train","2026","data/structures/C58/C58_000589.gjf"
"3341","C58_000590","590","58","train","2026","data/structures/C58/C58_000590.gjf"
"3342","C58_000591","591","58","train","2026","data/structures/C58/C58_000591.gjf"
"3343","C58_000592","592","58","train","2026","data/structures/C58/C58_000592.gjf"
"3344","C58_000593","593","58","train","2026","data/structures/C58/C58_000593.gjf"
"3345","C58_000594","594","58","train","2026","data/structures/C58/C58_000594.gjf"
"3346","C58_000595","595","58","train","2026","data/structures/C58/C58_000595.gjf"
"3347","C58_000596","596","58","train","2026","data/structures/C58/C58_000596.gjf"
"3348","C58_000597","597","58","train","2026","data/structures/C58/C58_000597.gjf"
"3349","C58_000598","598","58","train","2026","data/structures/C58/C58_000598.gjf"
"3350","C58_000599","599","58","train","2026","data/structures/C58/C58_000599.gjf"
"3351","C58_000600","600","58","train","2026","data/structures/C58/C58_000600.gjf"
"3352","C58_000601","601","58","train","2026","data/structures/C58/C58_000601.gjf"
"3353","C58_000602","602","58","train","2026","data/structures/C58/C58_000602.gjf"
"3354","C58_000603","603","58","train","2026","data/structures/C58/C58_000603.gjf"
"3355","C58_000604","604","58","train","2026","data/structures/C58/C58_000604.gjf"
"3356","C58_000605","605","58","train","2026","data/structures/C58/C58_000605.gjf"
"3357","C58_000606","606","58","train","2026","data/structures/C58/C58_000606.gjf"
"3358","C58_000607","607","58","test","2026","data/structures/C58/C58_000607.gjf"
"3359","C58_000608","608","58","train","2026","data/structures/C58/C58_000608.gjf"
"3360","C58_000609","609","58","train","2026","data/structures/C58/C58_000609.gjf"
"3361","C58_000610","610","58","train","2026","data/structures/C58/C58_000610.gjf"
"3362","C58_000611","611","58","train","2026","data/structures/C58/C58_000611.gjf"
"3363","C58_000612","612","58","train","2026","data/structures/C58/C58_000612.gjf"
"3364","C58_000613","613","58","train","2026","data/structures/C58/C58_000613.gjf"
"3365","C58_000614","614","58","train","2026","data/structures/C58/C58_000614.gjf"
"3366","C58_000615","615","58","test","2026","data/structures/C58/C58_000615.gjf"
"3367","C58_000616","616","58","train","2026","data/structures/C58/C58_000616.gjf"
"3368","C58_000617","617","58","train","2026","data/structures/C58/C58_000617.gjf"
"3369","C58_000618","618","58","train","2026","data/structures/C58/C58_000618.gjf"
"3370","C58_000619","619","58","val","2026","data/structures/C58/C58_000619.gjf"
"3371","C58_000620","620","58","train","2026","data/structures/C58/C58_000620.gjf"
"3372","C58_000621","621","58","train","2026","data/structures/C58/C58_000621.gjf"
"3373","C58_000622","622","58","test","2026","data/structures/C58/C58_000622.gjf"
"3374","C58_000623","623","58","test","2026","data/structures/C58/C58_000623.gjf"
"3375","C58_000624","624","58","train","2026","data/structures/C58/C58_000624.gjf"
"3376","C58_000625","625","58","train","2026","data/structures/C58/C58_000625.gjf"
"3377","C58_000626","626","58","train","2026","data/structures/C58/C58_000626.gjf"
"3378","C58_000627","627","58","train","2026","data/structures/C58/C58_000627.gjf"
"3379","C58_000628","628","58","test","2026","data/structures/C58/C58_000628.gjf"
"3380","C58_000629","629","58","train","2026","data/structures/C58/C58_000629.gjf"
"3381","C58_000630","630","58","train","2026","data/structures/C58/C58_000630.gjf"
"3382","C58_000631","631","58","train","2026","data/structures/C58/C58_000631.gjf"
"3383","C58_000632","632","58","train","2026","data/structures/C58/C58_000632.gjf"
"3384","C58_000633","633","58","train","2026","data/structures/C58/C58_000633.gjf"
"3385","C58_000634","634","58","train","2026","data/structures/C58/C58_000634.gjf"
"3386","C58_000635","635","58","test","2026","data/structures/C58/C58_000635.gjf"
"3387","C58_000636","636","58","train","2026","data/structures/C58/C58_000636.gjf"
"3388","C58_000637","637","58","train","2026","data/structures/C58/C58_000637.gjf"
"3389","C58_000638","638","58","train","2026","data/structures/C58/C58_000638.gjf"
"3390","C58_000639","639","58","val","2026","data/structures/C58/C58_000639.gjf"
"3391","C58_000640","640","58","train","2026","data/structures/C58/C58_000640.gjf"
"3392","C58_000641","641","58","train","2026","data/structures/C58/C58_000641.gjf"
"3393","C58_000642","642","58","train","2026","data/structures/C58/C58_000642.gjf"
"3394","C58_000643","643","58","train","2026","data/structures/C58/C58_000643.gjf"
"3395","C58_000644","644","58","val","2026","data/structures/C58/C58_000644.gjf"
"3396","C58_000645","645","58","test","2026","data/structures/C58/C58_000645.gjf"
"3397","C58_000646","646","58","train","2026","data/structures/C58/C58_000646.gjf"
"3398","C58_000647","647","58","train","2026","data/structures/C58/C58_000647.gjf"
"3399","C58_000648","648","58","train","2026","data/structures/C58/C58_000648.gjf"
"3400","C58_000649","649","58","train","2026","data/structures/C58/C58_000649.gjf"
"3401","C58_000650","650","58","train","2026","data/structures/C58/C58_000650.gjf"
"3402","C58_000651","651","58","train","2026","data/structures/C58/C58_000651.gjf"
"3403","C58_000652","652","58","train","2026","data/structures/C58/C58_000652.gjf"
"3404","C58_000653","653","58","val","2026","data/structures/C58/C58_000653.gjf"
"3405","C58_000654","654","58","val","2026","data/structures/C58/C58_000654.gjf"
"3406","C58_000655","655","58","train","2026","data/structures/C58/C58_000655.gjf"
"3407","C58_000656","656","58","val","2026","data/structures/C58/C58_000656.gjf"
"3408","C58_000657","657","58","train","2026","data/structures/C58/C58_000657.gjf"
"3409","C58_000658","658","58","val","2026","data/structures/C58/C58_000658.gjf"
"3410","C58_000659","659","58","train","2026","data/structures/C58/C58_000659.gjf"
"3411","C58_000660","660","58","train","2026","data/structures/C58/C58_000660.gjf"
"3412","C58_000661","661","58","test","2026","data/structures/C58/C58_000661.gjf"
"3413","C58_000662","662","58","train","2026","data/structures/C58/C58_000662.gjf"
"3414","C58_000663","663","58","test","2026","data/structures/C58/C58_000663.gjf"
"3415","C58_000664","664","58","val","2026","data/structures/C58/C58_000664.gjf"
"3416","C58_000665","665","58","train","2026","data/structures/C58/C58_000665.gjf"
"3417","C58_000666","666","58","val","2026","data/structures/C58/C58_000666.gjf"
"3418","C58_000667","667","58","train","2026","data/structures/C58/C58_000667.gjf"
"3419","C58_000668","668","58","test","2026","data/structures/C58/C58_000668.gjf"
"3420","C58_000669","669","58","train","2026","data/structures/C58/C58_000669.gjf"
"3421","C58_000670","670","58","train","2026","data/structures/C58/C58_000670.gjf"
"3422","C58_000671","671","58","test","2026","data/structures/C58/C58_000671.gjf"
"3423","C58_000672","672","58","test","2026","data/structures/C58/C58_000672.gjf"
"3424","C58_000673","673","58","train","2026","data/structures/C58/C58_000673.gjf"
"3425","C58_000674","674","58","train","2026","data/structures/C58/C58_000674.gjf"
"3426","C58_000675","675","58","train","2026","data/structures/C58/C58_000675.gjf"
"3427","C58_000676","676","58","train","2026","data/structures/C58/C58_000676.gjf"
"3428","C58_000677","677","58","val","2026","data/structures/C58/C58_000677.gjf"
"3429","C58_000678","678","58","train","2026","data/structures/C58/C58_000678.gjf"
"3430","C58_000679","679","58","train","2026","data/structures/C58/C58_000679.gjf"
"3431","C58_000680","680","58","train","2026","data/structures/C58/C58_000680.gjf"
"3432","C58_000681","681","58","train","2026","data/structures/C58/C58_000681.gjf"
"3433","C58_000682","682","58","train","2026","data/structures/C58/C58_000682.gjf"
"3434","C58_000683","683","58","train","2026","data/structures/C58/C58_000683.gjf"
"3435","C58_000684","684","58","train","2026","data/structures/C58/C58_000684.gjf"
"3436","C58_000685","685","58","train","2026","data/structures/C58/C58_000685.gjf"
"3437","C58_000686","686","58","train","2026","data/structures/C58/C58_000686.gjf"
"3438","C58_000687","687","58","train","2026","data/structures/C58/C58_000687.gjf"
"3439","C58_000688","688","58","val","2026","data/structures/C58/C58_000688.gjf"
"3440","C58_000689","689","58","train","2026","data/structures/C58/C58_000689.gjf"
"3441","C58_000690","690","58","train","2026","data/structures/C58/C58_000690.gjf"
"3442","C58_000691","691","58","train","2026","data/structures/C58/C58_000691.gjf"
"3443","C58_000692","692","58","train","2026","data/structures/C58/C58_000692.gjf"
"3444","C58_000693","693","58","train","2026","data/structures/C58/C58_000693.gjf"
"3445","C58_000694","694","58","train","2026","data/structures/C58/C58_000694.gjf"
"3446","C58_000695","695","58","val","2026","data/structures/C58/C58_000695.gjf"
"3447","C58_000696","696","58","train","2026","data/structures/C58/C58_000696.gjf"
"3448","C58_000697","697","58","train","2026","data/structures/C58/C58_000697.gjf"
"3449","C58_000698","698","58","train","2026","data/structures/C58/C58_000698.gjf"
"3450","C58_000699","699","58","test","2026","data/structures/C58/C58_000699.gjf"
"3451","C58_000700","700","58","train","2026","data/structures/C58/C58_000700.gjf"
"3452","C58_000701","701","58","train","2026","data/structures/C58/C58_000701.gjf"
"3453","C58_000702","702","58","train","2026","data/structures/C58/C58_000702.gjf"
"3454","C58_000703","703","58","train","2026","data/structures/C58/C58_000703.gjf"
"3455","C58_000704","704","58","train","2026","data/structures/C58/C58_000704.gjf"
"3456","C58_000705","705","58","train","2026","data/structures/C58/C58_000705.gjf"
"3457","C58_000706","706","58","train","2026","data/structures/C58/C58_000706.gjf"
"3458","C58_000707","707","58","train","2026","data/structures/C58/C58_000707.gjf"
"3459","C58_000708","708","58","train","2026","data/structures/C58/C58_000708.gjf"
"3460","C58_000709","709","58","train","2026","data/structures/C58/C58_000709.gjf"
"3461","C58_000710","710","58","train","2026","data/structures/C58/C58_000710.gjf"
"3462","C58_000711","711","58","train","2026","data/structures/C58/C58_000711.gjf"
"3463","C58_000712","712","58","test","2026","data/structures/C58/C58_000712.gjf"
"3464","C58_000713","713","58","train","2026","data/structures/C58/C58_000713.gjf"
"3465","C58_000714","714","58","test","2026","data/structures/C58/C58_000714.gjf"
"3466","C58_000715","715","58","train","2026","data/structures/C58/C58_000715.gjf"
"3467","C58_000716","716","58","train","2026","data/structures/C58/C58_000716.gjf"
"3468","C58_000717","717","58","train","2026","data/structures/C58/C58_000717.gjf"
"3469","C58_000718","718","58","train","2026","data/structures/C58/C58_000718.gjf"
"3470","C58_000719","719","58","train","2026","data/structures/C58/C58_000719.gjf"
"3471","C58_000720","720","58","train","2026","data/structures/C58/C58_000720.gjf"
"3472","C58_000721","721","58","train","2026","data/structures/C58/C58_000721.gjf"
"3473","C58_000722","722","58","val","2026","data/structures/C58/C58_000722.gjf"
"3474","C58_000723","723","58","train","2026","data/structures/C58/C58_000723.gjf"
"3475","C58_000724","724","58","train","2026","data/structures/C58/C58_000724.gjf"
"3476","C58_000725","725","58","train","2026","data/structures/C58/C58_000725.gjf"
"3477","C58_000726","726","58","train","2026","data/structures/C58/C58_000726.gjf"
"3478","C58_000727","727","58","train","2026","data/structures/C58/C58_000727.gjf"
"3479","C58_000728","728","58","train","2026","data/structures/C58/C58_000728.gjf"
"3480","C58_000729","729","58","train","2026","data/structures/C58/C58_000729.gjf"
"3481","C58_000730","730","58","train","2026","data/structures/C58/C58_000730.gjf"
"3482","C58_000731","731","58","train","2026","data/structures/C58/C58_000731.gjf"
"3483","C58_000732","732","58","val","2026","data/structures/C58/C58_000732.gjf"
"3484","C58_000733","733","58","train","2026","data/structures/C58/C58_000733.gjf"
"3485","C58_000734","734","58","train","2026","data/structures/C58/C58_000734.gjf"
"3486","C58_000735","735","58","train","2026","data/structures/C58/C58_000735.gjf"
"3487","C58_000736","736","58","train","2026","data/structures/C58/C58_000736.gjf"
"3488","C58_000737","737","58","train","2026","data/structures/C58/C58_000737.gjf"
"3489","C58_000738","738","58","test","2026","data/structures/C58/C58_000738.gjf"
"3490","C58_000739","739","58","train","2026","data/structures/C58/C58_000739.gjf"
"3491","C58_000740","740","58","train","2026","data/structures/C58/C58_000740.gjf"
"3492","C58_000741","741","58","train","2026","data/structures/C58/C58_000741.gjf"
"3493","C58_000742","742","58","train","2026","data/structures/C58/C58_000742.gjf"
"3494","C58_000743","743","58","train","2026","data/structures/C58/C58_000743.gjf"
"3495","C58_000744","744","58","train","2026","data/structures/C58/C58_000744.gjf"
"3496","C58_000745","745","58","train","2026","data/structures/C58/C58_000745.gjf"
"3497","C58_000746","746","58","train","2026","data/structures/C58/C58_000746.gjf"
"3498","C58_000747","747","58","train","2026","data/structures/C58/C58_000747.gjf"
"3499","C58_000748","748","58","train","2026","data/structures/C58/C58_000748.gjf"
"3500","C58_000749","749","58","val","2026","data/structures/C58/C58_000749.gjf"
"3501","C58_000750","750","58","train","2026","data/structures/C58/C58_000750.gjf"
"3502","C58_000751","751","58","train","2026","data/structures/C58/C58_000751.gjf"
"3503","C58_000752","752","58","train","2026","data/structures/C58/C58_000752.gjf"
"3504","C58_000753","753","58","train","2026","data/structures/C58/C58_000753.gjf"
"3505","C58_000754","754","58","train","2026","data/structures/C58/C58_000754.gjf"
"3506","C58_000755","755","58","val","2026","data/structures/C58/C58_000755.gjf"
"3507","C58_000756","756","58","val","2026","data/structures/C58/C58_000756.gjf"
"3508","C58_000757","757","58","train","2026","data/structures/C58/C58_000757.gjf"
"3509","C58_000758","758","58","train","2026","data/structures/C58/C58_000758.gjf"
"3510","C58_000759","759","58","train","2026","data/structures/C58/C58_000759.gjf"
"3511","C58_000760","760","58","train","2026","data/structures/C58/C58_000760.gjf"
"3512","C58_000761","761","58","train","2026","data/structures/C58/C58_000761.gjf"
"3513","C58_000762","762","58","train","2026","data/structures/C58/C58_000762.gjf"
"3514","C58_000763","763","58","train","2026","data/structures/C58/C58_000763.gjf"
"3515","C58_000764","764","58","train","2026","data/structures/C58/C58_000764.gjf"
"3516","C58_000765","765","58","train","2026","data/structures/C58/C58_000765.gjf"
"3517","C58_000766","766","58","train","2026","data/structures/C58/C58_000766.gjf"
"3518","C58_000767","767","58","test","2026","data/structures/C58/C58_000767.gjf"
"3519","C58_000768","768","58","train","2026","data/structures/C58/C58_000768.gjf"
"3520","C58_000769","769","58","train","2026","data/structures/C58/C58_000769.gjf"
"3521","C58_000770","770","58","train","2026","data/structures/C58/C58_000770.gjf"
"3522","C58_000771","771","58","train","2026","data/structures/C58/C58_000771.gjf"
"3523","C58_000772","772","58","train","2026","data/structures/C58/C58_000772.gjf"
"3524","C58_000773","773","58","train","2026","data/structures/C58/C58_000773.gjf"
"3525","C58_000774","774","58","train","2026","data/structures/C58/C58_000774.gjf"
"3526","C58_000775","775","58","train","2026","data/structures/C58/C58_000775.gjf"
"3527","C58_000776","776","58","train","2026","data/structures/C58/C58_000776.gjf"
"3528","C58_000777","777","58","train","2026","data/structures/C58/C58_000777.gjf"
"3529","C58_000778","778","58","val","2026","data/structures/C58/C58_000778.gjf"
"3530","C58_000779","779","58","val","2026","data/structures/C58/C58_000779.gjf"
"3531","C58_000780","780","58","train","2026","data/structures/C58/C58_000780.gjf"
"3532","C58_000781","781","58","train","2026","data/structures/C58/C58_000781.gjf"
"3533","C58_000782","782","58","train","2026","data/structures/C58/C58_000782.gjf"
"3534","C58_000783","783","58","test","2026","data/structures/C58/C58_000783.gjf"
"3535","C58_000784","784","58","train","2026","data/structures/C58/C58_000784.gjf"
"3536","C58_000785","785","58","test","2026","data/structures/C58/C58_000785.gjf"
"3537","C58_000786","786","58","train","2026","data/structures/C58/C58_000786.gjf"
"3538","C58_000787","787","58","train","2026","data/structures/C58/C58_000787.gjf"
"3539","C58_000788","788","58","train","2026","data/structures/C58/C58_000788.gjf"
"3540","C58_000789","789","58","train","2026","data/structures/C58/C58_000789.gjf"
"3541","C58_000790","790","58","val","2026","data/structures/C58/C58_000790.gjf"
"3542","C58_000791","791","58","test","2026","data/structures/C58/C58_000791.gjf"
"3543","C58_000792","792","58","train","2026","data/structures/C58/C58_000792.gjf"
"3544","C58_000793","793","58","train","2026","data/structures/C58/C58_000793.gjf"
"3545","C58_000794","794","58","train","2026","data/structures/C58/C58_000794.gjf"
"3546","C58_000795","795","58","train","2026","data/structures/C58/C58_000795.gjf"
"3547","C58_000796","796","58","train","2026","data/structures/C58/C58_000796.gjf"
"3548","C58_000797","797","58","test","2026","data/structures/C58/C58_000797.gjf"
"3549","C58_000798","798","58","train","2026","data/structures/C58/C58_000798.gjf"
"3550","C58_000799","799","58","train","2026","data/structures/C58/C58_000799.gjf"
"3551","C58_000800","800","58","train","2026","data/structures/C58/C58_000800.gjf"
"3552","C58_000801","801","58","train","2026","data/structures/C58/C58_000801.gjf"
"3553","C58_000802","802","58","train","2026","data/structures/C58/C58_000802.gjf"
"3554","C58_000803","803","58","train","2026","data/structures/C58/C58_000803.gjf"
"3555","C58_000804","804","58","train","2026","data/structures/C58/C58_000804.gjf"
"3556","C58_000805","805","58","train","2026","data/structures/C58/C58_000805.gjf"
"3557","C58_000806","806","58","train","2026","data/structures/C58/C58_000806.gjf"
"3558","C58_000807","807","58","test","2026","data/structures/C58/C58_000807.gjf"
"3559","C58_000808","808","58","val","2026","data/structures/C58/C58_000808.gjf"
"3560","C58_000809","809","58","train","2026","data/structures/C58/C58_000809.gjf"
"3561","C58_000810","810","58","train","2026","data/structures/C58/C58_000810.gjf"
"3562","C58_000811","811","58","train","2026","data/structures/C58/C58_000811.gjf"
"3563","C58_000812","812","58","train","2026","data/structures/C58/C58_000812.gjf"
"3564","C58_000813","813","58","test","2026","data/structures/C58/C58_000813.gjf"
"3565","C58_000814","814","58","val","2026","data/structures/C58/C58_000814.gjf"
"3566","C58_000815","815","58","train","2026","data/structures/C58/C58_000815.gjf"
"3567","C58_000816","816","58","train","2026","data/structures/C58/C58_000816.gjf"
"3568","C58_000817","817","58","train","2026","data/structures/C58/C58_000817.gjf"
"3569","C58_000818","818","58","train","2026","data/structures/C58/C58_000818.gjf"
"3570","C58_000819","819","58","train","2026","data/structures/C58/C58_000819.gjf"
"3571","C58_000820","820","58","train","2026","data/structures/C58/C58_000820.gjf"
"3572","C58_000821","821","58","train","2026","data/structures/C58/C58_000821.gjf"
"3573","C58_000822","822","58","train","2026","data/structures/C58/C58_000822.gjf"
"3574","C58_000823","823","58","train","2026","data/structures/C58/C58_000823.gjf"
"3575","C58_000824","824","58","train","2026","data/structures/C58/C58_000824.gjf"
"3576","C58_000825","825","58","train","2026","data/structures/C58/C58_000825.gjf"
"3577","C58_000826","826","58","val","2026","data/structures/C58/C58_000826.gjf"
"3578","C58_000827","827","58","train","2026","data/structures/C58/C58_000827.gjf"
"3579","C58_000828","828","58","train","2026","data/structures/C58/C58_000828.gjf"
"3580","C58_000829","829","58","train","2026","data/structures/C58/C58_000829.gjf"
"3581","C58_000830","830","58","train","2026","data/structures/C58/C58_000830.gjf"
"3582","C58_000831","831","58","train","2026","data/structures/C58/C58_000831.gjf"
"3583","C58_000832","832","58","test","2026","data/structures/C58/C58_000832.gjf"
"3584","C58_000833","833","58","train","2026","data/structures/C58/C58_000833.gjf"
"3585","C58_000834","834","58","train","2026","data/structures/C58/C58_000834.gjf"
"3586","C58_000835","835","58","val","2026","data/structures/C58/C58_000835.gjf"
"3587","C58_000836","836","58","val","2026","data/structures/C58/C58_000836.gjf"
"3588","C58_000837","837","58","train","2026","data/structures/C58/C58_000837.gjf"
"3589","C58_000838","838","58","train","2026","data/structures/C58/C58_000838.gjf"
"3590","C58_000839","839","58","train","2026","data/structures/C58/C58_000839.gjf"
"3591","C58_000840","840","58","train","2026","data/structures/C58/C58_000840.gjf"
"3592","C58_000841","841","58","train","2026","data/structures/C58/C58_000841.gjf"
"3593","C58_000842","842","58","train","2026","data/structures/C58/C58_000842.gjf"
"3594","C58_000843","843","58","train","2026","data/structures/C58/C58_000843.gjf"
"3595","C58_000844","844","58","train","2026","data/structures/C58/C58_000844.gjf"
"3596","C58_000845","845","58","train","2026","data/structures/C58/C58_000845.gjf"
"3597","C58_000846","846","58","train","2026","data/structures/C58/C58_000846.gjf"
"3598","C58_000847","847","58","train","2026","data/structures/C58/C58_000847.gjf"
"3599","C58_000848","848","58","train","2026","data/structures/C58/C58_000848.gjf"
"3600","C58_000849","849","58","train","2026","data/structures/C58/C58_000849.gjf"
"3601","C58_000850","850","58","train","2026","data/structures/C58/C58_000850.gjf"
"3602","C58_000851","851","58","train","2026","data/structures/C58/C58_000851.gjf"
"3603","C58_000852","852","58","test","2026","data/structures/C58/C58_000852.gjf"
"3604","C58_000853","853","58","train","2026","data/structures/C58/C58_000853.gjf"
"3605","C58_000854","854","58","train","2026","data/structures/C58/C58_000854.gjf"
"3606","C58_000855","855","58","train","2026","data/structures/C58/C58_000855.gjf"
"3607","C58_000856","856","58","train","2026","data/structures/C58/C58_000856.gjf"
"3608","C58_000857","857","58","train","2026","data/structures/C58/C58_000857.gjf"
"3609","C58_000858","858","58","train","2026","data/structures/C58/C58_000858.gjf"
"3610","C58_000859","859","58","train","2026","data/structures/C58/C58_000859.gjf"
"3611","C58_000860","860","58","train","2026","data/structures/C58/C58_000860.gjf"
"3612","C58_000861","861","58","train","2026","data/structures/C58/C58_000861.gjf"
"3613","C58_000862","862","58","train","2026","data/structures/C58/C58_000862.gjf"
"3614","C58_000863","863","58","train","2026","data/structures/C58/C58_000863.gjf"
"3615","C58_000864","864","58","val","2026","data/structures/C58/C58_000864.gjf"
"3616","C58_000865","865","58","train","2026","data/structures/C58/C58_000865.gjf"
"3617","C58_000866","866","58","train","2026","data/structures/C58/C58_000866.gjf"
"3618","C58_000867","867","58","test","2026","data/structures/C58/C58_000867.gjf"
"3619","C58_000868","868","58","train","2026","data/structures/C58/C58_000868.gjf"
"3620","C58_000869","869","58","train","2026","data/structures/C58/C58_000869.gjf"
"3621","C58_000870","870","58","train","2026","data/structures/C58/C58_000870.gjf"
"3622","C58_000871","871","58","train","2026","data/structures/C58/C58_000871.gjf"
"3623","C58_000872","872","58","train","2026","data/structures/C58/C58_000872.gjf"
"3624","C58_000873","873","58","train","2026","data/structures/C58/C58_000873.gjf"
"3625","C58_000874","874","58","train","2026","data/structures/C58/C58_000874.gjf"
"3626","C58_000875","875","58","val","2026","data/structures/C58/C58_000875.gjf"
"3627","C58_000876","876","58","test","2026","data/structures/C58/C58_000876.gjf"
"3628","C58_000877","877","58","train","2026","data/structures/C58/C58_000877.gjf"
"3629","C58_000878","878","58","train","2026","data/structures/C58/C58_000878.gjf"
"3630","C58_000879","879","58","train","2026","data/structures/C58/C58_000879.gjf"
"3631","C58_000880","880","58","train","2026","data/structures/C58/C58_000880.gjf"
"3632","C58_000881","881","58","train","2026","data/structures/C58/C58_000881.gjf"
"3633","C58_000882","882","58","val","2026","data/structures/C58/C58_000882.gjf"
"3634","C58_000883","883","58","test","2026","data/structures/C58/C58_000883.gjf"
"3635","C58_000884","884","58","train","2026","data/structures/C58/C58_000884.gjf"
"3636","C58_000885","885","58","val","2026","data/structures/C58/C58_000885.gjf"
"3637","C58_000886","886","58","val","2026","data/structures/C58/C58_000886.gjf"
"3638","C58_000887","887","58","train","2026","data/structures/C58/C58_000887.gjf"
"3639","C58_000888","888","58","train","2026","data/structures/C58/C58_000888.gjf"
"3640","C58_000889","889","58","train","2026","data/structures/C58/C58_000889.gjf"
"3641","C58_000890","890","58","train","2026","data/structures/C58/C58_000890.gjf"
"3642","C58_000891","891","58","train","2026","data/structures/C58/C58_000891.gjf"
"3643","C58_000892","892","58","train","2026","data/structures/C58/C58_000892.gjf"
"3644","C58_000893","893","58","train","2026","data/structures/C58/C58_000893.gjf"
"3645","C58_000894","894","58","train","2026","data/structures/C58/C58_000894.gjf"
"3646","C58_000895","895","58","train","2026","data/structures/C58/C58_000895.gjf"
"3647","C58_000896","896","58","train","2026","data/structures/C58/C58_000896.gjf"
"3648","C58_000897","897","58","train","2026","data/structures/C58/C58_000897.gjf"
"3649","C58_000898","898","58","train","2026","data/structures/C58/C58_000898.gjf"
"3650","C58_000899","899","58","train","2026","data/structures/C58/C58_000899.gjf"
"3651","C58_000900","900","58","train","2026","data/structures/C58/C58_000900.gjf"
"3652","C58_000901","901","58","train","2026","data/structures/C58/C58_000901.gjf"
"3653","C58_000902","902","58","train","2026","data/structures/C58/C58_000902.gjf"
"3654","C58_000903","903","58","train","2026","data/structures/C58/C58_000903.gjf"
"3655","C58_000904","904","58","train","2026","data/structures/C58/C58_000904.gjf"
"3656","C58_000905","905","58","train","2026","data/structures/C58/C58_000905.gjf"
"3657","C58_000906","906","58","train","2026","data/structures/C58/C58_000906.gjf"
"3658","C58_000907","907","58","train","2026","data/structures/C58/C58_000907.gjf"
"3659","C58_000908","908","58","train","2026","data/structures/C58/C58_000908.gjf"
"3660","C58_000909","909","58","train","2026","data/structures/C58/C58_000909.gjf"
"3661","C58_000910","910","58","test","2026","data/structures/C58/C58_000910.gjf"
"3662","C58_000911","911","58","train","2026","data/structures/C58/C58_000911.gjf"
"3663","C58_000912","912","58","test","2026","data/structures/C58/C58_000912.gjf"
"3664","C58_000913","913","58","train","2026","data/structures/C58/C58_000913.gjf"
"3665","C58_000914","914","58","val","2026","data/structures/C58/C58_000914.gjf"
"3666","C58_000915","915","58","train","2026","data/structures/C58/C58_000915.gjf"
"3667","C58_000916","916","58","train","2026","data/structures/C58/C58_000916.gjf"
"3668","C58_000917","917","58","train","2026","data/structures/C58/C58_000917.gjf"
"3669","C58_000918","918","58","train","2026","data/structures/C58/C58_000918.gjf"
"3670","C58_000919","919","58","train","2026","data/structures/C58/C58_000919.gjf"
"3671","C58_000920","920","58","val","2026","data/structures/C58/C58_000920.gjf"
"3672","C58_000921","921","58","train","2026","data/structures/C58/C58_000921.gjf"
"3673","C58_000922","922","58","test","2026","data/structures/C58/C58_000922.gjf"
"3674","C58_000923","923","58","val","2026","data/structures/C58/C58_000923.gjf"
"3675","C58_000924","924","58","train","2026","data/structures/C58/C58_000924.gjf"
"3676","C58_000925","925","58","train","2026","data/structures/C58/C58_000925.gjf"
"3677","C58_000926","926","58","train","2026","data/structures/C58/C58_000926.gjf"
"3678","C58_000927","927","58","train","2026","data/structures/C58/C58_000927.gjf"
"3679","C58_000928","928","58","train","2026","data/structures/C58/C58_000928.gjf"
"3680","C58_000929","929","58","train","2026","data/structures/C58/C58_000929.gjf"
"3681","C58_000930","930","58","train","2026","data/structures/C58/C58_000930.gjf"
"3682","C58_000931","931","58","train","2026","data/structures/C58/C58_000931.gjf"
"3683","C58_000932","932","58","train","2026","data/structures/C58/C58_000932.gjf"
"3684","C58_000933","933","58","train","2026","data/structures/C58/C58_000933.gjf"
"3685","C58_000934","934","58","train","2026","data/structures/C58/C58_000934.gjf"
"3686","C58_000935","935","58","train","2026","data/structures/C58/C58_000935.gjf"
"3687","C58_000936","936","58","train","2026","data/structures/C58/C58_000936.gjf"
"3688","C58_000937","937","58","train","2026","data/structures/C58/C58_000937.gjf"
"3689","C58_000938","938","58","val","2026","data/structures/C58/C58_000938.gjf"
"3690","C58_000939","939","58","train","2026","data/structures/C58/C58_000939.gjf"
"3691","C58_000940","940","58","train","2026","data/structures/C58/C58_000940.gjf"
"3692","C58_000941","941","58","train","2026","data/structures/C58/C58_000941.gjf"
"3693","C58_000942","942","58","train","2026","data/structures/C58/C58_000942.gjf"
"3694","C58_000943","943","58","train","2026","data/structures/C58/C58_000943.gjf"
"3695","C58_000944","944","58","train","2026","data/structures/C58/C58_000944.gjf"
"3696","C58_000945","945","58","train","2026","data/structures/C58/C58_000945.gjf"
"3697","C58_000946","946","58","train","2026","data/structures/C58/C58_000946.gjf"
"3698","C58_000947","947","58","val","2026","data/structures/C58/C58_000947.gjf"
"3699","C58_000948","948","58","val","2026","data/structures/C58/C58_000948.gjf"
"3700","C58_000949","949","58","test","2026","data/structures/C58/C58_000949.gjf"
"3701","C58_000950","950","58","train","2026","data/structures/C58/C58_000950.gjf"
"3702","C58_000951","951","58","test","2026","data/structures/C58/C58_000951.gjf"
"3703","C58_000952","952","58","train","2026","data/structures/C58/C58_000952.gjf"
"3704","C58_000953","953","58","train","2026","data/structures/C58/C58_000953.gjf"
"3705","C58_000954","954","58","train","2026","data/structures/C58/C58_000954.gjf"
"3706","C58_000955","955","58","test","2026","data/structures/C58/C58_000955.gjf"
"3707","C58_000956","956","58","train","2026","data/structures/C58/C58_000956.gjf"
"3708","C58_000957","957","58","test","2026","data/structures/C58/C58_000957.gjf"
"3709","C58_000958","958","58","train","2026","data/structures/C58/C58_000958.gjf"
"3710","C58_000959","959","58","train","2026","data/structures/C58/C58_000959.gjf"
"3711","C58_000960","960","58","val","2026","data/structures/C58/C58_000960.gjf"
"3712","C58_000961","961","58","train","2026","data/structures/C58/C58_000961.gjf"
"3713","C58_000962","962","58","train","2026","data/structures/C58/C58_000962.gjf"
"3714","C58_000963","963","58","train","2026","data/structures/C58/C58_000963.gjf"
"3715","C58_000964","964","58","train","2026","data/structures/C58/C58_000964.gjf"
"3716","C58_000965","965","58","train","2026","data/structures/C58/C58_000965.gjf"
"3717","C58_000966","966","58","train","2026","data/structures/C58/C58_000966.gjf"
"3718","C58_000967","967","58","train","2026","data/structures/C58/C58_000967.gjf"
"3719","C58_000968","968","58","train","2026","data/structures/C58/C58_000968.gjf"
"3720","C58_000969","969","58","train","2026","data/structures/C58/C58_000969.gjf"
"3721","C58_000970","970","58","test","2026","data/structures/C58/C58_000970.gjf"
"3722","C58_000971","971","58","train","2026","data/structures/C58/C58_000971.gjf"
"3723","C58_000972","972","58","train","2026","data/structures/C58/C58_000972.gjf"
"3724","C58_000973","973","58","train","2026","data/structures/C58/C58_000973.gjf"
"3725","C58_000974","974","58","val","2026","data/structures/C58/C58_000974.gjf"
"3726","C58_000975","975","58","train","2026","data/structures/C58/C58_000975.gjf"
"3727","C58_000976","976","58","train","2026","data/structures/C58/C58_000976.gjf"
"3728","C58_000977","977","58","train","2026","data/structures/C58/C58_000977.gjf"
"3729","C58_000978","978","58","train","2026","data/structures/C58/C58_000978.gjf"
"3730","C58_000979","979","58","val","2026","data/structures/C58/C58_000979.gjf"
"3731","C58_000980","980","58","train","2026","data/structures/C58/C58_000980.gjf"
"3732","C58_000981","981","58","val","2026","data/structures/C58/C58_000981.gjf"
"3733","C58_000982","982","58","train","2026","data/structures/C58/C58_000982.gjf"
"3734","C58_000983","983","58","train","2026","data/structures/C58/C58_000983.gjf"
"3735","C58_000984","984","58","train","2026","data/structures/C58/C58_000984.gjf"
"3736","C58_000985","985","58","train","2026","data/structures/C58/C58_000985.gjf"
"3737","C58_000986","986","58","train","2026","data/structures/C58/C58_000986.gjf"
"3738","C58_000987","987","58","val","2026","data/structures/C58/C58_000987.gjf"
"3739","C58_000988","988","58","val","2026","data/structures/C58/C58_000988.gjf"
"3740","C58_000989","989","58","train","2026","data/structures/C58/C58_000989.gjf"
"3741","C58_000990","990","58","train","2026","data/structures/C58/C58_000990.gjf"
"3742","C58_000991","991","58","train","2026","data/structures/C58/C58_000991.gjf"
"3743","C58_000992","992","58","train","2026","data/structures/C58/C58_000992.gjf"
"3744","C58_000993","993","58","val","2026","data/structures/C58/C58_000993.gjf"
"3745","C58_000994","994","58","train","2026","data/structures/C58/C58_000994.gjf"
"3746","C58_000995","995","58","train","2026","data/structures/C58/C58_000995.gjf"
"3747","C58_000996","996","58","train","2026","data/structures/C58/C58_000996.gjf"
"3748","C58_000997","997","58","train","2026","data/structures/C58/C58_000997.gjf"
"3749","C58_000998","998","58","train","2026","data/structures/C58/C58_000998.gjf"
"3750","C58_000999","999","58","train","2026","data/structures/C58/C58_000999.gjf"
"3751","C58_001000","1000","58","train","2026","data/structures/C58/C58_001000.gjf"
"3752","C58_001001","1001","58","val","2026","data/structures/C58/C58_001001.gjf"
"3753","C58_001002","1002","58","train","2026","data/structures/C58/C58_001002.gjf"
"3754","C58_001003","1003","58","val","2026","data/structures/C58/C58_001003.gjf"
"3755","C58_001004","1004","58","train","2026","data/structures/C58/C58_001004.gjf"
"3756","C58_001005","1005","58","test","2026","data/structures/C58/C58_001005.gjf"
"3757","C58_001006","1006","58","train","2026","data/structures/C58/C58_001006.gjf"
"3758","C58_001007","1007","58","val","2026","data/structures/C58/C58_001007.gjf"
"3759","C58_001008","1008","58","train","2026","data/structures/C58/C58_001008.gjf"
"3760","C58_001009","1009","58","train","2026","data/structures/C58/C58_001009.gjf"
"3761","C58_001010","1010","58","train","2026","data/structures/C58/C58_001010.gjf"
"3762","C58_001011","1011","58","val","2026","data/structures/C58/C58_001011.gjf"
"3763","C58_001012","1012","58","test","2026","data/structures/C58/C58_001012.gjf"
"3764","C58_001013","1013","58","train","2026","data/structures/C58/C58_001013.gjf"
"3765","C58_001014","1014","58","test","2026","data/structures/C58/C58_001014.gjf"
"3766","C58_001015","1015","58","train","2026","data/structures/C58/C58_001015.gjf"
"3767","C58_001016","1016","58","train","2026","data/structures/C58/C58_001016.gjf"
"3768","C58_001017","1017","58","train","2026","data/structures/C58/C58_001017.gjf"
"3769","C58_001018","1018","58","train","2026","data/structures/C58/C58_001018.gjf"
"3770","C58_001019","1019","58","train","2026","data/structures/C58/C58_001019.gjf"
"3771","C58_001020","1020","58","test","2026","data/structures/C58/C58_001020.gjf"
"3772","C58_001021","1021","58","train","2026","data/structures/C58/C58_001021.gjf"
"3773","C58_001022","1022","58","train","2026","data/structures/C58/C58_001022.gjf"
"3774","C58_001023","1023","58","train","2026","data/structures/C58/C58_001023.gjf"
"3775","C58_001024","1024","58","train","2026","data/structures/C58/C58_001024.gjf"
"3776","C58_001025","1025","58","train","2026","data/structures/C58/C58_001025.gjf"
"3777","C58_001026","1026","58","train","2026","data/structures/C58/C58_001026.gjf"
"3778","C58_001027","1027","58","test","2026","data/structures/C58/C58_001027.gjf"
"3779","C58_001028","1028","58","train","2026","data/structures/C58/C58_001028.gjf"
"3780","C58_001029","1029","58","train","2026","data/structures/C58/C58_001029.gjf"
"3781","C58_001030","1030","58","train","2026","data/structures/C58/C58_001030.gjf"
"3782","C58_001031","1031","58","test","2026","data/structures/C58/C58_001031.gjf"
"3783","C58_001032","1032","58","train","2026","data/structures/C58/C58_001032.gjf"
"3784","C58_001033","1033","58","train","2026","data/structures/C58/C58_001033.gjf"
"3785","C58_001034","1034","58","train","2026","data/structures/C58/C58_001034.gjf"
"3786","C58_001035","1035","58","val","2026","data/structures/C58/C58_001035.gjf"
"3787","C58_001036","1036","58","train","2026","data/structures/C58/C58_001036.gjf"
"3788","C58_001037","1037","58","train","2026","data/structures/C58/C58_001037.gjf"
"3789","C58_001038","1038","58","train","2026","data/structures/C58/C58_001038.gjf"
"3790","C58_001039","1039","58","train","2026","data/structures/C58/C58_001039.gjf"
"3791","C58_001040","1040","58","train","2026","data/structures/C58/C58_001040.gjf"
"3792","C58_001041","1041","58","val","2026","data/structures/C58/C58_001041.gjf"
"3793","C58_001042","1042","58","train","2026","data/structures/C58/C58_001042.gjf"
"3794","C58_001043","1043","58","train","2026","data/structures/C58/C58_001043.gjf"
"3795","C58_001044","1044","58","train","2026","data/structures/C58/C58_001044.gjf"
"3796","C58_001045","1045","58","train","2026","data/structures/C58/C58_001045.gjf"
"3797","C58_001046","1046","58","test","2026","data/structures/C58/C58_001046.gjf"
"3798","C58_001047","1047","58","train","2026","data/structures/C58/C58_001047.gjf"
"3799","C58_001048","1048","58","train","2026","data/structures/C58/C58_001048.gjf"
"3800","C58_001049","1049","58","train","2026","data/structures/C58/C58_001049.gjf"
"3801","C58_001050","1050","58","train","2026","data/structures/C58/C58_001050.gjf"
"3802","C58_001051","1051","58","train","2026","data/structures/C58/C58_001051.gjf"
"3803","C58_001052","1052","58","train","2026","data/structures/C58/C58_001052.gjf"
"3804","C58_001053","1053","58","train","2026","data/structures/C58/C58_001053.gjf"
"3805","C58_001054","1054","58","train","2026","data/structures/C58/C58_001054.gjf"
"3806","C58_001055","1055","58","train","2026","data/structures/C58/C58_001055.gjf"
"3807","C58_001056","1056","58","train","2026","data/structures/C58/C58_001056.gjf"
"3808","C58_001057","1057","58","train","2026","data/structures/C58/C58_001057.gjf"
"3809","C58_001058","1058","58","train","2026","data/structures/C58/C58_001058.gjf"
"3810","C58_001059","1059","58","train","2026","data/structures/C58/C58_001059.gjf"
"3811","C58_001060","1060","58","test","2026","data/structures/C58/C58_001060.gjf"
"3812","C58_001061","1061","58","train","2026","data/structures/C58/C58_001061.gjf"
"3813","C58_001062","1062","58","train","2026","data/structures/C58/C58_001062.gjf"
"3814","C58_001063","1063","58","train","2026","data/structures/C58/C58_001063.gjf"
"3815","C58_001064","1064","58","train","2026","data/structures/C58/C58_001064.gjf"
"3816","C58_001065","1065","58","train","2026","data/structures/C58/C58_001065.gjf"
"3817","C58_001066","1066","58","train","2026","data/structures/C58/C58_001066.gjf"
"3818","C58_001067","1067","58","train","2026","data/structures/C58/C58_001067.gjf"
"3819","C58_001068","1068","58","train","2026","data/structures/C58/C58_001068.gjf"
"3820","C58_001069","1069","58","train","2026","data/structures/C58/C58_001069.gjf"
"3821","C58_001070","1070","58","train","2026","data/structures/C58/C58_001070.gjf"
"3822","C58_001071","1071","58","train","2026","data/structures/C58/C58_001071.gjf"
"3823","C58_001072","1072","58","test","2026","data/structures/C58/C58_001072.gjf"
"3824","C58_001073","1073","58","train","2026","data/structures/C58/C58_001073.gjf"
"3825","C58_001074","1074","58","train","2026","data/structures/C58/C58_001074.gjf"
"3826","C58_001075","1075","58","train","2026","data/structures/C58/C58_001075.gjf"
"3827","C58_001076","1076","58","val","2026","data/structures/C58/C58_001076.gjf"
"3828","C58_001077","1077","58","train","2026","data/structures/C58/C58_001077.gjf"
"3829","C58_001078","1078","58","train","2026","data/structures/C58/C58_001078.gjf"
"3830","C58_001079","1079","58","val","2026","data/structures/C58/C58_001079.gjf"
"3831","C58_001080","1080","58","train","2026","data/structures/C58/C58_001080.gjf"
"3832","C58_001081","1081","58","train","2026","data/structures/C58/C58_001081.gjf"
"3833","C58_001082","1082","58","train","2026","data/structures/C58/C58_001082.gjf"
"3834","C58_001083","1083","58","train","2026","data/structures/C58/C58_001083.gjf"
"3835","C58_001084","1084","58","train","2026","data/structures/C58/C58_001084.gjf"
"3836","C58_001085","1085","58","train","2026","data/structures/C58/C58_001085.gjf"
"3837","C58_001086","1086","58","train","2026","data/structures/C58/C58_001086.gjf"
"3838","C58_001087","1087","58","train","2026","data/structures/C58/C58_001087.gjf"
"3839","C58_001088","1088","58","train","2026","data/structures/C58/C58_001088.gjf"
"3840","C58_001089","1089","58","val","2026","data/structures/C58/C58_001089.gjf"
"3841","C58_001090","1090","58","train","2026","data/structures/C58/C58_001090.gjf"
"3842","C58_001091","1091","58","train","2026","data/structures/C58/C58_001091.gjf"
"3843","C58_001092","1092","58","train","2026","data/structures/C58/C58_001092.gjf"
"3844","C58_001093","1093","58","train","2026","data/structures/C58/C58_001093.gjf"
"3845","C58_001094","1094","58","val","2026","data/structures/C58/C58_001094.gjf"
"3846","C58_001095","1095","58","train","2026","data/structures/C58/C58_001095.gjf"
"3847","C58_001096","1096","58","train","2026","data/structures/C58/C58_001096.gjf"
"3848","C58_001097","1097","58","test","2026","data/structures/C58/C58_001097.gjf"
"3849","C58_001098","1098","58","train","2026","data/structures/C58/C58_001098.gjf"
"3850","C58_001099","1099","58","train","2026","data/structures/C58/C58_001099.gjf"
"3851","C58_001100","1100","58","val","2026","data/structures/C58/C58_001100.gjf"
"3852","C58_001101","1101","58","train","2026","data/structures/C58/C58_001101.gjf"
"3853","C58_001102","1102","58","train","2026","data/structures/C58/C58_001102.gjf"
"3854","C58_001103","1103","58","val","2026","data/structures/C58/C58_001103.gjf"
"3855","C58_001104","1104","58","train","2026","data/structures/C58/C58_001104.gjf"
"3856","C58_001105","1105","58","train","2026","data/structures/C58/C58_001105.gjf"
"3857","C58_001106","1106","58","train","2026","data/structures/C58/C58_001106.gjf"
"3858","C58_001107","1107","58","train","2026","data/structures/C58/C58_001107.gjf"
"3859","C58_001108","1108","58","train","2026","data/structures/C58/C58_001108.gjf"
"3860","C58_001109","1109","58","train","2026","data/structures/C58/C58_001109.gjf"
"3861","C58_001110","1110","58","val","2026","data/structures/C58/C58_001110.gjf"
"3862","C58_001111","1111","58","train","2026","data/structures/C58/C58_001111.gjf"
"3863","C58_001112","1112","58","train","2026","data/structures/C58/C58_001112.gjf"
"3864","C58_001113","1113","58","train","2026","data/structures/C58/C58_001113.gjf"
"3865","C58_001114","1114","58","train","2026","data/structures/C58/C58_001114.gjf"
"3866","C58_001115","1115","58","train","2026","data/structures/C58/C58_001115.gjf"
"3867","C58_001116","1116","58","train","2026","data/structures/C58/C58_001116.gjf"
"3868","C58_001117","1117","58","train","2026","data/structures/C58/C58_001117.gjf"
"3869","C58_001118","1118","58","train","2026","data/structures/C58/C58_001118.gjf"
"3870","C58_001119","1119","58","train","2026","data/structures/C58/C58_001119.gjf"
"3871","C58_001120","1120","58","train","2026","data/structures/C58/C58_001120.gjf"
"3872","C58_001121","1121","58","test","2026","data/structures/C58/C58_001121.gjf"
"3873","C58_001122","1122","58","train","2026","data/structures/C58/C58_001122.gjf"
"3874","C58_001123","1123","58","train","2026","data/structures/C58/C58_001123.gjf"
"3875","C58_001124","1124","58","train","2026","data/structures/C58/C58_001124.gjf"
"3876","C58_001125","1125","58","train","2026","data/structures/C58/C58_001125.gjf"
"3877","C58_001126","1126","58","train","2026","data/structures/C58/C58_001126.gjf"
"3878","C58_001127","1127","58","test","2026","data/structures/C58/C58_001127.gjf"
"3879","C58_001128","1128","58","train","2026","data/structures/C58/C58_001128.gjf"
"3880","C58_001129","1129","58","train","2026","data/structures/C58/C58_001129.gjf"
"3881","C58_001130","1130","58","train","2026","data/structures/C58/C58_001130.gjf"
"3882","C58_001131","1131","58","train","2026","data/structures/C58/C58_001131.gjf"
"3883","C58_001132","1132","58","train","2026","data/structures/C58/C58_001132.gjf"
"3884","C58_001133","1133","58","train","2026","data/structures/C58/C58_001133.gjf"
"3885","C58_001134","1134","58","train","2026","data/structures/C58/C58_001134.gjf"
"3886","C58_001135","1135","58","test","2026","data/structures/C58/C58_001135.gjf"
"3887","C58_001136","1136","58","train","2026","data/structures/C58/C58_001136.gjf"
"3888","C58_001137","1137","58","train","2026","data/structures/C58/C58_001137.gjf"
"3889","C58_001138","1138","58","train","2026","data/structures/C58/C58_001138.gjf"
"3890","C58_001139","1139","58","train","2026","data/structures/C58/C58_001139.gjf"
"3891","C58_001140","1140","58","train","2026","data/structures/C58/C58_001140.gjf"
"3892","C58_001141","1141","58","test","2026","data/structures/C58/C58_001141.gjf"
"3893","C58_001142","1142","58","train","2026","data/structures/C58/C58_001142.gjf"
"3894","C58_001143","1143","58","train","2026","data/structures/C58/C58_001143.gjf"
"3895","C58_001144","1144","58","train","2026","data/structures/C58/C58_001144.gjf"
"3896","C58_001145","1145","58","train","2026","data/structures/C58/C58_001145.gjf"
"3897","C58_001146","1146","58","train","2026","data/structures/C58/C58_001146.gjf"
"3898","C58_001147","1147","58","train","2026","data/structures/C58/C58_001147.gjf"
"3899","C58_001148","1148","58","train","2026","data/structures/C58/C58_001148.gjf"
"3900","C58_001149","1149","58","train","2026","data/structures/C58/C58_001149.gjf"
"3901","C58_001150","1150","58","val","2026","data/structures/C58/C58_001150.gjf"
"3902","C58_001151","1151","58","train","2026","data/structures/C58/C58_001151.gjf"
"3903","C58_001152","1152","58","train","2026","data/structures/C58/C58_001152.gjf"
"3904","C58_001153","1153","58","val","2026","data/structures/C58/C58_001153.gjf"
"3905","C58_001154","1154","58","train","2026","data/structures/C58/C58_001154.gjf"
"3906","C58_001155","1155","58","val","2026","data/structures/C58/C58_001155.gjf"
"3907","C58_001156","1156","58","train","2026","data/structures/C58/C58_001156.gjf"
"3908","C58_001157","1157","58","test","2026","data/structures/C58/C58_001157.gjf"
"3909","C58_001158","1158","58","train","2026","data/structures/C58/C58_001158.gjf"
"3910","C58_001159","1159","58","test","2026","data/structures/C58/C58_001159.gjf"
"3911","C58_001160","1160","58","train","2026","data/structures/C58/C58_001160.gjf"
"3912","C58_001161","1161","58","train","2026","data/structures/C58/C58_001161.gjf"
"3913","C58_001162","1162","58","train","2026","data/structures/C58/C58_001162.gjf"
"3914","C58_001163","1163","58","train","2026","data/structures/C58/C58_001163.gjf"
"3915","C58_001164","1164","58","train","2026","data/structures/C58/C58_001164.gjf"
"3916","C58_001165","1165","58","train","2026","data/structures/C58/C58_001165.gjf"
"3917","C58_001166","1166","58","train","2026","data/structures/C58/C58_001166.gjf"
"3918","C58_001167","1167","58","train","2026","data/structures/C58/C58_001167.gjf"
"3919","C58_001168","1168","58","train","2026","data/structures/C58/C58_001168.gjf"
"3920","C58_001169","1169","58","train","2026","data/structures/C58/C58_001169.gjf"
"3921","C58_001170","1170","58","train","2026","data/structures/C58/C58_001170.gjf"
"3922","C58_001171","1171","58","test","2026","data/structures/C58/C58_001171.gjf"
"3923","C58_001172","1172","58","train","2026","data/structures/C58/C58_001172.gjf"
"3924","C58_001173","1173","58","train","2026","data/structures/C58/C58_001173.gjf"
"3925","C58_001174","1174","58","train","2026","data/structures/C58/C58_001174.gjf"
"3926","C58_001175","1175","58","val","2026","data/structures/C58/C58_001175.gjf"
"3927","C58_001176","1176","58","train","2026","data/structures/C58/C58_001176.gjf"
"3928","C58_001177","1177","58","train","2026","data/structures/C58/C58_001177.gjf"
"3929","C58_001178","1178","58","train","2026","data/structures/C58/C58_001178.gjf"
"3930","C58_001179","1179","58","test","2026","data/structures/C58/C58_001179.gjf"
"3931","C58_001180","1180","58","train","2026","data/structures/C58/C58_001180.gjf"
"3932","C58_001181","1181","58","train","2026","data/structures/C58/C58_001181.gjf"
"3933","C58_001182","1182","58","train","2026","data/structures/C58/C58_001182.gjf"
"3934","C58_001183","1183","58","train","2026","data/structures/C58/C58_001183.gjf"
"3935","C58_001184","1184","58","val","2026","data/structures/C58/C58_001184.gjf"
"3936","C58_001185","1185","58","train","2026","data/structures/C58/C58_001185.gjf"
"3937","C58_001186","1186","58","train","2026","data/structures/C58/C58_001186.gjf"
"3938","C58_001187","1187","58","train","2026","data/structures/C58/C58_001187.gjf"
"3939","C58_001188","1188","58","val","2026","data/structures/C58/C58_001188.gjf"
"3940","C58_001189","1189","58","train","2026","data/structures/C58/C58_001189.gjf"
"3941","C58_001190","1190","58","train","2026","data/structures/C58/C58_001190.gjf"
"3942","C58_001191","1191","58","train","2026","data/structures/C58/C58_001191.gjf"
"3943","C58_001192","1192","58","train","2026","data/structures/C58/C58_001192.gjf"
"3944","C58_001193","1193","58","train","2026","data/structures/C58/C58_001193.gjf"
"3945","C58_001194","1194","58","train","2026","data/structures/C58/C58_001194.gjf"
"3946","C58_001195","1195","58","train","2026","data/structures/C58/C58_001195.gjf"
"3947","C58_001196","1196","58","train","2026","data/structures/C58/C58_001196.gjf"
"3948","C58_001197","1197","58","train","2026","data/structures/C58/C58_001197.gjf"
"3949","C58_001198","1198","58","train","2026","data/structures/C58/C58_001198.gjf"
"3950","C58_001199","1199","58","train","2026","data/structures/C58/C58_001199.gjf"
"3951","C58_001200","1200","58","train","2026","data/structures/C58/C58_001200.gjf"
"3952","C58_001201","1201","58","train","2026","data/structures/C58/C58_001201.gjf"
"3953","C58_001202","1202","58","train","2026","data/structures/C58/C58_001202.gjf"
"3954","C58_001203","1203","58","train","2026","data/structures/C58/C58_001203.gjf"
"3955","C58_001204","1204","58","train","2026","data/structures/C58/C58_001204.gjf"
"3956","C58_001205","1205","58","train","2026","data/structures/C58/C58_001205.gjf"
"3957","C60_000001","1","60","train","2026","data/structures/C60/C60_000001.gjf"
"3958","C60_000002","2","60","train","2026","data/structures/C60/C60_000002.gjf"
"3959","C60_000003","3","60","train","2026","data/structures/C60/C60_000003.gjf"
"3960","C60_000004","4","60","train","2026","data/structures/C60/C60_000004.gjf"
"3961","C60_000005","5","60","train","2026","data/structures/C60/C60_000005.gjf"
"3962","C60_000006","6","60","train","2026","data/structures/C60/C60_000006.gjf"
"3963","C60_000007","7","60","train","2026","data/structures/C60/C60_000007.gjf"
"3964","C60_000008","8","60","train","2026","data/structures/C60/C60_000008.gjf"
"3965","C60_000009","9","60","train","2026","data/structures/C60/C60_000009.gjf"
"3966","C60_000010","10","60","train","2026","data/structures/C60/C60_000010.gjf"
"3967","C60_000011","11","60","test","2026","data/structures/C60/C60_000011.gjf"
"3968","C60_000012","12","60","val","2026","data/structures/C60/C60_000012.gjf"
"3969","C60_000013","13","60","train","2026","data/structures/C60/C60_000013.gjf"
"3970","C60_000014","14","60","train","2026","data/structures/C60/C60_000014.gjf"
"3971","C60_000015","15","60","train","2026","data/structures/C60/C60_000015.gjf"
"3972","C60_000016","16","60","train","2026","data/structures/C60/C60_000016.gjf"
"3973","C60_000017","17","60","train","2026","data/structures/C60/C60_000017.gjf"
"3974","C60_000018","18","60","train","2026","data/structures/C60/C60_000018.gjf"
"3975","C60_000019","19","60","val","2026","data/structures/C60/C60_000019.gjf"
"3976","C60_000020","20","60","train","2026","data/structures/C60/C60_000020.gjf"
"3977","C60_000021","21","60","val","2026","data/structures/C60/C60_000021.gjf"
"3978","C60_000022","22","60","train","2026","data/structures/C60/C60_000022.gjf"
"3979","C60_000023","23","60","train","2026","data/structures/C60/C60_000023.gjf"
"3980","C60_000024","24","60","test","2026","data/structures/C60/C60_000024.gjf"
"3981","C60_000025","25","60","train","2026","data/structures/C60/C60_000025.gjf"
"3982","C60_000026","26","60","train","2026","data/structures/C60/C60_000026.gjf"
"3983","C60_000027","27","60","train","2026","data/structures/C60/C60_000027.gjf"
"3984","C60_000028","28","60","train","2026","data/structures/C60/C60_000028.gjf"
"3985","C60_000029","29","60","val","2026","data/structures/C60/C60_000029.gjf"
"3986","C60_000030","30","60","train","2026","data/structures/C60/C60_000030.gjf"
"3987","C60_000031","31","60","train","2026","data/structures/C60/C60_000031.gjf"
"3988","C60_000032","32","60","train","2026","data/structures/C60/C60_000032.gjf"
"3989","C60_000033","33","60","train","2026","data/structures/C60/C60_000033.gjf"
"3990","C60_000034","34","60","train","2026","data/structures/C60/C60_000034.gjf"
"3991","C60_000035","35","60","val","2026","data/structures/C60/C60_000035.gjf"
"3992","C60_000036","36","60","train","2026","data/structures/C60/C60_000036.gjf"
"3993","C60_000037","37","60","train","2026","data/structures/C60/C60_000037.gjf"
"3994","C60_000038","38","60","train","2026","data/structures/C60/C60_000038.gjf"
"3995","C60_000039","39","60","train","2026","data/structures/C60/C60_000039.gjf"
"3996","C60_000040","40","60","train","2026","data/structures/C60/C60_000040.gjf"
"3997","C60_000041","41","60","train","2026","data/structures/C60/C60_000041.gjf"
"3998","C60_000042","42","60","train","2026","data/structures/C60/C60_000042.gjf"
"3999","C60_000043","43","60","train","2026","data/structures/C60/C60_000043.gjf"
"4000","C60_000044","44","60","train","2026","data/structures/C60/C60_000044.gjf"
"4001","C60_000045","45","60","train","2026","data/structures/C60/C60_000045.gjf"
"4002","C60_000046","46","60","train","2026","data/structures/C60/C60_000046.gjf"
"4003","C60_000047","47","60","train","2026","data/structures/C60/C60_000047.gjf"
"4004","C60_000048","48","60","train","2026","data/structures/C60/C60_000048.gjf"
"4005","C60_000049","49","60","test","2026","data/structures/C60/C60_000049.gjf"
"4006","C60_000050","50","60","test","2026","data/structures/C60/C60_000050.gjf"
"4007","C60_000051","51","60","val","2026","data/structures/C60/C60_000051.gjf"
"4008","C60_000052","52","60","train","2026","data/structures/C60/C60_000052.gjf"
"4009","C60_000053","53","60","train","2026","data/structures/C60/C60_000053.gjf"
"4010","C60_000054","54","60","train","2026","data/structures/C60/C60_000054.gjf"
"4011","C60_000055","55","60","train","2026","data/structures/C60/C60_000055.gjf"
"4012","C60_000056","56","60","train","2026","data/structures/C60/C60_000056.gjf"
"4013","C60_000057","57","60","val","2026","data/structures/C60/C60_000057.gjf"
"4014","C60_000058","58","60","train","2026","data/structures/C60/C60_000058.gjf"
"4015","C60_000059","59","60","train","2026","data/structures/C60/C60_000059.gjf"
"4016","C60_000060","60","60","train","2026","data/structures/C60/C60_000060.gjf"
"4017","C60_000061","61","60","train","2026","data/structures/C60/C60_000061.gjf"
"4018","C60_000062","62","60","train","2026","data/structures/C60/C60_000062.gjf"
"4019","C60_000063","63","60","train","2026","data/structures/C60/C60_000063.gjf"
"4020","C60_000064","64","60","train","2026","data/structures/C60/C60_000064.gjf"
"4021","C60_000065","65","60","test","2026","data/structures/C60/C60_000065.gjf"
"4022","C60_000066","66","60","test","2026","data/structures/C60/C60_000066.gjf"
"4023","C60_000067","67","60","test","2026","data/structures/C60/C60_000067.gjf"
"4024","C60_000068","68","60","train","2026","data/structures/C60/C60_000068.gjf"
"4025","C60_000069","69","60","train","2026","data/structures/C60/C60_000069.gjf"
"4026","C60_000070","70","60","train","2026","data/structures/C60/C60_000070.gjf"
"4027","C60_000071","71","60","train","2026","data/structures/C60/C60_000071.gjf"
"4028","C60_000072","72","60","train","2026","data/structures/C60/C60_000072.gjf"
"4029","C60_000073","73","60","train","2026","data/structures/C60/C60_000073.gjf"
"4030","C60_000074","74","60","train","2026","data/structures/C60/C60_000074.gjf"
"4031","C60_000075","75","60","val","2026","data/structures/C60/C60_000075.gjf"
"4032","C60_000076","76","60","train","2026","data/structures/C60/C60_000076.gjf"
"4033","C60_000077","77","60","train","2026","data/structures/C60/C60_000077.gjf"
"4034","C60_000078","78","60","train","2026","data/structures/C60/C60_000078.gjf"
"4035","C60_000079","79","60","val","2026","data/structures/C60/C60_000079.gjf"
"4036","C60_000080","80","60","train","2026","data/structures/C60/C60_000080.gjf"
"4037","C60_000081","81","60","train","2026","data/structures/C60/C60_000081.gjf"
"4038","C60_000082","82","60","val","2026","data/structures/C60/C60_000082.gjf"
"4039","C60_000083","83","60","train","2026","data/structures/C60/C60_000083.gjf"
"4040","C60_000084","84","60","train","2026","data/structures/C60/C60_000084.gjf"
"4041","C60_000085","85","60","test","2026","data/structures/C60/C60_000085.gjf"
"4042","C60_000086","86","60","train","2026","data/structures/C60/C60_000086.gjf"
"4043","C60_000087","87","60","train","2026","data/structures/C60/C60_000087.gjf"
"4044","C60_000088","88","60","train","2026","data/structures/C60/C60_000088.gjf"
"4045","C60_000089","89","60","test","2026","data/structures/C60/C60_000089.gjf"
"4046","C60_000090","90","60","val","2026","data/structures/C60/C60_000090.gjf"
"4047","C60_000091","91","60","train","2026","data/structures/C60/C60_000091.gjf"
"4048","C60_000092","92","60","test","2026","data/structures/C60/C60_000092.gjf"
"4049","C60_000093","93","60","train","2026","data/structures/C60/C60_000093.gjf"
"4050","C60_000094","94","60","train","2026","data/structures/C60/C60_000094.gjf"
"4051","C60_000095","95","60","val","2026","data/structures/C60/C60_000095.gjf"
"4052","C60_000096","96","60","train","2026","data/structures/C60/C60_000096.gjf"
"4053","C60_000097","97","60","train","2026","data/structures/C60/C60_000097.gjf"
"4054","C60_000098","98","60","train","2026","data/structures/C60/C60_000098.gjf"
"4055","C60_000099","99","60","train","2026","data/structures/C60/C60_000099.gjf"
"4056","C60_000100","100","60","train","2026","data/structures/C60/C60_000100.gjf"
"4057","C60_000101","101","60","train","2026","data/structures/C60/C60_000101.gjf"
"4058","C60_000102","102","60","test","2026","data/structures/C60/C60_000102.gjf"
"4059","C60_000103","103","60","test","2026","data/structures/C60/C60_000103.gjf"
"4060","C60_000104","104","60","train","2026","data/structures/C60/C60_000104.gjf"
"4061","C60_000105","105","60","test","2026","data/structures/C60/C60_000105.gjf"
"4062","C60_000106","106","60","train","2026","data/structures/C60/C60_000106.gjf"
"4063","C60_000107","107","60","val","2026","data/structures/C60/C60_000107.gjf"
"4064","C60_000108","108","60","val","2026","data/structures/C60/C60_000108.gjf"
"4065","C60_000109","109","60","train","2026","data/structures/C60/C60_000109.gjf"
"4066","C60_000110","110","60","train","2026","data/structures/C60/C60_000110.gjf"
"4067","C60_000111","111","60","train","2026","data/structures/C60/C60_000111.gjf"
"4068","C60_000112","112","60","train","2026","data/structures/C60/C60_000112.gjf"
"4069","C60_000113","113","60","train","2026","data/structures/C60/C60_000113.gjf"
"4070","C60_000114","114","60","test","2026","data/structures/C60/C60_000114.gjf"
"4071","C60_000115","115","60","train","2026","data/structures/C60/C60_000115.gjf"
"4072","C60_000116","116","60","train","2026","data/structures/C60/C60_000116.gjf"
"4073","C60_000117","117","60","train","2026","data/structures/C60/C60_000117.gjf"
"4074","C60_000118","118","60","train","2026","data/structures/C60/C60_000118.gjf"
"4075","C60_000119","119","60","train","2026","data/structures/C60/C60_000119.gjf"
"4076","C60_000120","120","60","train","2026","data/structures/C60/C60_000120.gjf"
"4077","C60_000121","121","60","val","2026","data/structures/C60/C60_000121.gjf"
"4078","C60_000122","122","60","train","2026","data/structures/C60/C60_000122.gjf"
"4079","C60_000123","123","60","train","2026","data/structures/C60/C60_000123.gjf"
"4080","C60_000124","124","60","train","2026","data/structures/C60/C60_000124.gjf"
"4081","C60_000125","125","60","train","2026","data/structures/C60/C60_000125.gjf"
"4082","C60_000126","126","60","train","2026","data/structures/C60/C60_000126.gjf"
"4083","C60_000127","127","60","train","2026","data/structures/C60/C60_000127.gjf"
"4084","C60_000128","128","60","train","2026","data/structures/C60/C60_000128.gjf"
"4085","C60_000129","129","60","val","2026","data/structures/C60/C60_000129.gjf"
"4086","C60_000130","130","60","train","2026","data/structures/C60/C60_000130.gjf"
"4087","C60_000131","131","60","val","2026","data/structures/C60/C60_000131.gjf"
"4088","C60_000132","132","60","train","2026","data/structures/C60/C60_000132.gjf"
"4089","C60_000133","133","60","val","2026","data/structures/C60/C60_000133.gjf"
"4090","C60_000134","134","60","train","2026","data/structures/C60/C60_000134.gjf"
"4091","C60_000135","135","60","val","2026","data/structures/C60/C60_000135.gjf"
"4092","C60_000136","136","60","train","2026","data/structures/C60/C60_000136.gjf"
"4093","C60_000137","137","60","train","2026","data/structures/C60/C60_000137.gjf"
"4094","C60_000138","138","60","train","2026","data/structures/C60/C60_000138.gjf"
"4095","C60_000139","139","60","train","2026","data/structures/C60/C60_000139.gjf"
"4096","C60_000140","140","60","train","2026","data/structures/C60/C60_000140.gjf"
"4097","C60_000141","141","60","train","2026","data/structures/C60/C60_000141.gjf"
"4098","C60_000142","142","60","train","2026","data/structures/C60/C60_000142.gjf"
"4099","C60_000143","143","60","test","2026","data/structures/C60/C60_000143.gjf"
"4100","C60_000144","144","60","test","2026","data/structures/C60/C60_000144.gjf"
"4101","C60_000145","145","60","train","2026","data/structures/C60/C60_000145.gjf"
"4102","C60_000146","146","60","val","2026","data/structures/C60/C60_000146.gjf"
"4103","C60_000147","147","60","train","2026","data/structures/C60/C60_000147.gjf"
"4104","C60_000148","148","60","train","2026","data/structures/C60/C60_000148.gjf"
"4105","C60_000149","149","60","train","2026","data/structures/C60/C60_000149.gjf"
"4106","C60_000150","150","60","val","2026","data/structures/C60/C60_000150.gjf"
"4107","C60_000151","151","60","train","2026","data/structures/C60/C60_000151.gjf"
"4108","C60_000152","152","60","test","2026","data/structures/C60/C60_000152.gjf"
"4109","C60_000153","153","60","train","2026","data/structures/C60/C60_000153.gjf"
"4110","C60_000154","154","60","train","2026","data/structures/C60/C60_000154.gjf"
"4111","C60_000155","155","60","train","2026","data/structures/C60/C60_000155.gjf"
"4112","C60_000156","156","60","train","2026","data/structures/C60/C60_000156.gjf"
"4113","C60_000157","157","60","train","2026","data/structures/C60/C60_000157.gjf"
"4114","C60_000158","158","60","train","2026","data/structures/C60/C60_000158.gjf"
"4115","C60_000159","159","60","train","2026","data/structures/C60/C60_000159.gjf"
"4116","C60_000160","160","60","train","2026","data/structures/C60/C60_000160.gjf"
"4117","C60_000161","161","60","train","2026","data/structures/C60/C60_000161.gjf"
"4118","C60_000162","162","60","test","2026","data/structures/C60/C60_000162.gjf"
"4119","C60_000163","163","60","val","2026","data/structures/C60/C60_000163.gjf"
"4120","C60_000164","164","60","train","2026","data/structures/C60/C60_000164.gjf"
"4121","C60_000165","165","60","train","2026","data/structures/C60/C60_000165.gjf"
"4122","C60_000166","166","60","train","2026","data/structures/C60/C60_000166.gjf"
"4123","C60_000167","167","60","train","2026","data/structures/C60/C60_000167.gjf"
"4124","C60_000168","168","60","val","2026","data/structures/C60/C60_000168.gjf"
"4125","C60_000169","169","60","train","2026","data/structures/C60/C60_000169.gjf"
"4126","C60_000170","170","60","train","2026","data/structures/C60/C60_000170.gjf"
"4127","C60_000171","171","60","train","2026","data/structures/C60/C60_000171.gjf"
"4128","C60_000172","172","60","train","2026","data/structures/C60/C60_000172.gjf"
"4129","C60_000173","173","60","train","2026","data/structures/C60/C60_000173.gjf"
"4130","C60_000174","174","60","train","2026","data/structures/C60/C60_000174.gjf"
"4131","C60_000175","175","60","train","2026","data/structures/C60/C60_000175.gjf"
"4132","C60_000176","176","60","train","2026","data/structures/C60/C60_000176.gjf"
"4133","C60_000177","177","60","train","2026","data/structures/C60/C60_000177.gjf"
"4134","C60_000178","178","60","train","2026","data/structures/C60/C60_000178.gjf"
"4135","C60_000179","179","60","train","2026","data/structures/C60/C60_000179.gjf"
"4136","C60_000180","180","60","train","2026","data/structures/C60/C60_000180.gjf"
"4137","C60_000181","181","60","train","2026","data/structures/C60/C60_000181.gjf"
"4138","C60_000182","182","60","train","2026","data/structures/C60/C60_000182.gjf"
"4139","C60_000183","183","60","train","2026","data/structures/C60/C60_000183.gjf"
"4140","C60_000184","184","60","train","2026","data/structures/C60/C60_000184.gjf"
"4141","C60_000185","185","60","train","2026","data/structures/C60/C60_000185.gjf"
"4142","C60_000186","186","60","val","2026","data/structures/C60/C60_000186.gjf"
"4143","C60_000187","187","60","train","2026","data/structures/C60/C60_000187.gjf"
"4144","C60_000188","188","60","train","2026","data/structures/C60/C60_000188.gjf"
"4145","C60_000189","189","60","train","2026","data/structures/C60/C60_000189.gjf"
"4146","C60_000190","190","60","val","2026","data/structures/C60/C60_000190.gjf"
"4147","C60_000191","191","60","val","2026","data/structures/C60/C60_000191.gjf"
"4148","C60_000192","192","60","val","2026","data/structures/C60/C60_000192.gjf"
"4149","C60_000193","193","60","train","2026","data/structures/C60/C60_000193.gjf"
"4150","C60_000194","194","60","train","2026","data/structures/C60/C60_000194.gjf"
"4151","C60_000195","195","60","train","2026","data/structures/C60/C60_000195.gjf"
"4152","C60_000196","196","60","train","2026","data/structures/C60/C60_000196.gjf"
"4153","C60_000197","197","60","train","2026","data/structures/C60/C60_000197.gjf"
"4154","C60_000198","198","60","train","2026","data/structures/C60/C60_000198.gjf"
"4155","C60_000199","199","60","train","2026","data/structures/C60/C60_000199.gjf"
"4156","C60_000200","200","60","train","2026","data/structures/C60/C60_000200.gjf"
"4157","C60_000201","201","60","train","2026","data/structures/C60/C60_000201.gjf"
"4158","C60_000202","202","60","train","2026","data/structures/C60/C60_000202.gjf"
"4159","C60_000203","203","60","train","2026","data/structures/C60/C60_000203.gjf"
"4160","C60_000204","204","60","test","2026","data/structures/C60/C60_000204.gjf"
"4161","C60_000205","205","60","train","2026","data/structures/C60/C60_000205.gjf"
"4162","C60_000206","206","60","train","2026","data/structures/C60/C60_000206.gjf"
"4163","C60_000207","207","60","train","2026","data/structures/C60/C60_000207.gjf"
"4164","C60_000208","208","60","train","2026","data/structures/C60/C60_000208.gjf"
"4165","C60_000209","209","60","test","2026","data/structures/C60/C60_000209.gjf"
"4166","C60_000210","210","60","train","2026","data/structures/C60/C60_000210.gjf"
"4167","C60_000211","211","60","train","2026","data/structures/C60/C60_000211.gjf"
"4168","C60_000212","212","60","test","2026","data/structures/C60/C60_000212.gjf"
"4169","C60_000213","213","60","train","2026","data/structures/C60/C60_000213.gjf"
"4170","C60_000214","214","60","train","2026","data/structures/C60/C60_000214.gjf"
"4171","C60_000215","215","60","test","2026","data/structures/C60/C60_000215.gjf"
"4172","C60_000216","216","60","train","2026","data/structures/C60/C60_000216.gjf"
"4173","C60_000217","217","60","test","2026","data/structures/C60/C60_000217.gjf"
"4174","C60_000218","218","60","train","2026","data/structures/C60/C60_000218.gjf"
"4175","C60_000219","219","60","val","2026","data/structures/C60/C60_000219.gjf"
"4176","C60_000220","220","60","train","2026","data/structures/C60/C60_000220.gjf"
"4177","C60_000221","221","60","train","2026","data/structures/C60/C60_000221.gjf"
"4178","C60_000222","222","60","train","2026","data/structures/C60/C60_000222.gjf"
"4179","C60_000223","223","60","train","2026","data/structures/C60/C60_000223.gjf"
"4180","C60_000224","224","60","train","2026","data/structures/C60/C60_000224.gjf"
"4181","C60_000225","225","60","test","2026","data/structures/C60/C60_000225.gjf"
"4182","C60_000226","226","60","train","2026","data/structures/C60/C60_000226.gjf"
"4183","C60_000227","227","60","train","2026","data/structures/C60/C60_000227.gjf"
"4184","C60_000228","228","60","train","2026","data/structures/C60/C60_000228.gjf"
"4185","C60_000229","229","60","val","2026","data/structures/C60/C60_000229.gjf"
"4186","C60_000230","230","60","train","2026","data/structures/C60/C60_000230.gjf"
"4187","C60_000231","231","60","train","2026","data/structures/C60/C60_000231.gjf"
"4188","C60_000232","232","60","train","2026","data/structures/C60/C60_000232.gjf"
"4189","C60_000233","233","60","test","2026","data/structures/C60/C60_000233.gjf"
"4190","C60_000234","234","60","train","2026","data/structures/C60/C60_000234.gjf"
"4191","C60_000235","235","60","val","2026","data/structures/C60/C60_000235.gjf"
"4192","C60_000236","236","60","train","2026","data/structures/C60/C60_000236.gjf"
"4193","C60_000237","237","60","train","2026","data/structures/C60/C60_000237.gjf"
"4194","C60_000238","238","60","test","2026","data/structures/C60/C60_000238.gjf"
"4195","C60_000239","239","60","train","2026","data/structures/C60/C60_000239.gjf"
"4196","C60_000240","240","60","val","2026","data/structures/C60/C60_000240.gjf"
"4197","C60_000241","241","60","train","2026","data/structures/C60/C60_000241.gjf"
"4198","C60_000242","242","60","train","2026","data/structures/C60/C60_000242.gjf"
"4199","C60_000243","243","60","train","2026","data/structures/C60/C60_000243.gjf"
"4200","C60_000244","244","60","train","2026","data/structures/C60/C60_000244.gjf"
"4201","C60_000245","245","60","train","2026","data/structures/C60/C60_000245.gjf"
"4202","C60_000246","246","60","train","2026","data/structures/C60/C60_000246.gjf"
"4203","C60_000247","247","60","val","2026","data/structures/C60/C60_000247.gjf"
"4204","C60_000248","248","60","train","2026","data/structures/C60/C60_000248.gjf"
"4205","C60_000249","249","60","train","2026","data/structures/C60/C60_000249.gjf"
"4206","C60_000250","250","60","train","2026","data/structures/C60/C60_000250.gjf"
"4207","C60_000251","251","60","train","2026","data/structures/C60/C60_000251.gjf"
"4208","C60_000252","252","60","train","2026","data/structures/C60/C60_000252.gjf"
"4209","C60_000253","253","60","train","2026","data/structures/C60/C60_000253.gjf"
"4210","C60_000254","254","60","train","2026","data/structures/C60/C60_000254.gjf"
"4211","C60_000255","255","60","train","2026","data/structures/C60/C60_000255.gjf"
"4212","C60_000256","256","60","train","2026","data/structures/C60/C60_000256.gjf"
"4213","C60_000257","257","60","train","2026","data/structures/C60/C60_000257.gjf"
"4214","C60_000258","258","60","train","2026","data/structures/C60/C60_000258.gjf"
"4215","C60_000259","259","60","train","2026","data/structures/C60/C60_000259.gjf"
"4216","C60_000260","260","60","train","2026","data/structures/C60/C60_000260.gjf"
"4217","C60_000261","261","60","train","2026","data/structures/C60/C60_000261.gjf"
"4218","C60_000262","262","60","train","2026","data/structures/C60/C60_000262.gjf"
"4219","C60_000263","263","60","train","2026","data/structures/C60/C60_000263.gjf"
"4220","C60_000264","264","60","train","2026","data/structures/C60/C60_000264.gjf"
"4221","C60_000265","265","60","train","2026","data/structures/C60/C60_000265.gjf"
"4222","C60_000266","266","60","train","2026","data/structures/C60/C60_000266.gjf"
"4223","C60_000267","267","60","train","2026","data/structures/C60/C60_000267.gjf"
"4224","C60_000268","268","60","train","2026","data/structures/C60/C60_000268.gjf"
"4225","C60_000269","269","60","train","2026","data/structures/C60/C60_000269.gjf"
"4226","C60_000270","270","60","train","2026","data/structures/C60/C60_000270.gjf"
"4227","C60_000271","271","60","train","2026","data/structures/C60/C60_000271.gjf"
"4228","C60_000272","272","60","train","2026","data/structures/C60/C60_000272.gjf"
"4229","C60_000273","273","60","test","2026","data/structures/C60/C60_000273.gjf"
"4230","C60_000274","274","60","train","2026","data/structures/C60/C60_000274.gjf"
"4231","C60_000275","275","60","train","2026","data/structures/C60/C60_000275.gjf"
"4232","C60_000276","276","60","train","2026","data/structures/C60/C60_000276.gjf"
"4233","C60_000277","277","60","train","2026","data/structures/C60/C60_000277.gjf"
"4234","C60_000278","278","60","train","2026","data/structures/C60/C60_000278.gjf"
"4235","C60_000279","279","60","train","2026","data/structures/C60/C60_000279.gjf"
"4236","C60_000280","280","60","test","2026","data/structures/C60/C60_000280.gjf"
"4237","C60_000281","281","60","train","2026","data/structures/C60/C60_000281.gjf"
"4238","C60_000282","282","60","val","2026","data/structures/C60/C60_000282.gjf"
"4239","C60_000283","283","60","train","2026","data/structures/C60/C60_000283.gjf"
"4240","C60_000284","284","60","train","2026","data/structures/C60/C60_000284.gjf"
"4241","C60_000285","285","60","train","2026","data/structures/C60/C60_000285.gjf"
"4242","C60_000286","286","60","train","2026","data/structures/C60/C60_000286.gjf"
"4243","C60_000287","287","60","train","2026","data/structures/C60/C60_000287.gjf"
"4244","C60_000288","288","60","val","2026","data/structures/C60/C60_000288.gjf"
"4245","C60_000289","289","60","train","2026","data/structures/C60/C60_000289.gjf"
"4246","C60_000290","290","60","train","2026","data/structures/C60/C60_000290.gjf"
"4247","C60_000291","291","60","train","2026","data/structures/C60/C60_000291.gjf"
"4248","C60_000292","292","60","train","2026","data/structures/C60/C60_000292.gjf"
"4249","C60_000293","293","60","train","2026","data/structures/C60/C60_000293.gjf"
"4250","C60_000294","294","60","train","2026","data/structures/C60/C60_000294.gjf"
"4251","C60_000295","295","60","train","2026","data/structures/C60/C60_000295.gjf"
"4252","C60_000296","296","60","train","2026","data/structures/C60/C60_000296.gjf"
"4253","C60_000297","297","60","train","2026","data/structures/C60/C60_000297.gjf"
"4254","C60_000298","298","60","train","2026","data/structures/C60/C60_000298.gjf"
"4255","C60_000299","299","60","train","2026","data/structures/C60/C60_000299.gjf"
"4256","C60_000300","300","60","train","2026","data/structures/C60/C60_000300.gjf"
"4257","C60_000301","301","60","train","2026","data/structures/C60/C60_000301.gjf"
"4258","C60_000302","302","60","train","2026","data/structures/C60/C60_000302.gjf"
"4259","C60_000303","303","60","train","2026","data/structures/C60/C60_000303.gjf"
"4260","C60_000304","304","60","train","2026","data/structures/C60/C60_000304.gjf"
"4261","C60_000305","305","60","val","2026","data/structures/C60/C60_000305.gjf"
"4262","C60_000306","306","60","val","2026","data/structures/C60/C60_000306.gjf"
"4263","C60_000307","307","60","train","2026","data/structures/C60/C60_000307.gjf"
"4264","C60_000308","308","60","train","2026","data/structures/C60/C60_000308.gjf"
"4265","C60_000309","309","60","train","2026","data/structures/C60/C60_000309.gjf"
"4266","C60_000310","310","60","train","2026","data/structures/C60/C60_000310.gjf"
"4267","C60_000311","311","60","train","2026","data/structures/C60/C60_000311.gjf"
"4268","C60_000312","312","60","train","2026","data/structures/C60/C60_000312.gjf"
"4269","C60_000313","313","60","train","2026","data/structures/C60/C60_000313.gjf"
"4270","C60_000314","314","60","train","2026","data/structures/C60/C60_000314.gjf"
"4271","C60_000315","315","60","val","2026","data/structures/C60/C60_000315.gjf"
"4272","C60_000316","316","60","test","2026","data/structures/C60/C60_000316.gjf"
"4273","C60_000317","317","60","val","2026","data/structures/C60/C60_000317.gjf"
"4274","C60_000318","318","60","train","2026","data/structures/C60/C60_000318.gjf"
"4275","C60_000319","319","60","train","2026","data/structures/C60/C60_000319.gjf"
"4276","C60_000320","320","60","train","2026","data/structures/C60/C60_000320.gjf"
"4277","C60_000321","321","60","train","2026","data/structures/C60/C60_000321.gjf"
"4278","C60_000322","322","60","train","2026","data/structures/C60/C60_000322.gjf"
"4279","C60_000323","323","60","val","2026","data/structures/C60/C60_000323.gjf"
"4280","C60_000324","324","60","val","2026","data/structures/C60/C60_000324.gjf"
"4281","C60_000325","325","60","train","2026","data/structures/C60/C60_000325.gjf"
"4282","C60_000326","326","60","train","2026","data/structures/C60/C60_000326.gjf"
"4283","C60_000327","327","60","train","2026","data/structures/C60/C60_000327.gjf"
"4284","C60_000328","328","60","test","2026","data/structures/C60/C60_000328.gjf"
"4285","C60_000329","329","60","test","2026","data/structures/C60/C60_000329.gjf"
"4286","C60_000330","330","60","train","2026","data/structures/C60/C60_000330.gjf"
"4287","C60_000331","331","60","val","2026","data/structures/C60/C60_000331.gjf"
"4288","C60_000332","332","60","train","2026","data/structures/C60/C60_000332.gjf"
"4289","C60_000333","333","60","train","2026","data/structures/C60/C60_000333.gjf"
"4290","C60_000334","334","60","train","2026","data/structures/C60/C60_000334.gjf"
"4291","C60_000335","335","60","val","2026","data/structures/C60/C60_000335.gjf"
"4292","C60_000336","336","60","train","2026","data/structures/C60/C60_000336.gjf"
"4293","C60_000337","337","60","train","2026","data/structures/C60/C60_000337.gjf"
"4294","C60_000338","338","60","train","2026","data/structures/C60/C60_000338.gjf"
"4295","C60_000339","339","60","val","2026","data/structures/C60/C60_000339.gjf"
"4296","C60_000340","340","60","train","2026","data/structures/C60/C60_000340.gjf"
"4297","C60_000341","341","60","train","2026","data/structures/C60/C60_000341.gjf"
"4298","C60_000342","342","60","test","2026","data/structures/C60/C60_000342.gjf"
"4299","C60_000343","343","60","train","2026","data/structures/C60/C60_000343.gjf"
"4300","C60_000344","344","60","train","2026","data/structures/C60/C60_000344.gjf"
"4301","C60_000345","345","60","train","2026","data/structures/C60/C60_000345.gjf"
"4302","C60_000346","346","60","val","2026","data/structures/C60/C60_000346.gjf"
"4303","C60_000347","347","60","train","2026","data/structures/C60/C60_000347.gjf"
"4304","C60_000348","348","60","train","2026","data/structures/C60/C60_000348.gjf"
"4305","C60_000349","349","60","test","2026","data/structures/C60/C60_000349.gjf"
"4306","C60_000350","350","60","val","2026","data/structures/C60/C60_000350.gjf"
"4307","C60_000351","351","60","train","2026","data/structures/C60/C60_000351.gjf"
"4308","C60_000352","352","60","train","2026","data/structures/C60/C60_000352.gjf"
"4309","C60_000353","353","60","train","2026","data/structures/C60/C60_000353.gjf"
"4310","C60_000354","354","60","val","2026","data/structures/C60/C60_000354.gjf"
"4311","C60_000355","355","60","train","2026","data/structures/C60/C60_000355.gjf"
"4312","C60_000356","356","60","test","2026","data/structures/C60/C60_000356.gjf"
"4313","C60_000357","357","60","train","2026","data/structures/C60/C60_000357.gjf"
"4314","C60_000358","358","60","train","2026","data/structures/C60/C60_000358.gjf"
"4315","C60_000359","359","60","train","2026","data/structures/C60/C60_000359.gjf"
"4316","C60_000360","360","60","train","2026","data/structures/C60/C60_000360.gjf"
"4317","C60_000361","361","60","train","2026","data/structures/C60/C60_000361.gjf"
"4318","C60_000362","362","60","train","2026","data/structures/C60/C60_000362.gjf"
"4319","C60_000363","363","60","train","2026","data/structures/C60/C60_000363.gjf"
"4320","C60_000364","364","60","val","2026","data/structures/C60/C60_000364.gjf"
"4321","C60_000365","365","60","train","2026","data/structures/C60/C60_000365.gjf"
"4322","C60_000366","366","60","train","2026","data/structures/C60/C60_000366.gjf"
"4323","C60_000367","367","60","train","2026","data/structures/C60/C60_000367.gjf"
"4324","C60_000368","368","60","train","2026","data/structures/C60/C60_000368.gjf"
"4325","C60_000369","369","60","test","2026","data/structures/C60/C60_000369.gjf"
"4326","C60_000370","370","60","train","2026","data/structures/C60/C60_000370.gjf"
"4327","C60_000371","371","60","train","2026","data/structures/C60/C60_000371.gjf"
"4328","C60_000372","372","60","train","2026","data/structures/C60/C60_000372.gjf"
"4329","C60_000373","373","60","train","2026","data/structures/C60/C60_000373.gjf"
"4330","C60_000374","374","60","test","2026","data/structures/C60/C60_000374.gjf"
"4331","C60_000375","375","60","train","2026","data/structures/C60/C60_000375.gjf"
"4332","C60_000376","376","60","train","2026","data/structures/C60/C60_000376.gjf"
"4333","C60_000377","377","60","train","2026","data/structures/C60/C60_000377.gjf"
"4334","C60_000378","378","60","train","2026","data/structures/C60/C60_000378.gjf"
"4335","C60_000379","379","60","train","2026","data/structures/C60/C60_000379.gjf"
"4336","C60_000380","380","60","train","2026","data/structures/C60/C60_000380.gjf"
"4337","C60_000381","381","60","train","2026","data/structures/C60/C60_000381.gjf"
"4338","C60_000382","382","60","train","2026","data/structures/C60/C60_000382.gjf"
"4339","C60_000383","383","60","train","2026","data/structures/C60/C60_000383.gjf"
"4340","C60_000384","384","60","train","2026","data/structures/C60/C60_000384.gjf"
"4341","C60_000385","385","60","train","2026","data/structures/C60/C60_000385.gjf"
"4342","C60_000386","386","60","train","2026","data/structures/C60/C60_000386.gjf"
"4343","C60_000387","387","60","train","2026","data/structures/C60/C60_000387.gjf"
"4344","C60_000388","388","60","train","2026","data/structures/C60/C60_000388.gjf"
"4345","C60_000389","389","60","train","2026","data/structures/C60/C60_000389.gjf"
"4346","C60_000390","390","60","train","2026","data/structures/C60/C60_000390.gjf"
"4347","C60_000391","391","60","train","2026","data/structures/C60/C60_000391.gjf"
"4348","C60_000392","392","60","train","2026","data/structures/C60/C60_000392.gjf"
"4349","C60_000393","393","60","train","2026","data/structures/C60/C60_000393.gjf"
"4350","C60_000394","394","60","train","2026","data/structures/C60/C60_000394.gjf"
"4351","C60_000395","395","60","train","2026","data/structures/C60/C60_000395.gjf"
"4352","C60_000396","396","60","train","2026","data/structures/C60/C60_000396.gjf"
"4353","C60_000397","397","60","train","2026","data/structures/C60/C60_000397.gjf"
"4354","C60_000398","398","60","train","2026","data/structures/C60/C60_000398.gjf"
"4355","C60_000399","399","60","train","2026","data/structures/C60/C60_000399.gjf"
"4356","C60_000400","400","60","train","2026","data/structures/C60/C60_000400.gjf"
"4357","C60_000401","401","60","val","2026","data/structures/C60/C60_000401.gjf"
"4358","C60_000402","402","60","val","2026","data/structures/C60/C60_000402.gjf"
"4359","C60_000403","403","60","train","2026","data/structures/C60/C60_000403.gjf"
"4360","C60_000404","404","60","test","2026","data/structures/C60/C60_000404.gjf"
"4361","C60_000405","405","60","val","2026","data/structures/C60/C60_000405.gjf"
"4362","C60_000406","406","60","train","2026","data/structures/C60/C60_000406.gjf"
"4363","C60_000407","407","60","test","2026","data/structures/C60/C60_000407.gjf"
"4364","C60_000408","408","60","train","2026","data/structures/C60/C60_000408.gjf"
"4365","C60_000409","409","60","train","2026","data/structures/C60/C60_000409.gjf"
"4366","C60_000410","410","60","train","2026","data/structures/C60/C60_000410.gjf"
"4367","C60_000411","411","60","train","2026","data/structures/C60/C60_000411.gjf"
"4368","C60_000412","412","60","train","2026","data/structures/C60/C60_000412.gjf"
"4369","C60_000413","413","60","train","2026","data/structures/C60/C60_000413.gjf"
"4370","C60_000414","414","60","train","2026","data/structures/C60/C60_000414.gjf"
"4371","C60_000415","415","60","train","2026","data/structures/C60/C60_000415.gjf"
"4372","C60_000416","416","60","test","2026","data/structures/C60/C60_000416.gjf"
"4373","C60_000417","417","60","train","2026","data/structures/C60/C60_000417.gjf"
"4374","C60_000418","418","60","train","2026","data/structures/C60/C60_000418.gjf"
"4375","C60_000419","419","60","train","2026","data/structures/C60/C60_000419.gjf"
"4376","C60_000420","420","60","train","2026","data/structures/C60/C60_000420.gjf"
"4377","C60_000421","421","60","train","2026","data/structures/C60/C60_000421.gjf"
"4378","C60_000422","422","60","val","2026","data/structures/C60/C60_000422.gjf"
"4379","C60_000423","423","60","train","2026","data/structures/C60/C60_000423.gjf"
"4380","C60_000424","424","60","train","2026","data/structures/C60/C60_000424.gjf"
"4381","C60_000425","425","60","train","2026","data/structures/C60/C60_000425.gjf"
"4382","C60_000426","426","60","train","2026","data/structures/C60/C60_000426.gjf"
"4383","C60_000427","427","60","train","2026","data/structures/C60/C60_000427.gjf"
"4384","C60_000428","428","60","train","2026","data/structures/C60/C60_000428.gjf"
"4385","C60_000429","429","60","test","2026","data/structures/C60/C60_000429.gjf"
"4386","C60_000430","430","60","train","2026","data/structures/C60/C60_000430.gjf"
"4387","C60_000431","431","60","val","2026","data/structures/C60/C60_000431.gjf"
"4388","C60_000432","432","60","test","2026","data/structures/C60/C60_000432.gjf"
"4389","C60_000433","433","60","train","2026","data/structures/C60/C60_000433.gjf"
"4390","C60_000434","434","60","train","2026","data/structures/C60/C60_000434.gjf"
"4391","C60_000435","435","60","train","2026","data/structures/C60/C60_000435.gjf"
"4392","C60_000436","436","60","test","2026","data/structures/C60/C60_000436.gjf"
"4393","C60_000437","437","60","train","2026","data/structures/C60/C60_000437.gjf"
"4394","C60_000438","438","60","train","2026","data/structures/C60/C60_000438.gjf"
"4395","C60_000439","439","60","train","2026","data/structures/C60/C60_000439.gjf"
"4396","C60_000440","440","60","val","2026","data/structures/C60/C60_000440.gjf"
"4397","C60_000441","441","60","train","2026","data/structures/C60/C60_000441.gjf"
"4398","C60_000442","442","60","train","2026","data/structures/C60/C60_000442.gjf"
"4399","C60_000443","443","60","train","2026","data/structures/C60/C60_000443.gjf"
"4400","C60_000444","444","60","train","2026","data/structures/C60/C60_000444.gjf"
"4401","C60_000445","445","60","train","2026","data/structures/C60/C60_000445.gjf"
"4402","C60_000446","446","60","train","2026","data/structures/C60/C60_000446.gjf"
"4403","C60_000447","447","60","train","2026","data/structures/C60/C60_000447.gjf"
"4404","C60_000448","448","60","train","2026","data/structures/C60/C60_000448.gjf"
"4405","C60_000449","449","60","train","2026","data/structures/C60/C60_000449.gjf"
"4406","C60_000450","450","60","train","2026","data/structures/C60/C60_000450.gjf"
"4407","C60_000451","451","60","train","2026","data/structures/C60/C60_000451.gjf"
"4408","C60_000452","452","60","train","2026","data/structures/C60/C60_000452.gjf"
"4409","C60_000453","453","60","train","2026","data/structures/C60/C60_000453.gjf"
"4410","C60_000454","454","60","train","2026","data/structures/C60/C60_000454.gjf"
"4411","C60_000455","455","60","train","2026","data/structures/C60/C60_000455.gjf"
"4412","C60_000456","456","60","val","2026","data/structures/C60/C60_000456.gjf"
"4413","C60_000457","457","60","train","2026","data/structures/C60/C60_000457.gjf"
"4414","C60_000458","458","60","test","2026","data/structures/C60/C60_000458.gjf"
"4415","C60_000459","459","60","train","2026","data/structures/C60/C60_000459.gjf"
"4416","C60_000460","460","60","test","2026","data/structures/C60/C60_000460.gjf"
"4417","C60_000461","461","60","train","2026","data/structures/C60/C60_000461.gjf"
"4418","C60_000462","462","60","train","2026","data/structures/C60/C60_000462.gjf"
"4419","C60_000463","463","60","train","2026","data/structures/C60/C60_000463.gjf"
"4420","C60_000464","464","60","val","2026","data/structures/C60/C60_000464.gjf"
"4421","C60_000465","465","60","train","2026","data/structures/C60/C60_000465.gjf"
"4422","C60_000466","466","60","train","2026","data/structures/C60/C60_000466.gjf"
"4423","C60_000467","467","60","train","2026","data/structures/C60/C60_000467.gjf"
"4424","C60_000468","468","60","train","2026","data/structures/C60/C60_000468.gjf"
"4425","C60_000469","469","60","val","2026","data/structures/C60/C60_000469.gjf"
"4426","C60_000470","470","60","train","2026","data/structures/C60/C60_000470.gjf"
"4427","C60_000471","471","60","val","2026","data/structures/C60/C60_000471.gjf"
"4428","C60_000472","472","60","train","2026","data/structures/C60/C60_000472.gjf"
"4429","C60_000473","473","60","train","2026","data/structures/C60/C60_000473.gjf"
"4430","C60_000474","474","60","test","2026","data/structures/C60/C60_000474.gjf"
"4431","C60_000475","475","60","train","2026","data/structures/C60/C60_000475.gjf"
"4432","C60_000476","476","60","train","2026","data/structures/C60/C60_000476.gjf"
"4433","C60_000477","477","60","train","2026","data/structures/C60/C60_000477.gjf"
"4434","C60_000478","478","60","train","2026","data/structures/C60/C60_000478.gjf"
"4435","C60_000479","479","60","train","2026","data/structures/C60/C60_000479.gjf"
"4436","C60_000480","480","60","train","2026","data/structures/C60/C60_000480.gjf"
"4437","C60_000481","481","60","train","2026","data/structures/C60/C60_000481.gjf"
"4438","C60_000482","482","60","train","2026","data/structures/C60/C60_000482.gjf"
"4439","C60_000483","483","60","train","2026","data/structures/C60/C60_000483.gjf"
"4440","C60_000484","484","60","train","2026","data/structures/C60/C60_000484.gjf"
"4441","C60_000485","485","60","train","2026","data/structures/C60/C60_000485.gjf"
"4442","C60_000486","486","60","train","2026","data/structures/C60/C60_000486.gjf"
"4443","C60_000487","487","60","train","2026","data/structures/C60/C60_000487.gjf"
"4444","C60_000488","488","60","train","2026","data/structures/C60/C60_000488.gjf"
"4445","C60_000489","489","60","train","2026","data/structures/C60/C60_000489.gjf"
"4446","C60_000490","490","60","train","2026","data/structures/C60/C60_000490.gjf"
"4447","C60_000491","491","60","train","2026","data/structures/C60/C60_000491.gjf"
"4448","C60_000492","492","60","train","2026","data/structures/C60/C60_000492.gjf"
"4449","C60_000493","493","60","train","2026","data/structures/C60/C60_000493.gjf"
"4450","C60_000494","494","60","train","2026","data/structures/C60/C60_000494.gjf"
"4451","C60_000495","495","60","train","2026","data/structures/C60/C60_000495.gjf"
"4452","C60_000496","496","60","train","2026","data/structures/C60/C60_000496.gjf"
"4453","C60_000497","497","60","train","2026","data/structures/C60/C60_000497.gjf"
"4454","C60_000498","498","60","train","2026","data/structures/C60/C60_000498.gjf"
"4455","C60_000499","499","60","train","2026","data/structures/C60/C60_000499.gjf"
"4456","C60_000500","500","60","train","2026","data/structures/C60/C60_000500.gjf"
"4457","C60_000501","501","60","train","2026","data/structures/C60/C60_000501.gjf"
"4458","C60_000502","502","60","train","2026","data/structures/C60/C60_000502.gjf"
"4459","C60_000503","503","60","train","2026","data/structures/C60/C60_000503.gjf"
"4460","C60_000504","504","60","train","2026","data/structures/C60/C60_000504.gjf"
"4461","C60_000505","505","60","train","2026","data/structures/C60/C60_000505.gjf"
"4462","C60_000506","506","60","val","2026","data/structures/C60/C60_000506.gjf"
"4463","C60_000507","507","60","train","2026","data/structures/C60/C60_000507.gjf"
"4464","C60_000508","508","60","train","2026","data/structures/C60/C60_000508.gjf"
"4465","C60_000509","509","60","train","2026","data/structures/C60/C60_000509.gjf"
"4466","C60_000510","510","60","train","2026","data/structures/C60/C60_000510.gjf"
"4467","C60_000511","511","60","train","2026","data/structures/C60/C60_000511.gjf"
"4468","C60_000512","512","60","train","2026","data/structures/C60/C60_000512.gjf"
"4469","C60_000513","513","60","train","2026","data/structures/C60/C60_000513.gjf"
"4470","C60_000514","514","60","train","2026","data/structures/C60/C60_000514.gjf"
"4471","C60_000515","515","60","train","2026","data/structures/C60/C60_000515.gjf"
"4472","C60_000516","516","60","test","2026","data/structures/C60/C60_000516.gjf"
"4473","C60_000517","517","60","train","2026","data/structures/C60/C60_000517.gjf"
"4474","C60_000518","518","60","train","2026","data/structures/C60/C60_000518.gjf"
"4475","C60_000519","519","60","train","2026","data/structures/C60/C60_000519.gjf"
"4476","C60_000520","520","60","train","2026","data/structures/C60/C60_000520.gjf"
"4477","C60_000521","521","60","train","2026","data/structures/C60/C60_000521.gjf"
"4478","C60_000522","522","60","train","2026","data/structures/C60/C60_000522.gjf"
"4479","C60_000523","523","60","train","2026","data/structures/C60/C60_000523.gjf"
"4480","C60_000524","524","60","train","2026","data/structures/C60/C60_000524.gjf"
"4481","C60_000525","525","60","train","2026","data/structures/C60/C60_000525.gjf"
"4482","C60_000526","526","60","test","2026","data/structures/C60/C60_000526.gjf"
"4483","C60_000527","527","60","train","2026","data/structures/C60/C60_000527.gjf"
"4484","C60_000528","528","60","test","2026","data/structures/C60/C60_000528.gjf"
"4485","C60_000529","529","60","train","2026","data/structures/C60/C60_000529.gjf"
"4486","C60_000530","530","60","train","2026","data/structures/C60/C60_000530.gjf"
"4487","C60_000531","531","60","train","2026","data/structures/C60/C60_000531.gjf"
"4488","C60_000532","532","60","train","2026","data/structures/C60/C60_000532.gjf"
"4489","C60_000533","533","60","val","2026","data/structures/C60/C60_000533.gjf"
"4490","C60_000534","534","60","train","2026","data/structures/C60/C60_000534.gjf"
"4491","C60_000535","535","60","test","2026","data/structures/C60/C60_000535.gjf"
"4492","C60_000536","536","60","train","2026","data/structures/C60/C60_000536.gjf"
"4493","C60_000537","537","60","test","2026","data/structures/C60/C60_000537.gjf"
"4494","C60_000538","538","60","train","2026","data/structures/C60/C60_000538.gjf"
"4495","C60_000539","539","60","train","2026","data/structures/C60/C60_000539.gjf"
"4496","C60_000540","540","60","train","2026","data/structures/C60/C60_000540.gjf"
"4497","C60_000541","541","60","test","2026","data/structures/C60/C60_000541.gjf"
"4498","C60_000542","542","60","val","2026","data/structures/C60/C60_000542.gjf"
"4499","C60_000543","543","60","train","2026","data/structures/C60/C60_000543.gjf"
"4500","C60_000544","544","60","train","2026","data/structures/C60/C60_000544.gjf"
"4501","C60_000545","545","60","train","2026","data/structures/C60/C60_000545.gjf"
"4502","C60_000546","546","60","train","2026","data/structures/C60/C60_000546.gjf"
"4503","C60_000547","547","60","train","2026","data/structures/C60/C60_000547.gjf"
"4504","C60_000548","548","60","train","2026","data/structures/C60/C60_000548.gjf"
"4505","C60_000549","549","60","train","2026","data/structures/C60/C60_000549.gjf"
"4506","C60_000550","550","60","val","2026","data/structures/C60/C60_000550.gjf"
"4507","C60_000551","551","60","train","2026","data/structures/C60/C60_000551.gjf"
"4508","C60_000552","552","60","train","2026","data/structures/C60/C60_000552.gjf"
"4509","C60_000553","553","60","train","2026","data/structures/C60/C60_000553.gjf"
"4510","C60_000554","554","60","train","2026","data/structures/C60/C60_000554.gjf"
"4511","C60_000555","555","60","train","2026","data/structures/C60/C60_000555.gjf"
"4512","C60_000556","556","60","train","2026","data/structures/C60/C60_000556.gjf"
"4513","C60_000557","557","60","test","2026","data/structures/C60/C60_000557.gjf"
"4514","C60_000558","558","60","train","2026","data/structures/C60/C60_000558.gjf"
"4515","C60_000559","559","60","test","2026","data/structures/C60/C60_000559.gjf"
"4516","C60_000560","560","60","test","2026","data/structures/C60/C60_000560.gjf"
"4517","C60_000561","561","60","test","2026","data/structures/C60/C60_000561.gjf"
"4518","C60_000562","562","60","train","2026","data/structures/C60/C60_000562.gjf"
"4519","C60_000563","563","60","train","2026","data/structures/C60/C60_000563.gjf"
"4520","C60_000564","564","60","val","2026","data/structures/C60/C60_000564.gjf"
"4521","C60_000565","565","60","train","2026","data/structures/C60/C60_000565.gjf"
"4522","C60_000566","566","60","train","2026","data/structures/C60/C60_000566.gjf"
"4523","C60_000567","567","60","train","2026","data/structures/C60/C60_000567.gjf"
"4524","C60_000568","568","60","train","2026","data/structures/C60/C60_000568.gjf"
"4525","C60_000569","569","60","train","2026","data/structures/C60/C60_000569.gjf"
"4526","C60_000570","570","60","train","2026","data/structures/C60/C60_000570.gjf"
"4527","C60_000571","571","60","train","2026","data/structures/C60/C60_000571.gjf"
"4528","C60_000572","572","60","test","2026","data/structures/C60/C60_000572.gjf"
"4529","C60_000573","573","60","train","2026","data/structures/C60/C60_000573.gjf"
"4530","C60_000574","574","60","test","2026","data/structures/C60/C60_000574.gjf"
"4531","C60_000575","575","60","train","2026","data/structures/C60/C60_000575.gjf"
"4532","C60_000576","576","60","train","2026","data/structures/C60/C60_000576.gjf"
"4533","C60_000577","577","60","val","2026","data/structures/C60/C60_000577.gjf"
"4534","C60_000578","578","60","test","2026","data/structures/C60/C60_000578.gjf"
"4535","C60_000579","579","60","train","2026","data/structures/C60/C60_000579.gjf"
"4536","C60_000580","580","60","train","2026","data/structures/C60/C60_000580.gjf"
"4537","C60_000581","581","60","train","2026","data/structures/C60/C60_000581.gjf"
"4538","C60_000582","582","60","train","2026","data/structures/C60/C60_000582.gjf"
"4539","C60_000583","583","60","train","2026","data/structures/C60/C60_000583.gjf"
"4540","C60_000584","584","60","train","2026","data/structures/C60/C60_000584.gjf"
"4541","C60_000585","585","60","train","2026","data/structures/C60/C60_000585.gjf"
"4542","C60_000586","586","60","train","2026","data/structures/C60/C60_000586.gjf"
"4543","C60_000587","587","60","val","2026","data/structures/C60/C60_000587.gjf"
"4544","C60_000588","588","60","train","2026","data/structures/C60/C60_000588.gjf"
"4545","C60_000589","589","60","val","2026","data/structures/C60/C60_000589.gjf"
"4546","C60_000590","590","60","train","2026","data/structures/C60/C60_000590.gjf"
"4547","C60_000591","591","60","val","2026","data/structures/C60/C60_000591.gjf"
"4548","C60_000592","592","60","val","2026","data/structures/C60/C60_000592.gjf"
"4549","C60_000593","593","60","train","2026","data/structures/C60/C60_000593.gjf"
"4550","C60_000594","594","60","test","2026","data/structures/C60/C60_000594.gjf"
"4551","C60_000595","595","60","val","2026","data/structures/C60/C60_000595.gjf"
"4552","C60_000596","596","60","train","2026","data/structures/C60/C60_000596.gjf"
"4553","C60_000597","597","60","train","2026","data/structures/C60/C60_000597.gjf"
"4554","C60_000598","598","60","train","2026","data/structures/C60/C60_000598.gjf"
"4555","C60_000599","599","60","train","2026","data/structures/C60/C60_000599.gjf"
"4556","C60_000600","600","60","train","2026","data/structures/C60/C60_000600.gjf"
"4557","C60_000601","601","60","train","2026","data/structures/C60/C60_000601.gjf"
"4558","C60_000602","602","60","test","2026","data/structures/C60/C60_000602.gjf"
"4559","C60_000603","603","60","train","2026","data/structures/C60/C60_000603.gjf"
"4560","C60_000604","604","60","train","2026","data/structures/C60/C60_000604.gjf"
"4561","C60_000605","605","60","train","2026","data/structures/C60/C60_000605.gjf"
"4562","C60_000606","606","60","train","2026","data/structures/C60/C60_000606.gjf"
"4563","C60_000607","607","60","train","2026","data/structures/C60/C60_000607.gjf"
"4564","C60_000608","608","60","train","2026","data/structures/C60/C60_000608.gjf"
"4565","C60_000609","609","60","train","2026","data/structures/C60/C60_000609.gjf"
"4566","C60_000610","610","60","train","2026","data/structures/C60/C60_000610.gjf"
"4567","C60_000611","611","60","train","2026","data/structures/C60/C60_000611.gjf"
"4568","C60_000612","612","60","train","2026","data/structures/C60/C60_000612.gjf"
"4569","C60_000613","613","60","train","2026","data/structures/C60/C60_000613.gjf"
"4570","C60_000614","614","60","train","2026","data/structures/C60/C60_000614.gjf"
"4571","C60_000615","615","60","train","2026","data/structures/C60/C60_000615.gjf"
"4572","C60_000616","616","60","train","2026","data/structures/C60/C60_000616.gjf"
"4573","C60_000617","617","60","train","2026","data/structures/C60/C60_000617.gjf"
"4574","C60_000618","618","60","train","2026","data/structures/C60/C60_000618.gjf"
"4575","C60_000619","619","60","train","2026","data/structures/C60/C60_000619.gjf"
"4576","C60_000620","620","60","test","2026","data/structures/C60/C60_000620.gjf"
"4577","C60_000621","621","60","train","2026","data/structures/C60/C60_000621.gjf"
"4578","C60_000622","622","60","train","2026","data/structures/C60/C60_000622.gjf"
"4579","C60_000623","623","60","train","2026","data/structures/C60/C60_000623.gjf"
"4580","C60_000624","624","60","train","2026","data/structures/C60/C60_000624.gjf"
"4581","C60_000625","625","60","train","2026","data/structures/C60/C60_000625.gjf"
"4582","C60_000626","626","60","train","2026","data/structures/C60/C60_000626.gjf"
"4583","C60_000627","627","60","train","2026","data/structures/C60/C60_000627.gjf"
"4584","C60_000628","628","60","test","2026","data/structures/C60/C60_000628.gjf"
"4585","C60_000629","629","60","test","2026","data/structures/C60/C60_000629.gjf"
"4586","C60_000630","630","60","train","2026","data/structures/C60/C60_000630.gjf"
"4587","C60_000631","631","60","val","2026","data/structures/C60/C60_000631.gjf"
"4588","C60_000632","632","60","train","2026","data/structures/C60/C60_000632.gjf"
"4589","C60_000633","633","60","train","2026","data/structures/C60/C60_000633.gjf"
"4590","C60_000634","634","60","val","2026","data/structures/C60/C60_000634.gjf"
"4591","C60_000635","635","60","train","2026","data/structures/C60/C60_000635.gjf"
"4592","C60_000636","636","60","train","2026","data/structures/C60/C60_000636.gjf"
"4593","C60_000637","637","60","train","2026","data/structures/C60/C60_000637.gjf"
"4594","C60_000638","638","60","train","2026","data/structures/C60/C60_000638.gjf"
"4595","C60_000639","639","60","train","2026","data/structures/C60/C60_000639.gjf"
"4596","C60_000640","640","60","train","2026","data/structures/C60/C60_000640.gjf"
"4597","C60_000641","641","60","train","2026","data/structures/C60/C60_000641.gjf"
"4598","C60_000642","642","60","train","2026","data/structures/C60/C60_000642.gjf"
"4599","C60_000643","643","60","test","2026","data/structures/C60/C60_000643.gjf"
"4600","C60_000644","644","60","val","2026","data/structures/C60/C60_000644.gjf"
"4601","C60_000645","645","60","train","2026","data/structures/C60/C60_000645.gjf"
"4602","C60_000646","646","60","train","2026","data/structures/C60/C60_000646.gjf"
"4603","C60_000647","647","60","train","2026","data/structures/C60/C60_000647.gjf"
"4604","C60_000648","648","60","test","2026","data/structures/C60/C60_000648.gjf"
"4605","C60_000649","649","60","train","2026","data/structures/C60/C60_000649.gjf"
"4606","C60_000650","650","60","train","2026","data/structures/C60/C60_000650.gjf"
"4607","C60_000651","651","60","train","2026","data/structures/C60/C60_000651.gjf"
"4608","C60_000652","652","60","train","2026","data/structures/C60/C60_000652.gjf"
"4609","C60_000653","653","60","train","2026","data/structures/C60/C60_000653.gjf"
"4610","C60_000654","654","60","train","2026","data/structures/C60/C60_000654.gjf"
"4611","C60_000655","655","60","train","2026","data/structures/C60/C60_000655.gjf"
"4612","C60_000656","656","60","train","2026","data/structures/C60/C60_000656.gjf"
"4613","C60_000657","657","60","train","2026","data/structures/C60/C60_000657.gjf"
"4614","C60_000658","658","60","train","2026","data/structures/C60/C60_000658.gjf"
"4615","C60_000659","659","60","train","2026","data/structures/C60/C60_000659.gjf"
"4616","C60_000660","660","60","train","2026","data/structures/C60/C60_000660.gjf"
"4617","C60_000661","661","60","train","2026","data/structures/C60/C60_000661.gjf"
"4618","C60_000662","662","60","train","2026","data/structures/C60/C60_000662.gjf"
"4619","C60_000663","663","60","train","2026","data/structures/C60/C60_000663.gjf"
"4620","C60_000664","664","60","train","2026","data/structures/C60/C60_000664.gjf"
"4621","C60_000665","665","60","train","2026","data/structures/C60/C60_000665.gjf"
"4622","C60_000666","666","60","train","2026","data/structures/C60/C60_000666.gjf"
"4623","C60_000667","667","60","train","2026","data/structures/C60/C60_000667.gjf"
"4624","C60_000668","668","60","train","2026","data/structures/C60/C60_000668.gjf"
"4625","C60_000669","669","60","train","2026","data/structures/C60/C60_000669.gjf"
"4626","C60_000670","670","60","train","2026","data/structures/C60/C60_000670.gjf"
"4627","C60_000671","671","60","train","2026","data/structures/C60/C60_000671.gjf"
"4628","C60_000672","672","60","train","2026","data/structures/C60/C60_000672.gjf"
"4629","C60_000673","673","60","train","2026","data/structures/C60/C60_000673.gjf"
"4630","C60_000674","674","60","train","2026","data/structures/C60/C60_000674.gjf"
"4631","C60_000675","675","60","train","2026","data/structures/C60/C60_000675.gjf"
"4632","C60_000676","676","60","test","2026","data/structures/C60/C60_000676.gjf"
"4633","C60_000677","677","60","train","2026","data/structures/C60/C60_000677.gjf"
"4634","C60_000678","678","60","train","2026","data/structures/C60/C60_000678.gjf"
"4635","C60_000679","679","60","train","2026","data/structures/C60/C60_000679.gjf"
"4636","C60_000680","680","60","train","2026","data/structures/C60/C60_000680.gjf"
"4637","C60_000681","681","60","val","2026","data/structures/C60/C60_000681.gjf"
"4638","C60_000682","682","60","train","2026","data/structures/C60/C60_000682.gjf"
"4639","C60_000683","683","60","train","2026","data/structures/C60/C60_000683.gjf"
"4640","C60_000684","684","60","test","2026","data/structures/C60/C60_000684.gjf"
"4641","C60_000685","685","60","train","2026","data/structures/C60/C60_000685.gjf"
"4642","C60_000686","686","60","train","2026","data/structures/C60/C60_000686.gjf"
"4643","C60_000687","687","60","test","2026","data/structures/C60/C60_000687.gjf"
"4644","C60_000688","688","60","train","2026","data/structures/C60/C60_000688.gjf"
"4645","C60_000689","689","60","val","2026","data/structures/C60/C60_000689.gjf"
"4646","C60_000690","690","60","train","2026","data/structures/C60/C60_000690.gjf"
"4647","C60_000691","691","60","train","2026","data/structures/C60/C60_000691.gjf"
"4648","C60_000692","692","60","train","2026","data/structures/C60/C60_000692.gjf"
"4649","C60_000693","693","60","train","2026","data/structures/C60/C60_000693.gjf"
"4650","C60_000694","694","60","train","2026","data/structures/C60/C60_000694.gjf"
"4651","C60_000695","695","60","val","2026","data/structures/C60/C60_000695.gjf"
"4652","C60_000696","696","60","train","2026","data/structures/C60/C60_000696.gjf"
"4653","C60_000697","697","60","train","2026","data/structures/C60/C60_000697.gjf"
"4654","C60_000698","698","60","train","2026","data/structures/C60/C60_000698.gjf"
"4655","C60_000699","699","60","val","2026","data/structures/C60/C60_000699.gjf"
"4656","C60_000700","700","60","train","2026","data/structures/C60/C60_000700.gjf"
"4657","C60_000701","701","60","train","2026","data/structures/C60/C60_000701.gjf"
"4658","C60_000702","702","60","train","2026","data/structures/C60/C60_000702.gjf"
"4659","C60_000703","703","60","train","2026","data/structures/C60/C60_000703.gjf"
"4660","C60_000704","704","60","test","2026","data/structures/C60/C60_000704.gjf"
"4661","C60_000705","705","60","val","2026","data/structures/C60/C60_000705.gjf"
"4662","C60_000706","706","60","train","2026","data/structures/C60/C60_000706.gjf"
"4663","C60_000707","707","60","train","2026","data/structures/C60/C60_000707.gjf"
"4664","C60_000708","708","60","train","2026","data/structures/C60/C60_000708.gjf"
"4665","C60_000709","709","60","train","2026","data/structures/C60/C60_000709.gjf"
"4666","C60_000710","710","60","train","2026","data/structures/C60/C60_000710.gjf"
"4667","C60_000711","711","60","train","2026","data/structures/C60/C60_000711.gjf"
"4668","C60_000712","712","60","train","2026","data/structures/C60/C60_000712.gjf"
"4669","C60_000713","713","60","train","2026","data/structures/C60/C60_000713.gjf"
"4670","C60_000714","714","60","train","2026","data/structures/C60/C60_000714.gjf"
"4671","C60_000715","715","60","train","2026","data/structures/C60/C60_000715.gjf"
"4672","C60_000716","716","60","test","2026","data/structures/C60/C60_000716.gjf"
"4673","C60_000717","717","60","train","2026","data/structures/C60/C60_000717.gjf"
"4674","C60_000718","718","60","train","2026","data/structures/C60/C60_000718.gjf"
"4675","C60_000719","719","60","train","2026","data/structures/C60/C60_000719.gjf"
"4676","C60_000720","720","60","train","2026","data/structures/C60/C60_000720.gjf"
"4677","C60_000721","721","60","train","2026","data/structures/C60/C60_000721.gjf"
"4678","C60_000722","722","60","train","2026","data/structures/C60/C60_000722.gjf"
"4679","C60_000723","723","60","train","2026","data/structures/C60/C60_000723.gjf"
"4680","C60_000724","724","60","train","2026","data/structures/C60/C60_000724.gjf"
"4681","C60_000725","725","60","train","2026","data/structures/C60/C60_000725.gjf"
"4682","C60_000726","726","60","train","2026","data/structures/C60/C60_000726.gjf"
"4683","C60_000727","727","60","test","2026","data/structures/C60/C60_000727.gjf"
"4684","C60_000728","728","60","train","2026","data/structures/C60/C60_000728.gjf"
"4685","C60_000729","729","60","train","2026","data/structures/C60/C60_000729.gjf"
"4686","C60_000730","730","60","train","2026","data/structures/C60/C60_000730.gjf"
"4687","C60_000731","731","60","train","2026","data/structures/C60/C60_000731.gjf"
"4688","C60_000732","732","60","val","2026","data/structures/C60/C60_000732.gjf"
"4689","C60_000733","733","60","train","2026","data/structures/C60/C60_000733.gjf"
"4690","C60_000734","734","60","train","2026","data/structures/C60/C60_000734.gjf"
"4691","C60_000735","735","60","train","2026","data/structures/C60/C60_000735.gjf"
"4692","C60_000736","736","60","train","2026","data/structures/C60/C60_000736.gjf"
"4693","C60_000737","737","60","train","2026","data/structures/C60/C60_000737.gjf"
"4694","C60_000738","738","60","train","2026","data/structures/C60/C60_000738.gjf"
"4695","C60_000739","739","60","train","2026","data/structures/C60/C60_000739.gjf"
"4696","C60_000740","740","60","val","2026","data/structures/C60/C60_000740.gjf"
"4697","C60_000741","741","60","val","2026","data/structures/C60/C60_000741.gjf"
"4698","C60_000742","742","60","train","2026","data/structures/C60/C60_000742.gjf"
"4699","C60_000743","743","60","train","2026","data/structures/C60/C60_000743.gjf"
"4700","C60_000744","744","60","train","2026","data/structures/C60/C60_000744.gjf"
"4701","C60_000745","745","60","test","2026","data/structures/C60/C60_000745.gjf"
"4702","C60_000746","746","60","train","2026","data/structures/C60/C60_000746.gjf"
"4703","C60_000747","747","60","train","2026","data/structures/C60/C60_000747.gjf"
"4704","C60_000748","748","60","train","2026","data/structures/C60/C60_000748.gjf"
"4705","C60_000749","749","60","train","2026","data/structures/C60/C60_000749.gjf"
"4706","C60_000750","750","60","train","2026","data/structures/C60/C60_000750.gjf"
"4707","C60_000751","751","60","train","2026","data/structures/C60/C60_000751.gjf"
"4708","C60_000752","752","60","train","2026","data/structures/C60/C60_000752.gjf"
"4709","C60_000753","753","60","train","2026","data/structures/C60/C60_000753.gjf"
"4710","C60_000754","754","60","val","2026","data/structures/C60/C60_000754.gjf"
"4711","C60_000755","755","60","train","2026","data/structures/C60/C60_000755.gjf"
"4712","C60_000756","756","60","train","2026","data/structures/C60/C60_000756.gjf"
"4713","C60_000757","757","60","train","2026","data/structures/C60/C60_000757.gjf"
"4714","C60_000758","758","60","train","2026","data/structures/C60/C60_000758.gjf"
"4715","C60_000759","759","60","train","2026","data/structures/C60/C60_000759.gjf"
"4716","C60_000760","760","60","train","2026","data/structures/C60/C60_000760.gjf"
"4717","C60_000761","761","60","train","2026","data/structures/C60/C60_000761.gjf"
"4718","C60_000762","762","60","test","2026","data/structures/C60/C60_000762.gjf"
"4719","C60_000763","763","60","test","2026","data/structures/C60/C60_000763.gjf"
"4720","C60_000764","764","60","test","2026","data/structures/C60/C60_000764.gjf"
"4721","C60_000765","765","60","train","2026","data/structures/C60/C60_000765.gjf"
"4722","C60_000766","766","60","train","2026","data/structures/C60/C60_000766.gjf"
"4723","C60_000767","767","60","test","2026","data/structures/C60/C60_000767.gjf"
"4724","C60_000768","768","60","train","2026","data/structures/C60/C60_000768.gjf"
"4725","C60_000769","769","60","train","2026","data/structures/C60/C60_000769.gjf"
"4726","C60_000770","770","60","train","2026","data/structures/C60/C60_000770.gjf"
"4727","C60_000771","771","60","test","2026","data/structures/C60/C60_000771.gjf"
"4728","C60_000772","772","60","test","2026","data/structures/C60/C60_000772.gjf"
"4729","C60_000773","773","60","train","2026","data/structures/C60/C60_000773.gjf"
"4730","C60_000774","774","60","test","2026","data/structures/C60/C60_000774.gjf"
"4731","C60_000775","775","60","train","2026","data/structures/C60/C60_000775.gjf"
"4732","C60_000776","776","60","train","2026","data/structures/C60/C60_000776.gjf"
"4733","C60_000777","777","60","train","2026","data/structures/C60/C60_000777.gjf"
"4734","C60_000778","778","60","train","2026","data/structures/C60/C60_000778.gjf"
"4735","C60_000779","779","60","train","2026","data/structures/C60/C60_000779.gjf"
"4736","C60_000780","780","60","test","2026","data/structures/C60/C60_000780.gjf"
"4737","C60_000781","781","60","train","2026","data/structures/C60/C60_000781.gjf"
"4738","C60_000782","782","60","train","2026","data/structures/C60/C60_000782.gjf"
"4739","C60_000783","783","60","train","2026","data/structures/C60/C60_000783.gjf"
"4740","C60_000784","784","60","train","2026","data/structures/C60/C60_000784.gjf"
"4741","C60_000785","785","60","train","2026","data/structures/C60/C60_000785.gjf"
"4742","C60_000786","786","60","train","2026","data/structures/C60/C60_000786.gjf"
"4743","C60_000787","787","60","train","2026","data/structures/C60/C60_000787.gjf"
"4744","C60_000788","788","60","test","2026","data/structures/C60/C60_000788.gjf"
"4745","C60_000789","789","60","train","2026","data/structures/C60/C60_000789.gjf"
"4746","C60_000790","790","60","train","2026","data/structures/C60/C60_000790.gjf"
"4747","C60_000791","791","60","test","2026","data/structures/C60/C60_000791.gjf"
"4748","C60_000792","792","60","train","2026","data/structures/C60/C60_000792.gjf"
"4749","C60_000793","793","60","train","2026","data/structures/C60/C60_000793.gjf"
"4750","C60_000794","794","60","train","2026","data/structures/C60/C60_000794.gjf"
"4751","C60_000795","795","60","val","2026","data/structures/C60/C60_000795.gjf"
"4752","C60_000796","796","60","train","2026","data/structures/C60/C60_000796.gjf"
"4753","C60_000797","797","60","train","2026","data/structures/C60/C60_000797.gjf"
"4754","C60_000798","798","60","train","2026","data/structures/C60/C60_000798.gjf"
"4755","C60_000799","799","60","val","2026","data/structures/C60/C60_000799.gjf"
"4756","C60_000800","800","60","test","2026","data/structures/C60/C60_000800.gjf"
"4757","C60_000801","801","60","train","2026","data/structures/C60/C60_000801.gjf"
"4758","C60_000802","802","60","train","2026","data/structures/C60/C60_000802.gjf"
"4759","C60_000803","803","60","train","2026","data/structures/C60/C60_000803.gjf"
"4760","C60_000804","804","60","test","2026","data/structures/C60/C60_000804.gjf"
"4761","C60_000805","805","60","train","2026","data/structures/C60/C60_000805.gjf"
"4762","C60_000806","806","60","train","2026","data/structures/C60/C60_000806.gjf"
"4763","C60_000807","807","60","val","2026","data/structures/C60/C60_000807.gjf"
"4764","C60_000808","808","60","train","2026","data/structures/C60/C60_000808.gjf"
"4765","C60_000809","809","60","test","2026","data/structures/C60/C60_000809.gjf"
"4766","C60_000810","810","60","train","2026","data/structures/C60/C60_000810.gjf"
"4767","C60_000811","811","60","train","2026","data/structures/C60/C60_000811.gjf"
"4768","C60_000812","812","60","train","2026","data/structures/C60/C60_000812.gjf"
"4769","C60_000813","813","60","train","2026","data/structures/C60/C60_000813.gjf"
"4770","C60_000814","814","60","train","2026","data/structures/C60/C60_000814.gjf"
"4771","C60_000815","815","60","train","2026","data/structures/C60/C60_000815.gjf"
"4772","C60_000816","816","60","train","2026","data/structures/C60/C60_000816.gjf"
"4773","C60_000817","817","60","val","2026","data/structures/C60/C60_000817.gjf"
"4774","C60_000818","818","60","train","2026","data/structures/C60/C60_000818.gjf"
"4775","C60_000819","819","60","test","2026","data/structures/C60/C60_000819.gjf"
"4776","C60_000820","820","60","train","2026","data/structures/C60/C60_000820.gjf"
"4777","C60_000821","821","60","train","2026","data/structures/C60/C60_000821.gjf"
"4778","C60_000822","822","60","val","2026","data/structures/C60/C60_000822.gjf"
"4779","C60_000823","823","60","train","2026","data/structures/C60/C60_000823.gjf"
"4780","C60_000824","824","60","test","2026","data/structures/C60/C60_000824.gjf"
"4781","C60_000825","825","60","train","2026","data/structures/C60/C60_000825.gjf"
"4782","C60_000826","826","60","train","2026","data/structures/C60/C60_000826.gjf"
"4783","C60_000827","827","60","train","2026","data/structures/C60/C60_000827.gjf"
"4784","C60_000828","828","60","train","2026","data/structures/C60/C60_000828.gjf"
"4785","C60_000829","829","60","train","2026","data/structures/C60/C60_000829.gjf"
"4786","C60_000830","830","60","train","2026","data/structures/C60/C60_000830.gjf"
"4787","C60_000831","831","60","test","2026","data/structures/C60/C60_000831.gjf"
"4788","C60_000832","832","60","train","2026","data/structures/C60/C60_000832.gjf"
"4789","C60_000833","833","60","train","2026","data/structures/C60/C60_000833.gjf"
"4790","C60_000834","834","60","train","2026","data/structures/C60/C60_000834.gjf"
"4791","C60_000835","835","60","train","2026","data/structures/C60/C60_000835.gjf"
"4792","C60_000836","836","60","train","2026","data/structures/C60/C60_000836.gjf"
"4793","C60_000837","837","60","train","2026","data/structures/C60/C60_000837.gjf"
"4794","C60_000838","838","60","train","2026","data/structures/C60/C60_000838.gjf"
"4795","C60_000839","839","60","train","2026","data/structures/C60/C60_000839.gjf"
"4796","C60_000840","840","60","train","2026","data/structures/C60/C60_000840.gjf"
"4797","C60_000841","841","60","train","2026","data/structures/C60/C60_000841.gjf"
"4798","C60_000842","842","60","train","2026","data/structures/C60/C60_000842.gjf"
"4799","C60_000843","843","60","val","2026","data/structures/C60/C60_000843.gjf"
"4800","C60_000844","844","60","train","2026","data/structures/C60/C60_000844.gjf"
"4801","C60_000845","845","60","train","2026","data/structures/C60/C60_000845.gjf"
"4802","C60_000846","846","60","train","2026","data/structures/C60/C60_000846.gjf"
"4803","C60_000847","847","60","train","2026","data/structures/C60/C60_000847.gjf"
"4804","C60_000848","848","60","train","2026","data/structures/C60/C60_000848.gjf"
"4805","C60_000849","849","60","val","2026","data/structures/C60/C60_000849.gjf"
"4806","C60_000850","850","60","val","2026","data/structures/C60/C60_000850.gjf"
"4807","C60_000851","851","60","train","2026","data/structures/C60/C60_000851.gjf"
"4808","C60_000852","852","60","train","2026","data/structures/C60/C60_000852.gjf"
"4809","C60_000853","853","60","train","2026","data/structures/C60/C60_000853.gjf"
"4810","C60_000854","854","60","train","2026","data/structures/C60/C60_000854.gjf"
"4811","C60_000855","855","60","train","2026","data/structures/C60/C60_000855.gjf"
"4812","C60_000856","856","60","test","2026","data/structures/C60/C60_000856.gjf"
"4813","C60_000857","857","60","train","2026","data/structures/C60/C60_000857.gjf"
"4814","C60_000858","858","60","train","2026","data/structures/C60/C60_000858.gjf"
"4815","C60_000859","859","60","train","2026","data/structures/C60/C60_000859.gjf"
"4816","C60_000860","860","60","train","2026","data/structures/C60/C60_000860.gjf"
"4817","C60_000861","861","60","train","2026","data/structures/C60/C60_000861.gjf"
"4818","C60_000862","862","60","train","2026","data/structures/C60/C60_000862.gjf"
"4819","C60_000863","863","60","train","2026","data/structures/C60/C60_000863.gjf"
"4820","C60_000864","864","60","train","2026","data/structures/C60/C60_000864.gjf"
"4821","C60_000865","865","60","train","2026","data/structures/C60/C60_000865.gjf"
"4822","C60_000866","866","60","train","2026","data/structures/C60/C60_000866.gjf"
"4823","C60_000867","867","60","train","2026","data/structures/C60/C60_000867.gjf"
"4824","C60_000868","868","60","test","2026","data/structures/C60/C60_000868.gjf"
"4825","C60_000869","869","60","train","2026","data/structures/C60/C60_000869.gjf"
"4826","C60_000870","870","60","train","2026","data/structures/C60/C60_000870.gjf"
"4827","C60_000871","871","60","train","2026","data/structures/C60/C60_000871.gjf"
"4828","C60_000872","872","60","train","2026","data/structures/C60/C60_000872.gjf"
"4829","C60_000873","873","60","test","2026","data/structures/C60/C60_000873.gjf"
"4830","C60_000874","874","60","train","2026","data/structures/C60/C60_000874.gjf"
"4831","C60_000875","875","60","train","2026","data/structures/C60/C60_000875.gjf"
"4832","C60_000876","876","60","train","2026","data/structures/C60/C60_000876.gjf"
"4833","C60_000877","877","60","test","2026","data/structures/C60/C60_000877.gjf"
"4834","C60_000878","878","60","train","2026","data/structures/C60/C60_000878.gjf"
"4835","C60_000879","879","60","train","2026","data/structures/C60/C60_000879.gjf"
"4836","C60_000880","880","60","val","2026","data/structures/C60/C60_000880.gjf"
"4837","C60_000881","881","60","val","2026","data/structures/C60/C60_000881.gjf"
"4838","C60_000882","882","60","train","2026","data/structures/C60/C60_000882.gjf"
"4839","C60_000883","883","60","val","2026","data/structures/C60/C60_000883.gjf"
"4840","C60_000884","884","60","train","2026","data/structures/C60/C60_000884.gjf"
"4841","C60_000885","885","60","train","2026","data/structures/C60/C60_000885.gjf"
"4842","C60_000886","886","60","train","2026","data/structures/C60/C60_000886.gjf"
"4843","C60_000887","887","60","train","2026","data/structures/C60/C60_000887.gjf"
"4844","C60_000888","888","60","train","2026","data/structures/C60/C60_000888.gjf"
"4845","C60_000889","889","60","test","2026","data/structures/C60/C60_000889.gjf"
"4846","C60_000890","890","60","train","2026","data/structures/C60/C60_000890.gjf"
"4847","C60_000891","891","60","train","2026","data/structures/C60/C60_000891.gjf"
"4848","C60_000892","892","60","train","2026","data/structures/C60/C60_000892.gjf"
"4849","C60_000893","893","60","train","2026","data/structures/C60/C60_000893.gjf"
"4850","C60_000894","894","60","train","2026","data/structures/C60/C60_000894.gjf"
"4851","C60_000895","895","60","train","2026","data/structures/C60/C60_000895.gjf"
"4852","C60_000896","896","60","train","2026","data/structures/C60/C60_000896.gjf"
"4853","C60_000897","897","60","train","2026","data/structures/C60/C60_000897.gjf"
"4854","C60_000898","898","60","train","2026","data/structures/C60/C60_000898.gjf"
"4855","C60_000899","899","60","train","2026","data/structures/C60/C60_000899.gjf"
"4856","C60_000900","900","60","train","2026","data/structures/C60/C60_000900.gjf"
"4857","C60_000901","901","60","test","2026","data/structures/C60/C60_000901.gjf"
"4858","C60_000902","902","60","test","2026","data/structures/C60/C60_000902.gjf"
"4859","C60_000903","903","60","train","2026","data/structures/C60/C60_000903.gjf"
"4860","C60_000904","904","60","train","2026","data/structures/C60/C60_000904.gjf"
"4861","C60_000905","905","60","val","2026","data/structures/C60/C60_000905.gjf"
"4862","C60_000906","906","60","train","2026","data/structures/C60/C60_000906.gjf"
"4863","C60_000907","907","60","train","2026","data/structures/C60/C60_000907.gjf"
"4864","C60_000908","908","60","test","2026","data/structures/C60/C60_000908.gjf"
"4865","C60_000909","909","60","train","2026","data/structures/C60/C60_000909.gjf"
"4866","C60_000910","910","60","train","2026","data/structures/C60/C60_000910.gjf"
"4867","C60_000911","911","60","test","2026","data/structures/C60/C60_000911.gjf"
"4868","C60_000912","912","60","train","2026","data/structures/C60/C60_000912.gjf"
"4869","C60_000913","913","60","train","2026","data/structures/C60/C60_000913.gjf"
"4870","C60_000914","914","60","train","2026","data/structures/C60/C60_000914.gjf"
"4871","C60_000915","915","60","train","2026","data/structures/C60/C60_000915.gjf"
"4872","C60_000916","916","60","train","2026","data/structures/C60/C60_000916.gjf"
"4873","C60_000917","917","60","train","2026","data/structures/C60/C60_000917.gjf"
"4874","C60_000918","918","60","train","2026","data/structures/C60/C60_000918.gjf"
"4875","C60_000919","919","60","test","2026","data/structures/C60/C60_000919.gjf"
"4876","C60_000920","920","60","train","2026","data/structures/C60/C60_000920.gjf"
"4877","C60_000921","921","60","train","2026","data/structures/C60/C60_000921.gjf"
"4878","C60_000922","922","60","train","2026","data/structures/C60/C60_000922.gjf"
"4879","C60_000923","923","60","train","2026","data/structures/C60/C60_000923.gjf"
"4880","C60_000924","924","60","train","2026","data/structures/C60/C60_000924.gjf"
"4881","C60_000925","925","60","test","2026","data/structures/C60/C60_000925.gjf"
"4882","C60_000926","926","60","train","2026","data/structures/C60/C60_000926.gjf"
"4883","C60_000927","927","60","train","2026","data/structures/C60/C60_000927.gjf"
"4884","C60_000928","928","60","val","2026","data/structures/C60/C60_000928.gjf"
"4885","C60_000929","929","60","train","2026","data/structures/C60/C60_000929.gjf"
"4886","C60_000930","930","60","train","2026","data/structures/C60/C60_000930.gjf"
"4887","C60_000931","931","60","val","2026","data/structures/C60/C60_000931.gjf"
"4888","C60_000932","932","60","train","2026","data/structures/C60/C60_000932.gjf"
"4889","C60_000933","933","60","train","2026","data/structures/C60/C60_000933.gjf"
"4890","C60_000934","934","60","train","2026","data/structures/C60/C60_000934.gjf"
"4891","C60_000935","935","60","train","2026","data/structures/C60/C60_000935.gjf"
"4892","C60_000936","936","60","train","2026","data/structures/C60/C60_000936.gjf"
"4893","C60_000937","937","60","train","2026","data/structures/C60/C60_000937.gjf"
"4894","C60_000938","938","60","train","2026","data/structures/C60/C60_000938.gjf"
"4895","C60_000939","939","60","val","2026","data/structures/C60/C60_000939.gjf"
"4896","C60_000940","940","60","train","2026","data/structures/C60/C60_000940.gjf"
"4897","C60_000941","941","60","train","2026","data/structures/C60/C60_000941.gjf"
"4898","C60_000942","942","60","train","2026","data/structures/C60/C60_000942.gjf"
"4899","C60_000943","943","60","train","2026","data/structures/C60/C60_000943.gjf"
"4900","C60_000944","944","60","train","2026","data/structures/C60/C60_000944.gjf"
"4901","C60_000945","945","60","val","2026","data/structures/C60/C60_000945.gjf"
"4902","C60_000946","946","60","train","2026","data/structures/C60/C60_000946.gjf"
"4903","C60_000947","947","60","train","2026","data/structures/C60/C60_000947.gjf"
"4904","C60_000948","948","60","train","2026","data/structures/C60/C60_000948.gjf"
"4905","C60_000949","949","60","train","2026","data/structures/C60/C60_000949.gjf"
"4906","C60_000950","950","60","test","2026","data/structures/C60/C60_000950.gjf"
"4907","C60_000951","951","60","train","2026","data/structures/C60/C60_000951.gjf"
"4908","C60_000952","952","60","val","2026","data/structures/C60/C60_000952.gjf"
"4909","C60_000953","953","60","train","2026","data/structures/C60/C60_000953.gjf"
"4910","C60_000954","954","60","train","2026","data/structures/C60/C60_000954.gjf"
"4911","C60_000955","955","60","train","2026","data/structures/C60/C60_000955.gjf"
"4912","C60_000956","956","60","train","2026","data/structures/C60/C60_000956.gjf"
"4913","C60_000957","957","60","train","2026","data/structures/C60/C60_000957.gjf"
"4914","C60_000958","958","60","train","2026","data/structures/C60/C60_000958.gjf"
"4915","C60_000959","959","60","train","2026","data/structures/C60/C60_000959.gjf"
"4916","C60_000960","960","60","train","2026","data/structures/C60/C60_000960.gjf"
"4917","C60_000961","961","60","train","2026","data/structures/C60/C60_000961.gjf"
"4918","C60_000962","962","60","train","2026","data/structures/C60/C60_000962.gjf"
"4919","C60_000963","963","60","train","2026","data/structures/C60/C60_000963.gjf"
"4920","C60_000964","964","60","train","2026","data/structures/C60/C60_000964.gjf"
"4921","C60_000965","965","60","train","2026","data/structures/C60/C60_000965.gjf"
"4922","C60_000966","966","60","train","2026","data/structures/C60/C60_000966.gjf"
"4923","C60_000967","967","60","test","2026","data/structures/C60/C60_000967.gjf"
"4924","C60_000968","968","60","train","2026","data/structures/C60/C60_000968.gjf"
"4925","C60_000969","969","60","train","2026","data/structures/C60/C60_000969.gjf"
"4926","C60_000970","970","60","train","2026","data/structures/C60/C60_000970.gjf"
"4927","C60_000971","971","60","train","2026","data/structures/C60/C60_000971.gjf"
"4928","C60_000972","972","60","train","2026","data/structures/C60/C60_000972.gjf"
"4929","C60_000973","973","60","train","2026","data/structures/C60/C60_000973.gjf"
"4930","C60_000974","974","60","train","2026","data/structures/C60/C60_000974.gjf"
"4931","C60_000975","975","60","train","2026","data/structures/C60/C60_000975.gjf"
"4932","C60_000976","976","60","train","2026","data/structures/C60/C60_000976.gjf"
"4933","C60_000977","977","60","train","2026","data/structures/C60/C60_000977.gjf"
"4934","C60_000978","978","60","test","2026","data/structures/C60/C60_000978.gjf"
"4935","C60_000979","979","60","train","2026","data/structures/C60/C60_000979.gjf"
"4936","C60_000980","980","60","train","2026","data/structures/C60/C60_000980.gjf"
"4937","C60_000981","981","60","test","2026","data/structures/C60/C60_000981.gjf"
"4938","C60_000982","982","60","train","2026","data/structures/C60/C60_000982.gjf"
"4939","C60_000983","983","60","train","2026","data/structures/C60/C60_000983.gjf"
"4940","C60_000984","984","60","train","2026","data/structures/C60/C60_000984.gjf"
"4941","C60_000985","985","60","train","2026","data/structures/C60/C60_000985.gjf"
"4942","C60_000986","986","60","val","2026","data/structures/C60/C60_000986.gjf"
"4943","C60_000987","987","60","train","2026","data/structures/C60/C60_000987.gjf"
"4944","C60_000988","988","60","train","2026","data/structures/C60/C60_000988.gjf"
"4945","C60_000989","989","60","train","2026","data/structures/C60/C60_000989.gjf"
"4946","C60_000990","990","60","val","2026","data/structures/C60/C60_000990.gjf"
"4947","C60_000991","991","60","train","2026","data/structures/C60/C60_000991.gjf"
"4948","C60_000992","992","60","train","2026","data/structures/C60/C60_000992.gjf"
"4949","C60_000993","993","60","val","2026","data/structures/C60/C60_000993.gjf"
"4950","C60_000994","994","60","train","2026","data/structures/C60/C60_000994.gjf"
"4951","C60_000995","995","60","test","2026","data/structures/C60/C60_000995.gjf"
"4952","C60_000996","996","60","test","2026","data/structures/C60/C60_000996.gjf"
"4953","C60_000997","997","60","train","2026","data/structures/C60/C60_000997.gjf"
"4954","C60_000998","998","60","train","2026","data/structures/C60/C60_000998.gjf"
"4955","C60_000999","999","60","train","2026","data/structures/C60/C60_000999.gjf"
"4956","C60_001000","1000","60","train","2026","data/structures/C60/C60_001000.gjf"
"4957","C60_001001","1001","60","train","2026","data/structures/C60/C60_001001.gjf"
"4958","C60_001002","1002","60","val","2026","data/structures/C60/C60_001002.gjf"
"4959","C60_001003","1003","60","train","2026","data/structures/C60/C60_001003.gjf"
"4960","C60_001004","1004","60","train","2026","data/structures/C60/C60_001004.gjf"
"4961","C60_001005","1005","60","train","2026","data/structures/C60/C60_001005.gjf"
"4962","C60_001006","1006","60","train","2026","data/structures/C60/C60_001006.gjf"
"4963","C60_001007","1007","60","train","2026","data/structures/C60/C60_001007.gjf"
"4964","C60_001008","1008","60","train","2026","data/structures/C60/C60_001008.gjf"
"4965","C60_001009","1009","60","train","2026","data/structures/C60/C60_001009.gjf"
"4966","C60_001010","1010","60","train","2026","data/structures/C60/C60_001010.gjf"
"4967","C60_001011","1011","60","train","2026","data/structures/C60/C60_001011.gjf"
"4968","C60_001012","1012","60","train","2026","data/structures/C60/C60_001012.gjf"
"4969","C60_001013","1013","60","train","2026","data/structures/C60/C60_001013.gjf"
"4970","C60_001014","1014","60","test","2026","data/structures/C60/C60_001014.gjf"
"4971","C60_001015","1015","60","train","2026","data/structures/C60/C60_001015.gjf"
"4972","C60_001016","1016","60","train","2026","data/structures/C60/C60_001016.gjf"
"4973","C60_001017","1017","60","train","2026","data/structures/C60/C60_001017.gjf"
"4974","C60_001018","1018","60","train","2026","data/structures/C60/C60_001018.gjf"
"4975","C60_001019","1019","60","test","2026","data/structures/C60/C60_001019.gjf"
"4976","C60_001020","1020","60","train","2026","data/structures/C60/C60_001020.gjf"
"4977","C60_001021","1021","60","train","2026","data/structures/C60/C60_001021.gjf"
"4978","C60_001022","1022","60","train","2026","data/structures/C60/C60_001022.gjf"
"4979","C60_001023","1023","60","train","2026","data/structures/C60/C60_001023.gjf"
"4980","C60_001024","1024","60","train","2026","data/structures/C60/C60_001024.gjf"
"4981","C60_001025","1025","60","train","2026","data/structures/C60/C60_001025.gjf"
"4982","C60_001026","1026","60","train","2026","data/structures/C60/C60_001026.gjf"
"4983","C60_001027","1027","60","train","2026","data/structures/C60/C60_001027.gjf"
"4984","C60_001028","1028","60","train","2026","data/structures/C60/C60_001028.gjf"
"4985","C60_001029","1029","60","train","2026","data/structures/C60/C60_001029.gjf"
"4986","C60_001030","1030","60","test","2026","data/structures/C60/C60_001030.gjf"
"4987","C60_001031","1031","60","val","2026","data/structures/C60/C60_001031.gjf"
"4988","C60_001032","1032","60","train","2026","data/structures/C60/C60_001032.gjf"
"4989","C60_001033","1033","60","test","2026","data/structures/C60/C60_001033.gjf"
"4990","C60_001034","1034","60","train","2026","data/structures/C60/C60_001034.gjf"
"4991","C60_001035","1035","60","train","2026","data/structures/C60/C60_001035.gjf"
"4992","C60_001036","1036","60","train","2026","data/structures/C60/C60_001036.gjf"
"4993","C60_001037","1037","60","train","2026","data/structures/C60/C60_001037.gjf"
"4994","C60_001038","1038","60","train","2026","data/structures/C60/C60_001038.gjf"
"4995","C60_001039","1039","60","train","2026","data/structures/C60/C60_001039.gjf"
"4996","C60_001040","1040","60","train","2026","data/structures/C60/C60_001040.gjf"
"4997","C60_001041","1041","60","val","2026","data/structures/C60/C60_001041.gjf"
"4998","C60_001042","1042","60","train","2026","data/structures/C60/C60_001042.gjf"
"4999","C60_001043","1043","60","train","2026","data/structures/C60/C60_001043.gjf"
"5000","C60_001044","1044","60","train","2026","data/structures/C60/C60_001044.gjf"
"5001","C60_001045","1045","60","train","2026","data/structures/C60/C60_001045.gjf"
"5002","C60_001046","1046","60","train","2026","data/structures/C60/C60_001046.gjf"
"5003","C60_001047","1047","60","train","2026","data/structures/C60/C60_001047.gjf"
"5004","C60_001048","1048","60","train","2026","data/structures/C60/C60_001048.gjf"
"5005","C60_001049","1049","60","train","2026","data/structures/C60/C60_001049.gjf"
"5006","C60_001050","1050","60","test","2026","data/structures/C60/C60_001050.gjf"
"5007","C60_001051","1051","60","train","2026","data/structures/C60/C60_001051.gjf"
"5008","C60_001052","1052","60","train","2026","data/structures/C60/C60_001052.gjf"
"5009","C60_001053","1053","60","test","2026","data/structures/C60/C60_001053.gjf"
"5010","C60_001054","1054","60","train","2026","data/structures/C60/C60_001054.gjf"
"5011","C60_001055","1055","60","train","2026","data/structures/C60/C60_001055.gjf"
"5012","C60_001056","1056","60","train","2026","data/structures/C60/C60_001056.gjf"
"5013","C60_001057","1057","60","train","2026","data/structures/C60/C60_001057.gjf"
"5014","C60_001058","1058","60","train","2026","data/structures/C60/C60_001058.gjf"
"5015","C60_001059","1059","60","test","2026","data/structures/C60/C60_001059.gjf"
"5016","C60_001060","1060","60","train","2026","data/structures/C60/C60_001060.gjf"
"5017","C60_001061","1061","60","test","2026","data/structures/C60/C60_001061.gjf"
"5018","C60_001062","1062","60","test","2026","data/structures/C60/C60_001062.gjf"
"5019","C60_001063","1063","60","train","2026","data/structures/C60/C60_001063.gjf"
"5020","C60_001064","1064","60","train","2026","data/structures/C60/C60_001064.gjf"
"5021","C60_001065","1065","60","train","2026","data/structures/C60/C60_001065.gjf"
"5022","C60_001066","1066","60","train","2026","data/structures/C60/C60_001066.gjf"
"5023","C60_001067","1067","60","train","2026","data/structures/C60/C60_001067.gjf"
"5024","C60_001068","1068","60","train","2026","data/structures/C60/C60_001068.gjf"
"5025","C60_001069","1069","60","train","2026","data/structures/C60/C60_001069.gjf"
"5026","C60_001070","1070","60","train","2026","data/structures/C60/C60_001070.gjf"
"5027","C60_001071","1071","60","val","2026","data/structures/C60/C60_001071.gjf"
"5028","C60_001072","1072","60","train","2026","data/structures/C60/C60_001072.gjf"
"5029","C60_001073","1073","60","train","2026","data/structures/C60/C60_001073.gjf"
"5030","C60_001074","1074","60","train","2026","data/structures/C60/C60_001074.gjf"
"5031","C60_001075","1075","60","train","2026","data/structures/C60/C60_001075.gjf"
"5032","C60_001076","1076","60","train","2026","data/structures/C60/C60_001076.gjf"
"5033","C60_001077","1077","60","train","2026","data/structures/C60/C60_001077.gjf"
"5034","C60_001078","1078","60","train","2026","data/structures/C60/C60_001078.gjf"
"5035","C60_001079","1079","60","train","2026","data/structures/C60/C60_001079.gjf"
"5036","C60_001080","1080","60","train","2026","data/structures/C60/C60_001080.gjf"
"5037","C60_001081","1081","60","train","2026","data/structures/C60/C60_001081.gjf"
"5038","C60_001082","1082","60","train","2026","data/structures/C60/C60_001082.gjf"
"5039","C60_001083","1083","60","train","2026","data/structures/C60/C60_001083.gjf"
"5040","C60_001084","1084","60","train","2026","data/structures/C60/C60_001084.gjf"
"5041","C60_001085","1085","60","train","2026","data/structures/C60/C60_001085.gjf"
"5042","C60_001086","1086","60","train","2026","data/structures/C60/C60_001086.gjf"
"5043","C60_001087","1087","60","train","2026","data/structures/C60/C60_001087.gjf"
"5044","C60_001088","1088","60","val","2026","data/structures/C60/C60_001088.gjf"
"5045","C60_001089","1089","60","train","2026","data/structures/C60/C60_001089.gjf"
"5046","C60_001090","1090","60","train","2026","data/structures/C60/C60_001090.gjf"
"5047","C60_001091","1091","60","train","2026","data/structures/C60/C60_001091.gjf"
"5048","C60_001092","1092","60","test","2026","data/structures/C60/C60_001092.gjf"
"5049","C60_001093","1093","60","train","2026","data/structures/C60/C60_001093.gjf"
"5050","C60_001094","1094","60","train","2026","data/structures/C60/C60_001094.gjf"
"5051","C60_001095","1095","60","train","2026","data/structures/C60/C60_001095.gjf"
"5052","C60_001096","1096","60","test","2026","data/structures/C60/C60_001096.gjf"
"5053","C60_001097","1097","60","test","2026","data/structures/C60/C60_001097.gjf"
"5054","C60_001098","1098","60","test","2026","data/structures/C60/C60_001098.gjf"
"5055","C60_001099","1099","60","train","2026","data/structures/C60/C60_001099.gjf"
"5056","C60_001100","1100","60","test","2026","data/structures/C60/C60_001100.gjf"
"5057","C60_001101","1101","60","train","2026","data/structures/C60/C60_001101.gjf"
"5058","C60_001102","1102","60","train","2026","data/structures/C60/C60_001102.gjf"
"5059","C60_001103","1103","60","train","2026","data/structures/C60/C60_001103.gjf"
"5060","C60_001104","1104","60","train","2026","data/structures/C60/C60_001104.gjf"
"5061","C60_001105","1105","60","train","2026","data/structures/C60/C60_001105.gjf"
"5062","C60_001106","1106","60","train","2026","data/structures/C60/C60_001106.gjf"
"5063","C60_001107","1107","60","train","2026","data/structures/C60/C60_001107.gjf"
"5064","C60_001108","1108","60","train","2026","data/structures/C60/C60_001108.gjf"
"5065","C60_001109","1109","60","train","2026","data/structures/C60/C60_001109.gjf"
"5066","C60_001110","1110","60","train","2026","data/structures/C60/C60_001110.gjf"
"5067","C60_001111","1111","60","train","2026","data/structures/C60/C60_001111.gjf"
"5068","C60_001112","1112","60","train","2026","data/structures/C60/C60_001112.gjf"
"5069","C60_001113","1113","60","train","2026","data/structures/C60/C60_001113.gjf"
"5070","C60_001114","1114","60","train","2026","data/structures/C60/C60_001114.gjf"
"5071","C60_001115","1115","60","train","2026","data/structures/C60/C60_001115.gjf"
"5072","C60_001116","1116","60","train","2026","data/structures/C60/C60_001116.gjf"
"5073","C60_001117","1117","60","train","2026","data/structures/C60/C60_001117.gjf"
"5074","C60_001118","1118","60","val","2026","data/structures/C60/C60_001118.gjf"
"5075","C60_001119","1119","60","train","2026","data/structures/C60/C60_001119.gjf"
"5076","C60_001120","1120","60","train","2026","data/structures/C60/C60_001120.gjf"
"5077","C60_001121","1121","60","train","2026","data/structures/C60/C60_001121.gjf"
"5078","C60_001122","1122","60","train","2026","data/structures/C60/C60_001122.gjf"
"5079","C60_001123","1123","60","train","2026","data/structures/C60/C60_001123.gjf"
"5080","C60_001124","1124","60","test","2026","data/structures/C60/C60_001124.gjf"
"5081","C60_001125","1125","60","train","2026","data/structures/C60/C60_001125.gjf"
"5082","C60_001126","1126","60","val","2026","data/structures/C60/C60_001126.gjf"
"5083","C60_001127","1127","60","train","2026","data/structures/C60/C60_001127.gjf"
"5084","C60_001128","1128","60","test","2026","data/structures/C60/C60_001128.gjf"
"5085","C60_001129","1129","60","val","2026","data/structures/C60/C60_001129.gjf"
"5086","C60_001130","1130","60","test","2026","data/structures/C60/C60_001130.gjf"
"5087","C60_001131","1131","60","train","2026","data/structures/C60/C60_001131.gjf"
"5088","C60_001132","1132","60","train","2026","data/structures/C60/C60_001132.gjf"
"5089","C60_001133","1133","60","test","2026","data/structures/C60/C60_001133.gjf"
"5090","C60_001134","1134","60","train","2026","data/structures/C60/C60_001134.gjf"
"5091","C60_001135","1135","60","train","2026","data/structures/C60/C60_001135.gjf"
"5092","C60_001136","1136","60","train","2026","data/structures/C60/C60_001136.gjf"
"5093","C60_001137","1137","60","train","2026","data/structures/C60/C60_001137.gjf"
"5094","C60_001138","1138","60","train","2026","data/structures/C60/C60_001138.gjf"
"5095","C60_001139","1139","60","train","2026","data/structures/C60/C60_001139.gjf"
"5096","C60_001140","1140","60","train","2026","data/structures/C60/C60_001140.gjf"
"5097","C60_001141","1141","60","train","2026","data/structures/C60/C60_001141.gjf"
"5098","C60_001142","1142","60","train","2026","data/structures/C60/C60_001142.gjf"
"5099","C60_001143","1143","60","train","2026","data/structures/C60/C60_001143.gjf"
"5100","C60_001144","1144","60","train","2026","data/structures/C60/C60_001144.gjf"
"5101","C60_001145","1145","60","train","2026","data/structures/C60/C60_001145.gjf"
"5102","C60_001146","1146","60","train","2026","data/structures/C60/C60_001146.gjf"
"5103","C60_001147","1147","60","train","2026","data/structures/C60/C60_001147.gjf"
"5104","C60_001148","1148","60","train","2026","data/structures/C60/C60_001148.gjf"
"5105","C60_001149","1149","60","train","2026","data/structures/C60/C60_001149.gjf"
"5106","C60_001150","1150","60","train","2026","data/structures/C60/C60_001150.gjf"
"5107","C60_001151","1151","60","test","2026","data/structures/C60/C60_001151.gjf"
"5108","C60_001152","1152","60","train","2026","data/structures/C60/C60_001152.gjf"
"5109","C60_001153","1153","60","train","2026","data/structures/C60/C60_001153.gjf"
"5110","C60_001154","1154","60","train","2026","data/structures/C60/C60_001154.gjf"
"5111","C60_001155","1155","60","train","2026","data/structures/C60/C60_001155.gjf"
"5112","C60_001156","1156","60","train","2026","data/structures/C60/C60_001156.gjf"
"5113","C60_001157","1157","60","train","2026","data/structures/C60/C60_001157.gjf"
"5114","C60_001158","1158","60","train","2026","data/structures/C60/C60_001158.gjf"
"5115","C60_001159","1159","60","train","2026","data/structures/C60/C60_001159.gjf"
"5116","C60_001160","1160","60","train","2026","data/structures/C60/C60_001160.gjf"
"5117","C60_001161","1161","60","train","2026","data/structures/C60/C60_001161.gjf"
"5118","C60_001162","1162","60","test","2026","data/structures/C60/C60_001162.gjf"
"5119","C60_001163","1163","60","train","2026","data/structures/C60/C60_001163.gjf"
"5120","C60_001164","1164","60","train","2026","data/structures/C60/C60_001164.gjf"
"5121","C60_001165","1165","60","train","2026","data/structures/C60/C60_001165.gjf"
"5122","C60_001166","1166","60","train","2026","data/structures/C60/C60_001166.gjf"
"5123","C60_001167","1167","60","train","2026","data/structures/C60/C60_001167.gjf"
"5124","C60_001168","1168","60","train","2026","data/structures/C60/C60_001168.gjf"
"5125","C60_001169","1169","60","train","2026","data/structures/C60/C60_001169.gjf"
"5126","C60_001170","1170","60","train","2026","data/structures/C60/C60_001170.gjf"
"5127","C60_001171","1171","60","train","2026","data/structures/C60/C60_001171.gjf"
"5128","C60_001172","1172","60","train","2026","data/structures/C60/C60_001172.gjf"
"5129","C60_001173","1173","60","train","2026","data/structures/C60/C60_001173.gjf"
"5130","C60_001174","1174","60","train","2026","data/structures/C60/C60_001174.gjf"
"5131","C60_001175","1175","60","train","2026","data/structures/C60/C60_001175.gjf"
"5132","C60_001176","1176","60","train","2026","data/structures/C60/C60_001176.gjf"
"5133","C60_001177","1177","60","train","2026","data/structures/C60/C60_001177.gjf"
"5134","C60_001178","1178","60","val","2026","data/structures/C60/C60_001178.gjf"
"5135","C60_001179","1179","60","train","2026","data/structures/C60/C60_001179.gjf"
"5136","C60_001180","1180","60","val","2026","data/structures/C60/C60_001180.gjf"
"5137","C60_001181","1181","60","train","2026","data/structures/C60/C60_001181.gjf"
"5138","C60_001182","1182","60","train","2026","data/structures/C60/C60_001182.gjf"
"5139","C60_001183","1183","60","train","2026","data/structures/C60/C60_001183.gjf"
"5140","C60_001184","1184","60","train","2026","data/structures/C60/C60_001184.gjf"
"5141","C60_001185","1185","60","train","2026","data/structures/C60/C60_001185.gjf"
"5142","C60_001186","1186","60","train","2026","data/structures/C60/C60_001186.gjf"
"5143","C60_001187","1187","60","train","2026","data/structures/C60/C60_001187.gjf"
"5144","C60_001188","1188","60","train","2026","data/structures/C60/C60_001188.gjf"
"5145","C60_001189","1189","60","test","2026","data/structures/C60/C60_001189.gjf"
"5146","C60_001190","1190","60","train","2026","data/structures/C60/C60_001190.gjf"
"5147","C60_001191","1191","60","train","2026","data/structures/C60/C60_001191.gjf"
"5148","C60_001192","1192","60","val","2026","data/structures/C60/C60_001192.gjf"
"5149","C60_001193","1193","60","train","2026","data/structures/C60/C60_001193.gjf"
"5150","C60_001194","1194","60","train","2026","data/structures/C60/C60_001194.gjf"
"5151","C60_001195","1195","60","train","2026","data/structures/C60/C60_001195.gjf"
"5152","C60_001196","1196","60","train","2026","data/structures/C60/C60_001196.gjf"
"5153","C60_001197","1197","60","train","2026","data/structures/C60/C60_001197.gjf"
"5154","C60_001198","1198","60","train","2026","data/structures/C60/C60_001198.gjf"
"5155","C60_001199","1199","60","train","2026","data/structures/C60/C60_001199.gjf"
"5156","C60_001200","1200","60","train","2026","data/structures/C60/C60_001200.gjf"
"5157","C60_001201","1201","60","train","2026","data/structures/C60/C60_001201.gjf"
"5158","C60_001202","1202","60","train","2026","data/structures/C60/C60_001202.gjf"
"5159","C60_001203","1203","60","train","2026","data/structures/C60/C60_001203.gjf"
"5160","C60_001204","1204","60","test","2026","data/structures/C60/C60_001204.gjf"
"5161","C60_001205","1205","60","train","2026","data/structures/C60/C60_001205.gjf"
"5162","C60_001206","1206","60","train","2026","data/structures/C60/C60_001206.gjf"
"5163","C60_001207","1207","60","train","2026","data/structures/C60/C60_001207.gjf"
"5164","C60_001208","1208","60","train","2026","data/structures/C60/C60_001208.gjf"
"5165","C60_001209","1209","60","val","2026","data/structures/C60/C60_001209.gjf"
"5166","C60_001210","1210","60","train","2026","data/structures/C60/C60_001210.gjf"
"5167","C60_001211","1211","60","train","2026","data/structures/C60/C60_001211.gjf"
"5168","C60_001212","1212","60","train","2026","data/structures/C60/C60_001212.gjf"
"5169","C60_001213","1213","60","test","2026","data/structures/C60/C60_001213.gjf"
"5170","C60_001214","1214","60","train","2026","data/structures/C60/C60_001214.gjf"
"5171","C60_001215","1215","60","train","2026","data/structures/C60/C60_001215.gjf"
"5172","C60_001216","1216","60","train","2026","data/structures/C60/C60_001216.gjf"
"5173","C60_001217","1217","60","train","2026","data/structures/C60/C60_001217.gjf"
"5174","C60_001218","1218","60","train","2026","data/structures/C60/C60_001218.gjf"
"5175","C60_001219","1219","60","train","2026","data/structures/C60/C60_001219.gjf"
"5176","C60_001220","1220","60","train","2026","data/structures/C60/C60_001220.gjf"
"5177","C60_001221","1221","60","val","2026","data/structures/C60/C60_001221.gjf"
"5178","C60_001222","1222","60","train","2026","data/structures/C60/C60_001222.gjf"
"5179","C60_001223","1223","60","train","2026","data/structures/C60/C60_001223.gjf"
"5180","C60_001224","1224","60","val","2026","data/structures/C60/C60_001224.gjf"
"5181","C60_001225","1225","60","val","2026","data/structures/C60/C60_001225.gjf"
"5182","C60_001226","1226","60","train","2026","data/structures/C60/C60_001226.gjf"
"5183","C60_001227","1227","60","train","2026","data/structures/C60/C60_001227.gjf"
"5184","C60_001228","1228","60","train","2026","data/structures/C60/C60_001228.gjf"
"5185","C60_001229","1229","60","train","2026","data/structures/C60/C60_001229.gjf"
"5186","C60_001230","1230","60","train","2026","data/structures/C60/C60_001230.gjf"
"5187","C60_001231","1231","60","train","2026","data/structures/C60/C60_001231.gjf"
"5188","C60_001232","1232","60","train","2026","data/structures/C60/C60_001232.gjf"
"5189","C60_001233","1233","60","train","2026","data/structures/C60/C60_001233.gjf"
"5190","C60_001234","1234","60","val","2026","data/structures/C60/C60_001234.gjf"
"5191","C60_001235","1235","60","train","2026","data/structures/C60/C60_001235.gjf"
"5192","C60_001236","1236","60","train","2026","data/structures/C60/C60_001236.gjf"
"5193","C60_001237","1237","60","train","2026","data/structures/C60/C60_001237.gjf"
"5194","C60_001238","1238","60","train","2026","data/structures/C60/C60_001238.gjf"
"5195","C60_001239","1239","60","val","2026","data/structures/C60/C60_001239.gjf"
"5196","C60_001240","1240","60","train","2026","data/structures/C60/C60_001240.gjf"
"5197","C60_001241","1241","60","train","2026","data/structures/C60/C60_001241.gjf"
"5198","C60_001242","1242","60","train","2026","data/structures/C60/C60_001242.gjf"
"5199","C60_001243","1243","60","val","2026","data/structures/C60/C60_001243.gjf"
"5200","C60_001244","1244","60","train","2026","data/structures/C60/C60_001244.gjf"
"5201","C60_001245","1245","60","test","2026","data/structures/C60/C60_001245.gjf"
"5202","C60_001246","1246","60","train","2026","data/structures/C60/C60_001246.gjf"
"5203","C60_001247","1247","60","train","2026","data/structures/C60/C60_001247.gjf"
"5204","C60_001248","1248","60","train","2026","data/structures/C60/C60_001248.gjf"
"5205","C60_001249","1249","60","train","2026","data/structures/C60/C60_001249.gjf"
"5206","C60_001250","1250","60","train","2026","data/structures/C60/C60_001250.gjf"
"5207","C60_001251","1251","60","train","2026","data/structures/C60/C60_001251.gjf"
"5208","C60_001252","1252","60","train","2026","data/structures/C60/C60_001252.gjf"
"5209","C60_001253","1253","60","train","2026","data/structures/C60/C60_001253.gjf"
"5210","C60_001254","1254","60","val","2026","data/structures/C60/C60_001254.gjf"
"5211","C60_001255","1255","60","train","2026","data/structures/C60/C60_001255.gjf"
"5212","C60_001256","1256","60","train","2026","data/structures/C60/C60_001256.gjf"
"5213","C60_001257","1257","60","train","2026","data/structures/C60/C60_001257.gjf"
"5214","C60_001258","1258","60","train","2026","data/structures/C60/C60_001258.gjf"
"5215","C60_001259","1259","60","val","2026","data/structures/C60/C60_001259.gjf"
"5216","C60_001260","1260","60","train","2026","data/structures/C60/C60_001260.gjf"
"5217","C60_001261","1261","60","test","2026","data/structures/C60/C60_001261.gjf"
"5218","C60_001262","1262","60","train","2026","data/structures/C60/C60_001262.gjf"
"5219","C60_001263","1263","60","test","2026","data/structures/C60/C60_001263.gjf"
"5220","C60_001264","1264","60","train","2026","data/structures/C60/C60_001264.gjf"
"5221","C60_001265","1265","60","train","2026","data/structures/C60/C60_001265.gjf"
"5222","C60_001266","1266","60","train","2026","data/structures/C60/C60_001266.gjf"
"5223","C60_001267","1267","60","train","2026","data/structures/C60/C60_001267.gjf"
"5224","C60_001268","1268","60","train","2026","data/structures/C60/C60_001268.gjf"
"5225","C60_001269","1269","60","train","2026","data/structures/C60/C60_001269.gjf"
"5226","C60_001270","1270","60","val","2026","data/structures/C60/C60_001270.gjf"
"5227","C60_001271","1271","60","train","2026","data/structures/C60/C60_001271.gjf"
"5228","C60_001272","1272","60","val","2026","data/structures/C60/C60_001272.gjf"
"5229","C60_001273","1273","60","train","2026","data/structures/C60/C60_001273.gjf"
"5230","C60_001274","1274","60","test","2026","data/structures/C60/C60_001274.gjf"
"5231","C60_001275","1275","60","val","2026","data/structures/C60/C60_001275.gjf"
"5232","C60_001276","1276","60","train","2026","data/structures/C60/C60_001276.gjf"
"5233","C60_001277","1277","60","train","2026","data/structures/C60/C60_001277.gjf"
"5234","C60_001278","1278","60","train","2026","data/structures/C60/C60_001278.gjf"
"5235","C60_001279","1279","60","train","2026","data/structures/C60/C60_001279.gjf"
"5236","C60_001280","1280","60","train","2026","data/structures/C60/C60_001280.gjf"
"5237","C60_001281","1281","60","train","2026","data/structures/C60/C60_001281.gjf"
"5238","C60_001282","1282","60","train","2026","data/structures/C60/C60_001282.gjf"
"5239","C60_001283","1283","60","train","2026","data/structures/C60/C60_001283.gjf"
"5240","C60_001284","1284","60","train","2026","data/structures/C60/C60_001284.gjf"
"5241","C60_001285","1285","60","train","2026","data/structures/C60/C60_001285.gjf"
"5242","C60_001286","1286","60","train","2026","data/structures/C60/C60_001286.gjf"
"5243","C60_001287","1287","60","train","2026","data/structures/C60/C60_001287.gjf"
"5244","C60_001288","1288","60","train","2026","data/structures/C60/C60_001288.gjf"
"5245","C60_001289","1289","60","train","2026","data/structures/C60/C60_001289.gjf"
"5246","C60_001290","1290","60","train","2026","data/structures/C60/C60_001290.gjf"
"5247","C60_001291","1291","60","train","2026","data/structures/C60/C60_001291.gjf"
"5248","C60_001292","1292","60","train","2026","data/structures/C60/C60_001292.gjf"
"5249","C60_001293","1293","60","test","2026","data/structures/C60/C60_001293.gjf"
"5250","C60_001294","1294","60","train","2026","data/structures/C60/C60_001294.gjf"
"5251","C60_001295","1295","60","train","2026","data/structures/C60/C60_001295.gjf"
"5252","C60_001296","1296","60","train","2026","data/structures/C60/C60_001296.gjf"
"5253","C60_001297","1297","60","train","2026","data/structures/C60/C60_001297.gjf"
"5254","C60_001298","1298","60","train","2026","data/structures/C60/C60_001298.gjf"
"5255","C60_001299","1299","60","train","2026","data/structures/C60/C60_001299.gjf"
"5256","C60_001300","1300","60","train","2026","data/structures/C60/C60_001300.gjf"
"5257","C60_001301","1301","60","test","2026","data/structures/C60/C60_001301.gjf"
"5258","C60_001302","1302","60","test","2026","data/structures/C60/C60_001302.gjf"
"5259","C60_001303","1303","60","train","2026","data/structures/C60/C60_001303.gjf"
"5260","C60_001304","1304","60","train","2026","data/structures/C60/C60_001304.gjf"
"5261","C60_001305","1305","60","train","2026","data/structures/C60/C60_001305.gjf"
"5262","C60_001306","1306","60","train","2026","data/structures/C60/C60_001306.gjf"
"5263","C60_001307","1307","60","train","2026","data/structures/C60/C60_001307.gjf"
"5264","C60_001308","1308","60","train","2026","data/structures/C60/C60_001308.gjf"
"5265","C60_001309","1309","60","train","2026","data/structures/C60/C60_001309.gjf"
"5266","C60_001310","1310","60","train","2026","data/structures/C60/C60_001310.gjf"
"5267","C60_001311","1311","60","train","2026","data/structures/C60/C60_001311.gjf"
"5268","C60_001312","1312","60","train","2026","data/structures/C60/C60_001312.gjf"
"5269","C60_001313","1313","60","train","2026","data/structures/C60/C60_001313.gjf"
"5270","C60_001314","1314","60","train","2026","data/structures/C60/C60_001314.gjf"
"5271","C60_001315","1315","60","train","2026","data/structures/C60/C60_001315.gjf"
"5272","C60_001316","1316","60","train","2026","data/structures/C60/C60_001316.gjf"
"5273","C60_001317","1317","60","train","2026","data/structures/C60/C60_001317.gjf"
"5274","C60_001318","1318","60","train","2026","data/structures/C60/C60_001318.gjf"
"5275","C60_001319","1319","60","train","2026","data/structures/C60/C60_001319.gjf"
"5276","C60_001320","1320","60","train","2026","data/structures/C60/C60_001320.gjf"
"5277","C60_001321","1321","60","train","2026","data/structures/C60/C60_001321.gjf"
"5278","C60_001322","1322","60","train","2026","data/structures/C60/C60_001322.gjf"
"5279","C60_001323","1323","60","train","2026","data/structures/C60/C60_001323.gjf"
"5280","C60_001324","1324","60","val","2026","data/structures/C60/C60_001324.gjf"
"5281","C60_001325","1325","60","train","2026","data/structures/C60/C60_001325.gjf"
"5282","C60_001326","1326","60","train","2026","data/structures/C60/C60_001326.gjf"
"5283","C60_001327","1327","60","test","2026","data/structures/C60/C60_001327.gjf"
"5284","C60_001328","1328","60","train","2026","data/structures/C60/C60_001328.gjf"
"5285","C60_001329","1329","60","train","2026","data/structures/C60/C60_001329.gjf"
"5286","C60_001330","1330","60","train","2026","data/structures/C60/C60_001330.gjf"
"5287","C60_001331","1331","60","train","2026","data/structures/C60/C60_001331.gjf"
"5288","C60_001332","1332","60","train","2026","data/structures/C60/C60_001332.gjf"
"5289","C60_001333","1333","60","train","2026","data/structures/C60/C60_001333.gjf"
"5290","C60_001334","1334","60","val","2026","data/structures/C60/C60_001334.gjf"
"5291","C60_001335","1335","60","train","2026","data/structures/C60/C60_001335.gjf"
"5292","C60_001336","1336","60","train","2026","data/structures/C60/C60_001336.gjf"
"5293","C60_001337","1337","60","train","2026","data/structures/C60/C60_001337.gjf"
"5294","C60_001338","1338","60","train","2026","data/structures/C60/C60_001338.gjf"
"5295","C60_001339","1339","60","val","2026","data/structures/C60/C60_001339.gjf"
"5296","C60_001340","1340","60","train","2026","data/structures/C60/C60_001340.gjf"
"5297","C60_001341","1341","60","train","2026","data/structures/C60/C60_001341.gjf"
"5298","C60_001342","1342","60","train","2026","data/structures/C60/C60_001342.gjf"
"5299","C60_001343","1343","60","train","2026","data/structures/C60/C60_001343.gjf"
"5300","C60_001344","1344","60","train","2026","data/structures/C60/C60_001344.gjf"
"5301","C60_001345","1345","60","val","2026","data/structures/C60/C60_001345.gjf"
"5302","C60_001346","1346","60","train","2026","data/structures/C60/C60_001346.gjf"
"5303","C60_001347","1347","60","train","2026","data/structures/C60/C60_001347.gjf"
"5304","C60_001348","1348","60","train","2026","data/structures/C60/C60_001348.gjf"
"5305","C60_001349","1349","60","train","2026","data/structures/C60/C60_001349.gjf"
"5306","C60_001350","1350","60","train","2026","data/structures/C60/C60_001350.gjf"
"5307","C60_001351","1351","60","train","2026","data/structures/C60/C60_001351.gjf"
"5308","C60_001352","1352","60","train","2026","data/structures/C60/C60_001352.gjf"
"5309","C60_001353","1353","60","train","2026","data/structures/C60/C60_001353.gjf"
"5310","C60_001354","1354","60","train","2026","data/structures/C60/C60_001354.gjf"
"5311","C60_001355","1355","60","train","2026","data/structures/C60/C60_001355.gjf"
"5312","C60_001356","1356","60","train","2026","data/structures/C60/C60_001356.gjf"
"5313","C60_001357","1357","60","val","2026","data/structures/C60/C60_001357.gjf"
"5314","C60_001358","1358","60","train","2026","data/structures/C60/C60_001358.gjf"
"5315","C60_001359","1359","60","train","2026","data/structures/C60/C60_001359.gjf"
"5316","C60_001360","1360","60","train","2026","data/structures/C60/C60_001360.gjf"
"5317","C60_001361","1361","60","train","2026","data/structures/C60/C60_001361.gjf"
"5318","C60_001362","1362","60","train","2026","data/structures/C60/C60_001362.gjf"
"5319","C60_001363","1363","60","train","2026","data/structures/C60/C60_001363.gjf"
"5320","C60_001364","1364","60","train","2026","data/structures/C60/C60_001364.gjf"
"5321","C60_001365","1365","60","test","2026","data/structures/C60/C60_001365.gjf"
"5322","C60_001366","1366","60","train","2026","data/structures/C60/C60_001366.gjf"
"5323","C60_001367","1367","60","train","2026","data/structures/C60/C60_001367.gjf"
"5324","C60_001368","1368","60","train","2026","data/structures/C60/C60_001368.gjf"
"5325","C60_001369","1369","60","train","2026","data/structures/C60/C60_001369.gjf"
"5326","C60_001370","1370","60","val","2026","data/structures/C60/C60_001370.gjf"
"5327","C60_001371","1371","60","train","2026","data/structures/C60/C60_001371.gjf"
"5328","C60_001372","1372","60","train","2026","data/structures/C60/C60_001372.gjf"
"5329","C60_001373","1373","60","train","2026","data/structures/C60/C60_001373.gjf"
"5330","C60_001374","1374","60","train","2026","data/structures/C60/C60_001374.gjf"
"5331","C60_001375","1375","60","train","2026","data/structures/C60/C60_001375.gjf"
"5332","C60_001376","1376","60","train","2026","data/structures/C60/C60_001376.gjf"
"5333","C60_001377","1377","60","train","2026","data/structures/C60/C60_001377.gjf"
"5334","C60_001378","1378","60","train","2026","data/structures/C60/C60_001378.gjf"
"5335","C60_001379","1379","60","test","2026","data/structures/C60/C60_001379.gjf"
"5336","C60_001380","1380","60","train","2026","data/structures/C60/C60_001380.gjf"
"5337","C60_001381","1381","60","train","2026","data/structures/C60/C60_001381.gjf"
"5338","C60_001382","1382","60","train","2026","data/structures/C60/C60_001382.gjf"
"5339","C60_001383","1383","60","train","2026","data/structures/C60/C60_001383.gjf"
"5340","C60_001384","1384","60","train","2026","data/structures/C60/C60_001384.gjf"
"5341","C60_001385","1385","60","train","2026","data/structures/C60/C60_001385.gjf"
"5342","C60_001386","1386","60","train","2026","data/structures/C60/C60_001386.gjf"
"5343","C60_001387","1387","60","train","2026","data/structures/C60/C60_001387.gjf"
"5344","C60_001388","1388","60","train","2026","data/structures/C60/C60_001388.gjf"
"5345","C60_001389","1389","60","val","2026","data/structures/C60/C60_001389.gjf"
"5346","C60_001390","1390","60","train","2026","data/structures/C60/C60_001390.gjf"
"5347","C60_001391","1391","60","train","2026","data/structures/C60/C60_001391.gjf"
"5348","C60_001392","1392","60","test","2026","data/structures/C60/C60_001392.gjf"
"5349","C60_001393","1393","60","train","2026","data/structures/C60/C60_001393.gjf"
"5350","C60_001394","1394","60","train","2026","data/structures/C60/C60_001394.gjf"
"5351","C60_001395","1395","60","test","2026","data/structures/C60/C60_001395.gjf"
"5352","C60_001396","1396","60","train","2026","data/structures/C60/C60_001396.gjf"
"5353","C60_001397","1397","60","val","2026","data/structures/C60/C60_001397.gjf"
"5354","C60_001398","1398","60","train","2026","data/structures/C60/C60_001398.gjf"
"5355","C60_001399","1399","60","train","2026","data/structures/C60/C60_001399.gjf"
"5356","C60_001400","1400","60","train","2026","data/structures/C60/C60_001400.gjf"
"5357","C60_001401","1401","60","val","2026","data/structures/C60/C60_001401.gjf"
"5358","C60_001402","1402","60","train","2026","data/structures/C60/C60_001402.gjf"
"5359","C60_001403","1403","60","train","2026","data/structures/C60/C60_001403.gjf"
"5360","C60_001404","1404","60","train","2026","data/structures/C60/C60_001404.gjf"
"5361","C60_001405","1405","60","train","2026","data/structures/C60/C60_001405.gjf"
"5362","C60_001406","1406","60","train","2026","data/structures/C60/C60_001406.gjf"
"5363","C60_001407","1407","60","train","2026","data/structures/C60/C60_001407.gjf"
"5364","C60_001408","1408","60","train","2026","data/structures/C60/C60_001408.gjf"
"5365","C60_001409","1409","60","test","2026","data/structures/C60/C60_001409.gjf"
"5366","C60_001410","1410","60","train","2026","data/structures/C60/C60_001410.gjf"
"5367","C60_001411","1411","60","train","2026","data/structures/C60/C60_001411.gjf"
"5368","C60_001412","1412","60","train","2026","data/structures/C60/C60_001412.gjf"
"5369","C60_001413","1413","60","train","2026","data/structures/C60/C60_001413.gjf"
"5370","C60_001414","1414","60","train","2026","data/structures/C60/C60_001414.gjf"
"5371","C60_001415","1415","60","train","2026","data/structures/C60/C60_001415.gjf"
"5372","C60_001416","1416","60","train","2026","data/structures/C60/C60_001416.gjf"
"5373","C60_001417","1417","60","train","2026","data/structures/C60/C60_001417.gjf"
"5374","C60_001418","1418","60","train","2026","data/structures/C60/C60_001418.gjf"
"5375","C60_001419","1419","60","train","2026","data/structures/C60/C60_001419.gjf"
"5376","C60_001420","1420","60","train","2026","data/structures/C60/C60_001420.gjf"
"5377","C60_001421","1421","60","train","2026","data/structures/C60/C60_001421.gjf"
"5378","C60_001422","1422","60","val","2026","data/structures/C60/C60_001422.gjf"
"5379","C60_001423","1423","60","train","2026","data/structures/C60/C60_001423.gjf"
"5380","C60_001424","1424","60","train","2026","data/structures/C60/C60_001424.gjf"
"5381","C60_001425","1425","60","train","2026","data/structures/C60/C60_001425.gjf"
"5382","C60_001426","1426","60","train","2026","data/structures/C60/C60_001426.gjf"
"5383","C60_001427","1427","60","train","2026","data/structures/C60/C60_001427.gjf"
"5384","C60_001428","1428","60","val","2026","data/structures/C60/C60_001428.gjf"
"5385","C60_001429","1429","60","test","2026","data/structures/C60/C60_001429.gjf"
"5386","C60_001430","1430","60","train","2026","data/structures/C60/C60_001430.gjf"
"5387","C60_001431","1431","60","val","2026","data/structures/C60/C60_001431.gjf"
"5388","C60_001432","1432","60","train","2026","data/structures/C60/C60_001432.gjf"
"5389","C60_001433","1433","60","test","2026","data/structures/C60/C60_001433.gjf"
"5390","C60_001434","1434","60","train","2026","data/structures/C60/C60_001434.gjf"
"5391","C60_001435","1435","60","train","2026","data/structures/C60/C60_001435.gjf"
"5392","C60_001436","1436","60","train","2026","data/structures/C60/C60_001436.gjf"
"5393","C60_001437","1437","60","train","2026","data/structures/C60/C60_001437.gjf"
"5394","C60_001438","1438","60","train","2026","data/structures/C60/C60_001438.gjf"
"5395","C60_001439","1439","60","train","2026","data/structures/C60/C60_001439.gjf"
"5396","C60_001440","1440","60","val","2026","data/structures/C60/C60_001440.gjf"
"5397","C60_001441","1441","60","test","2026","data/structures/C60/C60_001441.gjf"
"5398","C60_001442","1442","60","val","2026","data/structures/C60/C60_001442.gjf"
"5399","C60_001443","1443","60","val","2026","data/structures/C60/C60_001443.gjf"
"5400","C60_001444","1444","60","test","2026","data/structures/C60/C60_001444.gjf"
"5401","C60_001445","1445","60","train","2026","data/structures/C60/C60_001445.gjf"
"5402","C60_001446","1446","60","train","2026","data/structures/C60/C60_001446.gjf"
"5403","C60_001447","1447","60","train","2026","data/structures/C60/C60_001447.gjf"
"5404","C60_001448","1448","60","train","2026","data/structures/C60/C60_001448.gjf"
"5405","C60_001449","1449","60","train","2026","data/structures/C60/C60_001449.gjf"
"5406","C60_001450","1450","60","train","2026","data/structures/C60/C60_001450.gjf"
"5407","C60_001451","1451","60","train","2026","data/structures/C60/C60_001451.gjf"
"5408","C60_001452","1452","60","test","2026","data/structures/C60/C60_001452.gjf"
"5409","C60_001453","1453","60","test","2026","data/structures/C60/C60_001453.gjf"
"5410","C60_001454","1454","60","train","2026","data/structures/C60/C60_001454.gjf"
"5411","C60_001455","1455","60","train","2026","data/structures/C60/C60_001455.gjf"
"5412","C60_001456","1456","60","test","2026","data/structures/C60/C60_001456.gjf"
"5413","C60_001457","1457","60","train","2026","data/structures/C60/C60_001457.gjf"
"5414","C60_001458","1458","60","test","2026","data/structures/C60/C60_001458.gjf"
"5415","C60_001459","1459","60","train","2026","data/structures/C60/C60_001459.gjf"
"5416","C60_001460","1460","60","train","2026","data/structures/C60/C60_001460.gjf"
"5417","C60_001461","1461","60","train","2026","data/structures/C60/C60_001461.gjf"
"5418","C60_001462","1462","60","train","2026","data/structures/C60/C60_001462.gjf"
"5419","C60_001463","1463","60","train","2026","data/structures/C60/C60_001463.gjf"
"5420","C60_001464","1464","60","train","2026","data/structures/C60/C60_001464.gjf"
"5421","C60_001465","1465","60","train","2026","data/structures/C60/C60_001465.gjf"
"5422","C60_001466","1466","60","train","2026","data/structures/C60/C60_001466.gjf"
"5423","C60_001467","1467","60","train","2026","data/structures/C60/C60_001467.gjf"
"5424","C60_001468","1468","60","train","2026","data/structures/C60/C60_001468.gjf"
"5425","C60_001469","1469","60","train","2026","data/structures/C60/C60_001469.gjf"
"5426","C60_001470","1470","60","train","2026","data/structures/C60/C60_001470.gjf"
"5427","C60_001471","1471","60","test","2026","data/structures/C60/C60_001471.gjf"
"5428","C60_001472","1472","60","train","2026","data/structures/C60/C60_001472.gjf"
"5429","C60_001473","1473","60","train","2026","data/structures/C60/C60_001473.gjf"
"5430","C60_001474","1474","60","train","2026","data/structures/C60/C60_001474.gjf"
"5431","C60_001475","1475","60","train","2026","data/structures/C60/C60_001475.gjf"
"5432","C60_001476","1476","60","train","2026","data/structures/C60/C60_001476.gjf"
"5433","C60_001477","1477","60","train","2026","data/structures/C60/C60_001477.gjf"
"5434","C60_001478","1478","60","train","2026","data/structures/C60/C60_001478.gjf"
"5435","C60_001479","1479","60","train","2026","data/structures/C60/C60_001479.gjf"
"5436","C60_001480","1480","60","train","2026","data/structures/C60/C60_001480.gjf"
"5437","C60_001481","1481","60","train","2026","data/structures/C60/C60_001481.gjf"
"5438","C60_001482","1482","60","train","2026","data/structures/C60/C60_001482.gjf"
"5439","C60_001483","1483","60","train","2026","data/structures/C60/C60_001483.gjf"
"5440","C60_001484","1484","60","train","2026","data/structures/C60/C60_001484.gjf"
"5441","C60_001485","1485","60","train","2026","data/structures/C60/C60_001485.gjf"
"5442","C60_001486","1486","60","train","2026","data/structures/C60/C60_001486.gjf"
"5443","C60_001487","1487","60","train","2026","data/structures/C60/C60_001487.gjf"
"5444","C60_001488","1488","60","train","2026","data/structures/C60/C60_001488.gjf"
"5445","C60_001489","1489","60","train","2026","data/structures/C60/C60_001489.gjf"
"5446","C60_001490","1490","60","val","2026","data/structures/C60/C60_001490.gjf"
"5447","C60_001491","1491","60","train","2026","data/structures/C60/C60_001491.gjf"
"5448","C60_001492","1492","60","train","2026","data/structures/C60/C60_001492.gjf"
"5449","C60_001493","1493","60","train","2026","data/structures/C60/C60_001493.gjf"
"5450","C60_001494","1494","60","train","2026","data/structures/C60/C60_001494.gjf"
"5451","C60_001495","1495","60","train","2026","data/structures/C60/C60_001495.gjf"
"5452","C60_001496","1496","60","train","2026","data/structures/C60/C60_001496.gjf"
"5453","C60_001497","1497","60","train","2026","data/structures/C60/C60_001497.gjf"
"5454","C60_001498","1498","60","test","2026","data/structures/C60/C60_001498.gjf"
"5455","C60_001499","1499","60","train","2026","data/structures/C60/C60_001499.gjf"
"5456","C60_001500","1500","60","train","2026","data/structures/C60/C60_001500.gjf"
"5457","C60_001501","1501","60","train","2026","data/structures/C60/C60_001501.gjf"
"5458","C60_001502","1502","60","train","2026","data/structures/C60/C60_001502.gjf"
"5459","C60_001503","1503","60","train","2026","data/structures/C60/C60_001503.gjf"
"5460","C60_001504","1504","60","train","2026","data/structures/C60/C60_001504.gjf"
"5461","C60_001505","1505","60","test","2026","data/structures/C60/C60_001505.gjf"
"5462","C60_001506","1506","60","train","2026","data/structures/C60/C60_001506.gjf"
"5463","C60_001507","1507","60","train","2026","data/structures/C60/C60_001507.gjf"
"5464","C60_001508","1508","60","train","2026","data/structures/C60/C60_001508.gjf"
"5465","C60_001509","1509","60","test","2026","data/structures/C60/C60_001509.gjf"
"5466","C60_001510","1510","60","test","2026","data/structures/C60/C60_001510.gjf"
"5467","C60_001511","1511","60","train","2026","data/structures/C60/C60_001511.gjf"
"5468","C60_001512","1512","60","train","2026","data/structures/C60/C60_001512.gjf"
"5469","C60_001513","1513","60","train","2026","data/structures/C60/C60_001513.gjf"
"5470","C60_001514","1514","60","train","2026","data/structures/C60/C60_001514.gjf"
"5471","C60_001515","1515","60","train","2026","data/structures/C60/C60_001515.gjf"
"5472","C60_001516","1516","60","train","2026","data/structures/C60/C60_001516.gjf"
"5473","C60_001517","1517","60","train","2026","data/structures/C60/C60_001517.gjf"
"5474","C60_001518","1518","60","train","2026","data/structures/C60/C60_001518.gjf"
"5475","C60_001519","1519","60","train","2026","data/structures/C60/C60_001519.gjf"
"5476","C60_001520","1520","60","train","2026","data/structures/C60/C60_001520.gjf"
"5477","C60_001521","1521","60","train","2026","data/structures/C60/C60_001521.gjf"
"5478","C60_001522","1522","60","train","2026","data/structures/C60/C60_001522.gjf"
"5479","C60_001523","1523","60","train","2026","data/structures/C60/C60_001523.gjf"
"5480","C60_001524","1524","60","train","2026","data/structures/C60/C60_001524.gjf"
"5481","C60_001525","1525","60","train","2026","data/structures/C60/C60_001525.gjf"
"5482","C60_001526","1526","60","train","2026","data/structures/C60/C60_001526.gjf"
"5483","C60_001527","1527","60","train","2026","data/structures/C60/C60_001527.gjf"
"5484","C60_001528","1528","60","train","2026","data/structures/C60/C60_001528.gjf"
"5485","C60_001529","1529","60","train","2026","data/structures/C60/C60_001529.gjf"
"5486","C60_001530","1530","60","train","2026","data/structures/C60/C60_001530.gjf"
"5487","C60_001531","1531","60","train","2026","data/structures/C60/C60_001531.gjf"
"5488","C60_001532","1532","60","train","2026","data/structures/C60/C60_001532.gjf"
"5489","C60_001533","1533","60","train","2026","data/structures/C60/C60_001533.gjf"
"5490","C60_001534","1534","60","test","2026","data/structures/C60/C60_001534.gjf"
"5491","C60_001535","1535","60","train","2026","data/structures/C60/C60_001535.gjf"
"5492","C60_001536","1536","60","train","2026","data/structures/C60/C60_001536.gjf"
"5493","C60_001537","1537","60","train","2026","data/structures/C60/C60_001537.gjf"
"5494","C60_001538","1538","60","val","2026","data/structures/C60/C60_001538.gjf"
"5495","C60_001539","1539","60","train","2026","data/structures/C60/C60_001539.gjf"
"5496","C60_001540","1540","60","train","2026","data/structures/C60/C60_001540.gjf"
"5497","C60_001541","1541","60","train","2026","data/structures/C60/C60_001541.gjf"
"5498","C60_001542","1542","60","train","2026","data/structures/C60/C60_001542.gjf"
"5499","C60_001543","1543","60","train","2026","data/structures/C60/C60_001543.gjf"
"5500","C60_001544","1544","60","train","2026","data/structures/C60/C60_001544.gjf"
"5501","C60_001545","1545","60","train","2026","data/structures/C60/C60_001545.gjf"
"5502","C60_001546","1546","60","train","2026","data/structures/C60/C60_001546.gjf"
"5503","C60_001547","1547","60","train","2026","data/structures/C60/C60_001547.gjf"
"5504","C60_001548","1548","60","train","2026","data/structures/C60/C60_001548.gjf"
"5505","C60_001549","1549","60","train","2026","data/structures/C60/C60_001549.gjf"
"5506","C60_001550","1550","60","train","2026","data/structures/C60/C60_001550.gjf"
"5507","C60_001551","1551","60","train","2026","data/structures/C60/C60_001551.gjf"
"5508","C60_001552","1552","60","train","2026","data/structures/C60/C60_001552.gjf"
"5509","C60_001553","1553","60","train","2026","data/structures/C60/C60_001553.gjf"
"5510","C60_001554","1554","60","train","2026","data/structures/C60/C60_001554.gjf"
"5511","C60_001555","1555","60","train","2026","data/structures/C60/C60_001555.gjf"
"5512","C60_001556","1556","60","train","2026","data/structures/C60/C60_001556.gjf"
"5513","C60_001557","1557","60","train","2026","data/structures/C60/C60_001557.gjf"
"5514","C60_001558","1558","60","train","2026","data/structures/C60/C60_001558.gjf"
"5515","C60_001559","1559","60","train","2026","data/structures/C60/C60_001559.gjf"
"5516","C60_001560","1560","60","train","2026","data/structures/C60/C60_001560.gjf"
"5517","C60_001561","1561","60","train","2026","data/structures/C60/C60_001561.gjf"
"5518","C60_001562","1562","60","train","2026","data/structures/C60/C60_001562.gjf"
"5519","C60_001563","1563","60","train","2026","data/structures/C60/C60_001563.gjf"
"5520","C60_001564","1564","60","test","2026","data/structures/C60/C60_001564.gjf"
"5521","C60_001565","1565","60","train","2026","data/structures/C60/C60_001565.gjf"
"5522","C60_001566","1566","60","train","2026","data/structures/C60/C60_001566.gjf"
"5523","C60_001567","1567","60","train","2026","data/structures/C60/C60_001567.gjf"
"5524","C60_001568","1568","60","train","2026","data/structures/C60/C60_001568.gjf"
"5525","C60_001569","1569","60","train","2026","data/structures/C60/C60_001569.gjf"
"5526","C60_001570","1570","60","train","2026","data/structures/C60/C60_001570.gjf"
"5527","C60_001571","1571","60","train","2026","data/structures/C60/C60_001571.gjf"
"5528","C60_001572","1572","60","train","2026","data/structures/C60/C60_001572.gjf"
"5529","C60_001573","1573","60","train","2026","data/structures/C60/C60_001573.gjf"
"5530","C60_001574","1574","60","train","2026","data/structures/C60/C60_001574.gjf"
"5531","C60_001575","1575","60","train","2026","data/structures/C60/C60_001575.gjf"
"5532","C60_001576","1576","60","train","2026","data/structures/C60/C60_001576.gjf"
"5533","C60_001577","1577","60","test","2026","data/structures/C60/C60_001577.gjf"
"5534","C60_001578","1578","60","train","2026","data/structures/C60/C60_001578.gjf"
"5535","C60_001579","1579","60","val","2026","data/structures/C60/C60_001579.gjf"
"5536","C60_001580","1580","60","train","2026","data/structures/C60/C60_001580.gjf"
"5537","C60_001581","1581","60","test","2026","data/structures/C60/C60_001581.gjf"
"5538","C60_001582","1582","60","val","2026","data/structures/C60/C60_001582.gjf"
"5539","C60_001583","1583","60","train","2026","data/structures/C60/C60_001583.gjf"
"5540","C60_001584","1584","60","train","2026","data/structures/C60/C60_001584.gjf"
"5541","C60_001585","1585","60","test","2026","data/structures/C60/C60_001585.gjf"
"5542","C60_001586","1586","60","train","2026","data/structures/C60/C60_001586.gjf"
"5543","C60_001587","1587","60","train","2026","data/structures/C60/C60_001587.gjf"
"5544","C60_001588","1588","60","train","2026","data/structures/C60/C60_001588.gjf"
"5545","C60_001589","1589","60","train","2026","data/structures/C60/C60_001589.gjf"
"5546","C60_001590","1590","60","val","2026","data/structures/C60/C60_001590.gjf"
"5547","C60_001591","1591","60","train","2026","data/structures/C60/C60_001591.gjf"
"5548","C60_001592","1592","60","train","2026","data/structures/C60/C60_001592.gjf"
"5549","C60_001593","1593","60","train","2026","data/structures/C60/C60_001593.gjf"
"5550","C60_001594","1594","60","val","2026","data/structures/C60/C60_001594.gjf"
"5551","C60_001595","1595","60","train","2026","data/structures/C60/C60_001595.gjf"
"5552","C60_001596","1596","60","test","2026","data/structures/C60/C60_001596.gjf"
"5553","C60_001597","1597","60","train","2026","data/structures/C60/C60_001597.gjf"
"5554","C60_001598","1598","60","train","2026","data/structures/C60/C60_001598.gjf"
"5555","C60_001599","1599","60","train","2026","data/structures/C60/C60_001599.gjf"
"5556","C60_001600","1600","60","train","2026","data/structures/C60/C60_001600.gjf"
"5557","C60_001601","1601","60","train","2026","data/structures/C60/C60_001601.gjf"
"5558","C60_001602","1602","60","train","2026","data/structures/C60/C60_001602.gjf"
"5559","C60_001603","1603","60","train","2026","data/structures/C60/C60_001603.gjf"
"5560","C60_001604","1604","60","train","2026","data/structures/C60/C60_001604.gjf"
"5561","C60_001605","1605","60","train","2026","data/structures/C60/C60_001605.gjf"
"5562","C60_001606","1606","60","val","2026","data/structures/C60/C60_001606.gjf"
"5563","C60_001607","1607","60","train","2026","data/structures/C60/C60_001607.gjf"
"5564","C60_001608","1608","60","test","2026","data/structures/C60/C60_001608.gjf"
"5565","C60_001609","1609","60","train","2026","data/structures/C60/C60_001609.gjf"
"5566","C60_001610","1610","60","val","2026","data/structures/C60/C60_001610.gjf"
"5567","C60_001611","1611","60","train","2026","data/structures/C60/C60_001611.gjf"
"5568","C60_001612","1612","60","train","2026","data/structures/C60/C60_001612.gjf"
"5569","C60_001613","1613","60","train","2026","data/structures/C60/C60_001613.gjf"
"5570","C60_001614","1614","60","train","2026","data/structures/C60/C60_001614.gjf"
"5571","C60_001615","1615","60","train","2026","data/structures/C60/C60_001615.gjf"
"5572","C60_001616","1616","60","train","2026","data/structures/C60/C60_001616.gjf"
"5573","C60_001617","1617","60","test","2026","data/structures/C60/C60_001617.gjf"
"5574","C60_001618","1618","60","train","2026","data/structures/C60/C60_001618.gjf"
"5575","C60_001619","1619","60","test","2026","data/structures/C60/C60_001619.gjf"
"5576","C60_001620","1620","60","train","2026","data/structures/C60/C60_001620.gjf"
"5577","C60_001621","1621","60","train","2026","data/structures/C60/C60_001621.gjf"
"5578","C60_001622","1622","60","train","2026","data/structures/C60/C60_001622.gjf"
"5579","C60_001623","1623","60","val","2026","data/structures/C60/C60_001623.gjf"
"5580","C60_001624","1624","60","train","2026","data/structures/C60/C60_001624.gjf"
"5581","C60_001625","1625","60","test","2026","data/structures/C60/C60_001625.gjf"
"5582","C60_001626","1626","60","train","2026","data/structures/C60/C60_001626.gjf"
"5583","C60_001627","1627","60","train","2026","data/structures/C60/C60_001627.gjf"
"5584","C60_001628","1628","60","test","2026","data/structures/C60/C60_001628.gjf"
"5585","C60_001629","1629","60","train","2026","data/structures/C60/C60_001629.gjf"
"5586","C60_001630","1630","60","train","2026","data/structures/C60/C60_001630.gjf"
"5587","C60_001631","1631","60","train","2026","data/structures/C60/C60_001631.gjf"
"5588","C60_001632","1632","60","train","2026","data/structures/C60/C60_001632.gjf"
"5589","C60_001633","1633","60","train","2026","data/structures/C60/C60_001633.gjf"
"5590","C60_001634","1634","60","train","2026","data/structures/C60/C60_001634.gjf"
"5591","C60_001635","1635","60","train","2026","data/structures/C60/C60_001635.gjf"
"5592","C60_001636","1636","60","train","2026","data/structures/C60/C60_001636.gjf"
"5593","C60_001637","1637","60","train","2026","data/structures/C60/C60_001637.gjf"
"5594","C60_001638","1638","60","val","2026","data/structures/C60/C60_001638.gjf"
"5595","C60_001639","1639","60","train","2026","data/structures/C60/C60_001639.gjf"
"5596","C60_001640","1640","60","val","2026","data/structures/C60/C60_001640.gjf"
"5597","C60_001641","1641","60","train","2026","data/structures/C60/C60_001641.gjf"
"5598","C60_001642","1642","60","train","2026","data/structures/C60/C60_001642.gjf"
"5599","C60_001643","1643","60","train","2026","data/structures/C60/C60_001643.gjf"
"5600","C60_001644","1644","60","train","2026","data/structures/C60/C60_001644.gjf"
"5601","C60_001645","1645","60","train","2026","data/structures/C60/C60_001645.gjf"
"5602","C60_001646","1646","60","train","2026","data/structures/C60/C60_001646.gjf"
"5603","C60_001647","1647","60","train","2026","data/structures/C60/C60_001647.gjf"
"5604","C60_001648","1648","60","train","2026","data/structures/C60/C60_001648.gjf"
"5605","C60_001649","1649","60","train","2026","data/structures/C60/C60_001649.gjf"
"5606","C60_001650","1650","60","train","2026","data/structures/C60/C60_001650.gjf"
"5607","C60_001651","1651","60","train","2026","data/structures/C60/C60_001651.gjf"
"5608","C60_001652","1652","60","train","2026","data/structures/C60/C60_001652.gjf"
"5609","C60_001653","1653","60","train","2026","data/structures/C60/C60_001653.gjf"
"5610","C60_001654","1654","60","train","2026","data/structures/C60/C60_001654.gjf"
"5611","C60_001655","1655","60","train","2026","data/structures/C60/C60_001655.gjf"
"5612","C60_001656","1656","60","train","2026","data/structures/C60/C60_001656.gjf"
"5613","C60_001657","1657","60","train","2026","data/structures/C60/C60_001657.gjf"
"5614","C60_001658","1658","60","train","2026","data/structures/C60/C60_001658.gjf"
"5615","C60_001659","1659","60","train","2026","data/structures/C60/C60_001659.gjf"
"5616","C60_001660","1660","60","train","2026","data/structures/C60/C60_001660.gjf"
"5617","C60_001661","1661","60","train","2026","data/structures/C60/C60_001661.gjf"
"5618","C60_001662","1662","60","train","2026","data/structures/C60/C60_001662.gjf"
"5619","C60_001663","1663","60","train","2026","data/structures/C60/C60_001663.gjf"
"5620","C60_001664","1664","60","train","2026","data/structures/C60/C60_001664.gjf"
"5621","C60_001665","1665","60","train","2026","data/structures/C60/C60_001665.gjf"
"5622","C60_001666","1666","60","test","2026","data/structures/C60/C60_001666.gjf"
"5623","C60_001667","1667","60","train","2026","data/structures/C60/C60_001667.gjf"
"5624","C60_001668","1668","60","val","2026","data/structures/C60/C60_001668.gjf"
"5625","C60_001669","1669","60","train","2026","data/structures/C60/C60_001669.gjf"
"5626","C60_001670","1670","60","train","2026","data/structures/C60/C60_001670.gjf"
"5627","C60_001671","1671","60","train","2026","data/structures/C60/C60_001671.gjf"
"5628","C60_001672","1672","60","train","2026","data/structures/C60/C60_001672.gjf"
"5629","C60_001673","1673","60","val","2026","data/structures/C60/C60_001673.gjf"
"5630","C60_001674","1674","60","train","2026","data/structures/C60/C60_001674.gjf"
"5631","C60_001675","1675","60","train","2026","data/structures/C60/C60_001675.gjf"
"5632","C60_001676","1676","60","train","2026","data/structures/C60/C60_001676.gjf"
"5633","C60_001677","1677","60","test","2026","data/structures/C60/C60_001677.gjf"
"5634","C60_001678","1678","60","train","2026","data/structures/C60/C60_001678.gjf"
"5635","C60_001679","1679","60","test","2026","data/structures/C60/C60_001679.gjf"
"5636","C60_001680","1680","60","train","2026","data/structures/C60/C60_001680.gjf"
"5637","C60_001681","1681","60","train","2026","data/structures/C60/C60_001681.gjf"
"5638","C60_001682","1682","60","train","2026","data/structures/C60/C60_001682.gjf"
"5639","C60_001683","1683","60","train","2026","data/structures/C60/C60_001683.gjf"
"5640","C60_001684","1684","60","train","2026","data/structures/C60/C60_001684.gjf"
"5641","C60_001685","1685","60","test","2026","data/structures/C60/C60_001685.gjf"
"5642","C60_001686","1686","60","train","2026","data/structures/C60/C60_001686.gjf"
"5643","C60_001687","1687","60","train","2026","data/structures/C60/C60_001687.gjf"
"5644","C60_001688","1688","60","train","2026","data/structures/C60/C60_001688.gjf"
"5645","C60_001689","1689","60","val","2026","data/structures/C60/C60_001689.gjf"
"5646","C60_001690","1690","60","train","2026","data/structures/C60/C60_001690.gjf"
"5647","C60_001691","1691","60","train","2026","data/structures/C60/C60_001691.gjf"
"5648","C60_001692","1692","60","train","2026","data/structures/C60/C60_001692.gjf"
"5649","C60_001693","1693","60","train","2026","data/structures/C60/C60_001693.gjf"
"5650","C60_001694","1694","60","train","2026","data/structures/C60/C60_001694.gjf"
"5651","C60_001695","1695","60","train","2026","data/structures/C60/C60_001695.gjf"
"5652","C60_001696","1696","60","train","2026","data/structures/C60/C60_001696.gjf"
"5653","C60_001697","1697","60","test","2026","data/structures/C60/C60_001697.gjf"
"5654","C60_001698","1698","60","train","2026","data/structures/C60/C60_001698.gjf"
"5655","C60_001699","1699","60","train","2026","data/structures/C60/C60_001699.gjf"
"5656","C60_001700","1700","60","train","2026","data/structures/C60/C60_001700.gjf"
"5657","C60_001701","1701","60","train","2026","data/structures/C60/C60_001701.gjf"
"5658","C60_001702","1702","60","train","2026","data/structures/C60/C60_001702.gjf"
"5659","C60_001703","1703","60","train","2026","data/structures/C60/C60_001703.gjf"
"5660","C60_001704","1704","60","train","2026","data/structures/C60/C60_001704.gjf"
"5661","C60_001705","1705","60","test","2026","data/structures/C60/C60_001705.gjf"
"5662","C60_001706","1706","60","train","2026","data/structures/C60/C60_001706.gjf"
"5663","C60_001707","1707","60","train","2026","data/structures/C60/C60_001707.gjf"
"5664","C60_001708","1708","60","train","2026","data/structures/C60/C60_001708.gjf"
"5665","C60_001709","1709","60","val","2026","data/structures/C60/C60_001709.gjf"
"5666","C60_001710","1710","60","train","2026","data/structures/C60/C60_001710.gjf"
"5667","C60_001711","1711","60","train","2026","data/structures/C60/C60_001711.gjf"
"5668","C60_001712","1712","60","train","2026","data/structures/C60/C60_001712.gjf"
"5669","C60_001713","1713","60","train","2026","data/structures/C60/C60_001713.gjf"
"5670","C60_001714","1714","60","train","2026","data/structures/C60/C60_001714.gjf"
"5671","C60_001715","1715","60","train","2026","data/structures/C60/C60_001715.gjf"
"5672","C60_001716","1716","60","train","2026","data/structures/C60/C60_001716.gjf"
"5673","C60_001717","1717","60","val","2026","data/structures/C60/C60_001717.gjf"
"5674","C60_001718","1718","60","train","2026","data/structures/C60/C60_001718.gjf"
"5675","C60_001719","1719","60","train","2026","data/structures/C60/C60_001719.gjf"
"5676","C60_001720","1720","60","train","2026","data/structures/C60/C60_001720.gjf"
"5677","C60_001721","1721","60","train","2026","data/structures/C60/C60_001721.gjf"
"5678","C60_001722","1722","60","test","2026","data/structures/C60/C60_001722.gjf"
"5679","C60_001723","1723","60","train","2026","data/structures/C60/C60_001723.gjf"
"5680","C60_001724","1724","60","train","2026","data/structures/C60/C60_001724.gjf"
"5681","C60_001725","1725","60","train","2026","data/structures/C60/C60_001725.gjf"
"5682","C60_001726","1726","60","train","2026","data/structures/C60/C60_001726.gjf"
"5683","C60_001727","1727","60","test","2026","data/structures/C60/C60_001727.gjf"
"5684","C60_001728","1728","60","train","2026","data/structures/C60/C60_001728.gjf"
"5685","C60_001729","1729","60","train","2026","data/structures/C60/C60_001729.gjf"
"5686","C60_001730","1730","60","train","2026","data/structures/C60/C60_001730.gjf"
"5687","C60_001731","1731","60","train","2026","data/structures/C60/C60_001731.gjf"
"5688","C60_001732","1732","60","train","2026","data/structures/C60/C60_001732.gjf"
"5689","C60_001733","1733","60","train","2026","data/structures/C60/C60_001733.gjf"
"5690","C60_001734","1734","60","train","2026","data/structures/C60/C60_001734.gjf"
"5691","C60_001735","1735","60","train","2026","data/structures/C60/C60_001735.gjf"
"5692","C60_001736","1736","60","train","2026","data/structures/C60/C60_001736.gjf"
"5693","C60_001737","1737","60","train","2026","data/structures/C60/C60_001737.gjf"
"5694","C60_001738","1738","60","train","2026","data/structures/C60/C60_001738.gjf"
"5695","C60_001739","1739","60","val","2026","data/structures/C60/C60_001739.gjf"
"5696","C60_001740","1740","60","train","2026","data/structures/C60/C60_001740.gjf"
"5697","C60_001741","1741","60","train","2026","data/structures/C60/C60_001741.gjf"
"5698","C60_001742","1742","60","train","2026","data/structures/C60/C60_001742.gjf"
"5699","C60_001743","1743","60","train","2026","data/structures/C60/C60_001743.gjf"
"5700","C60_001744","1744","60","test","2026","data/structures/C60/C60_001744.gjf"
"5701","C60_001745","1745","60","val","2026","data/structures/C60/C60_001745.gjf"
"5702","C60_001746","1746","60","train","2026","data/structures/C60/C60_001746.gjf"
"5703","C60_001747","1747","60","train","2026","data/structures/C60/C60_001747.gjf"
"5704","C60_001748","1748","60","train","2026","data/structures/C60/C60_001748.gjf"
"5705","C60_001749","1749","60","train","2026","data/structures/C60/C60_001749.gjf"
"5706","C60_001750","1750","60","train","2026","data/structures/C60/C60_001750.gjf"
"5707","C60_001751","1751","60","train","2026","data/structures/C60/C60_001751.gjf"
"5708","C60_001752","1752","60","train","2026","data/structures/C60/C60_001752.gjf"
"5709","C60_001753","1753","60","train","2026","data/structures/C60/C60_001753.gjf"
"5710","C60_001754","1754","60","train","2026","data/structures/C60/C60_001754.gjf"
"5711","C60_001755","1755","60","train","2026","data/structures/C60/C60_001755.gjf"
"5712","C60_001756","1756","60","train","2026","data/structures/C60/C60_001756.gjf"
"5713","C60_001757","1757","60","test","2026","data/structures/C60/C60_001757.gjf"
"5714","C60_001758","1758","60","train","2026","data/structures/C60/C60_001758.gjf"
"5715","C60_001759","1759","60","train","2026","data/structures/C60/C60_001759.gjf"
"5716","C60_001760","1760","60","test","2026","data/structures/C60/C60_001760.gjf"
"5717","C60_001761","1761","60","train","2026","data/structures/C60/C60_001761.gjf"
"5718","C60_001762","1762","60","train","2026","data/structures/C60/C60_001762.gjf"
"5719","C60_001763","1763","60","val","2026","data/structures/C60/C60_001763.gjf"
"5720","C60_001764","1764","60","train","2026","data/structures/C60/C60_001764.gjf"
"5721","C60_001765","1765","60","test","2026","data/structures/C60/C60_001765.gjf"
"5722","C60_001766","1766","60","train","2026","data/structures/C60/C60_001766.gjf"
"5723","C60_001767","1767","60","test","2026","data/structures/C60/C60_001767.gjf"
"5724","C60_001768","1768","60","test","2026","data/structures/C60/C60_001768.gjf"
"5725","C60_001769","1769","60","train","2026","data/structures/C60/C60_001769.gjf"
"5726","C60_001770","1770","60","train","2026","data/structures/C60/C60_001770.gjf"
"5727","C60_001771","1771","60","train","2026","data/structures/C60/C60_001771.gjf"
"5728","C60_001772","1772","60","train","2026","data/structures/C60/C60_001772.gjf"
"5729","C60_001773","1773","60","train","2026","data/structures/C60/C60_001773.gjf"
"5730","C60_001774","1774","60","train","2026","data/structures/C60/C60_001774.gjf"
"5731","C60_001775","1775","60","train","2026","data/structures/C60/C60_001775.gjf"
"5732","C60_001776","1776","60","train","2026","data/structures/C60/C60_001776.gjf"
"5733","C60_001777","1777","60","train","2026","data/structures/C60/C60_001777.gjf"
"5734","C60_001778","1778","60","train","2026","data/structures/C60/C60_001778.gjf"
"5735","C60_001779","1779","60","train","2026","data/structures/C60/C60_001779.gjf"
"5736","C60_001780","1780","60","train","2026","data/structures/C60/C60_001780.gjf"
"5737","C60_001781","1781","60","train","2026","data/structures/C60/C60_001781.gjf"
"5738","C60_001782","1782","60","val","2026","data/structures/C60/C60_001782.gjf"
"5739","C60_001783","1783","60","train","2026","data/structures/C60/C60_001783.gjf"
"5740","C60_001784","1784","60","test","2026","data/structures/C60/C60_001784.gjf"
"5741","C60_001785","1785","60","test","2026","data/structures/C60/C60_001785.gjf"
"5742","C60_001786","1786","60","train","2026","data/structures/C60/C60_001786.gjf"
"5743","C60_001787","1787","60","train","2026","data/structures/C60/C60_001787.gjf"
"5744","C60_001788","1788","60","test","2026","data/structures/C60/C60_001788.gjf"
"5745","C60_001789","1789","60","train","2026","data/structures/C60/C60_001789.gjf"
"5746","C60_001790","1790","60","train","2026","data/structures/C60/C60_001790.gjf"
"5747","C60_001791","1791","60","train","2026","data/structures/C60/C60_001791.gjf"
"5748","C60_001792","1792","60","train","2026","data/structures/C60/C60_001792.gjf"
"5749","C60_001793","1793","60","train","2026","data/structures/C60/C60_001793.gjf"
"5750","C60_001794","1794","60","train","2026","data/structures/C60/C60_001794.gjf"
"5751","C60_001795","1795","60","test","2026","data/structures/C60/C60_001795.gjf"
"5752","C60_001796","1796","60","train","2026","data/structures/C60/C60_001796.gjf"
"5753","C60_001797","1797","60","train","2026","data/structures/C60/C60_001797.gjf"
"5754","C60_001798","1798","60","train","2026","data/structures/C60/C60_001798.gjf"
"5755","C60_001799","1799","60","train","2026","data/structures/C60/C60_001799.gjf"
"5756","C60_001800","1800","60","train","2026","data/structures/C60/C60_001800.gjf"
"5757","C60_001801","1801","60","train","2026","data/structures/C60/C60_001801.gjf"
"5758","C60_001802","1802","60","train","2026","data/structures/C60/C60_001802.gjf"
"5759","C60_001803","1803","60","train","2026","data/structures/C60/C60_001803.gjf"
"5760","C60_001804","1804","60","train","2026","data/structures/C60/C60_001804.gjf"
"5761","C60_001805","1805","60","train","2026","data/structures/C60/C60_001805.gjf"
"5762","C60_001806","1806","60","train","2026","data/structures/C60/C60_001806.gjf"
"5763","C60_001807","1807","60","train","2026","data/structures/C60/C60_001807.gjf"
"5764","C60_001808","1808","60","test","2026","data/structures/C60/C60_001808.gjf"
"5765","C60_001809","1809","60","train","2026","data/structures/C60/C60_001809.gjf"
"5766","C60_001810","1810","60","train","2026","data/structures/C60/C60_001810.gjf"
"5767","C60_001811","1811","60","train","2026","data/structures/C60/C60_001811.gjf"
"5768","C60_001812","1812","60","test","2026","data/structures/C60/C60_001812.gjf"
"5769","C70_000001","1","70","train","2026","data/structures/C70/C70_000001.gjf"
"5770","C72_000001","1","72","train","2026","data/structures/C72/C72_000001.gjf"
"5771","C74_000001","1","74","train","2026","data/structures/C74/C74_000001.gjf"
"5772","C76_000001","1","76","train","2026","data/structures/C76/C76_000001.gjf"
"5773","C76_000002","2","76","val","2026","data/structures/C76/C76_000002.gjf"
"5774","C78_000001","1","78","train","2026","data/structures/C78/C78_000001.gjf"
"5775","C78_000002","2","78","train","2026","data/structures/C78/C78_000002.gjf"
"5776","C78_000003","3","78","train","2026","data/structures/C78/C78_000003.gjf"
"5777","C78_000004","4","78","train","2026","data/structures/C78/C78_000004.gjf"
"5778","C78_000005","5","78","train","2026","data/structures/C78/C78_000005.gjf"
"5779","C80_000001","1","80","train","2026","data/structures/C80/C80_000001.gjf"
"5780","C80_000002","2","80","train","2026","data/structures/C80/C80_000002.gjf"
"5781","C80_000003","3","80","test","2026","data/structures/C80/C80_000003.gjf"
"5782","C80_000004","4","80","test","2026","data/structures/C80/C80_000004.gjf"
"5783","C80_000005","5","80","train","2026","data/structures/C80/C80_000005.gjf"
"5784","C80_000006","6","80","train","2026","data/structures/C80/C80_000006.gjf"
"5785","C80_000007","7","80","test","2026","data/structures/C80/C80_000007.gjf"
"5786","C82_000001","1","82","train","2026","data/structures/C82/C82_000001.gjf"
"5787","C82_000002","2","82","train","2026","data/structures/C82/C82_000002.gjf"
"5788","C82_000003","3","82","train","2026","data/structures/C82/C82_000003.gjf"
"5789","C82_000004","4","82","val","2026","data/structures/C82/C82_000004.gjf"
"5790","C82_000005","5","82","train","2026","data/structures/C82/C82_000005.gjf"
"5791","C82_000006","6","82","train","2026","data/structures/C82/C82_000006.gjf"
"5792","C82_000007","7","82","train","2026","data/structures/C82/C82_000007.gjf"
"5793","C82_000008","8","82","train","2026","data/structures/C82/C82_000008.gjf"
"5794","C82_000009","9","82","val","2026","data/structures/C82/C82_000009.gjf"
"5795","C84_000001","1","84","val","2026","data/structures/C84/C84_000001.gjf"
"5796","C84_000002","2","84","train","2026","data/structures/C84/C84_000002.gjf"
"5797","C84_000003","3","84","train","2026","data/structures/C84/C84_000003.gjf"
"5798","C84_000004","4","84","train","2026","data/structures/C84/C84_000004.gjf"
"5799","C84_000005","5","84","val","2026","data/structures/C84/C84_000005.gjf"
"5800","C84_000006","6","84","train","2026","data/structures/C84/C84_000006.gjf"
"5801","C84_000007","7","84","train","2026","data/structures/C84/C84_000007.gjf"
"5802","C84_000008","8","84","train","2026","data/structures/C84/C84_000008.gjf"
"5803","C84_000009","9","84","train","2026","data/structures/C84/C84_000009.gjf"
"5804","C84_000010","10","84","train","2026","data/structures/C84/C84_000010.gjf"
"5805","C84_000011","11","84","train","2026","data/structures/C84/C84_000011.gjf"
"5806","C84_000012","12","84","train","2026","data/structures/C84/C84_000012.gjf"
"5807","C84_000013","13","84","val","2026","data/structures/C84/C84_000013.gjf"
"5808","C84_000014","14","84","train","2026","data/structures/C84/C84_000014.gjf"
"5809","C84_000015","15","84","train","2026","data/structures/C84/C84_000015.gjf"
"5810","C84_000016","16","84","train","2026","data/structures/C84/C84_000016.gjf"
"5811","C84_000017","17","84","train","2026","data/structures/C84/C84_000017.gjf"
"5812","C84_000018","18","84","train","2026","data/structures/C84/C84_000018.gjf"
"5813","C84_000019","19","84","train","2026","data/structures/C84/C84_000019.gjf"
"5814","C84_000020","20","84","train","2026","data/structures/C84/C84_000020.gjf"
"5815","C84_000021","21","84","train","2026","data/structures/C84/C84_000021.gjf"
"5816","C84_000022","22","84","train","2026","data/structures/C84/C84_000022.gjf"
"5817","C84_000023","23","84","train","2026","data/structures/C84/C84_000023.gjf"
"5818","C84_000024","24","84","train","2026","data/structures/C84/C84_000024.gjf"
"5819","C86_000001","1","86","train","2026","data/structures/C86/C86_000001.gjf"
"5820","C86_000002","2","86","train","2026","data/structures/C86/C86_000002.gjf"
"5821","C86_000003","3","86","train","2026","data/structures/C86/C86_000003.gjf"
"5822","C86_000004","4","86","train","2026","data/structures/C86/C86_000004.gjf"
"5823","C86_000005","5","86","test","2026","data/structures/C86/C86_000005.gjf"
"5824","C86_000006","6","86","train","2026","data/structures/C86/C86_000006.gjf"
"5825","C86_000007","7","86","train","2026","data/structures/C86/C86_000007.gjf"
"5826","C86_000008","8","86","train","2026","data/structures/C86/C86_000008.gjf"
"5827","C86_000009","9","86","train","2026","data/structures/C86/C86_000009.gjf"
"5828","C86_000010","10","86","val","2026","data/structures/C86/C86_000010.gjf"
"5829","C86_000011","11","86","train","2026","data/structures/C86/C86_000011.gjf"
"5830","C86_000012","12","86","train","2026","data/structures/C86/C86_000012.gjf"
"5831","C86_000013","13","86","train","2026","data/structures/C86/C86_000013.gjf"
"5832","C86_000014","14","86","train","2026","data/structures/C86/C86_000014.gjf"
"5833","C86_000015","15","86","train","2026","data/structures/C86/C86_000015.gjf"
"5834","C86_000016","16","86","train","2026","data/structures/C86/C86_000016.gjf"
"5835","C86_000017","17","86","train","2026","data/structures/C86/C86_000017.gjf"
"5836","C86_000018","18","86","train","2026","data/structures/C86/C86_000018.gjf"
"5837","C86_000019","19","86","train","2026","data/structures/C86/C86_000019.gjf"
"5838","C88_000001","1","88","train","2026","data/structures/C88/C88_000001.gjf"
"5839","C88_000002","2","88","val","2026","data/structures/C88/C88_000002.gjf"
"5840","C88_000003","3","88","train","2026","data/structures/C88/C88_000003.gjf"
"5841","C88_000004","4","88","train","2026","data/structures/C88/C88_000004.gjf"
"5842","C88_000005","5","88","train","2026","data/structures/C88/C88_000005.gjf"
"5843","C88_000006","6","88","train","2026","data/structures/C88/C88_000006.gjf"
"5844","C88_000007","7","88","test","2026","data/structures/C88/C88_000007.gjf"
"5845","C88_000008","8","88","test","2026","data/structures/C88/C88_000008.gjf"
"5846","C88_000009","9","88","test","2026","data/structures/C88/C88_000009.gjf"
"5847","C88_000010","10","88","train","2026","data/structures/C88/C88_000010.gjf"
"5848","C88_000011","11","88","train","2026","data/structures/C88/C88_000011.gjf"
"5849","C88_000012","12","88","train","2026","data/structures/C88/C88_000012.gjf"
"5850","C88_000013","13","88","train","2026","data/structures/C88/C88_000013.gjf"
"5851","C88_000014","14","88","train","2026","data/structures/C88/C88_000014.gjf"
"5852","C88_000015","15","88","train","2026","data/structures/C88/C88_000015.gjf"
"5853","C88_000016","16","88","test","2026","data/structures/C88/C88_000016.gjf"
"5854","C88_000017","17","88","train","2026","data/structures/C88/C88_000017.gjf"
"5855","C88_000018","18","88","train","2026","data/structures/C88/C88_000018.gjf"
"5856","C88_000019","19","88","train","2026","data/structures/C88/C88_000019.gjf"
"5857","C88_000020","20","88","train","2026","data/structures/C88/C88_000020.gjf"
"5858","C88_000021","21","88","train","2026","data/structures/C88/C88_000021.gjf"
"5859","C88_000022","22","88","val","2026","data/structures/C88/C88_000022.gjf"
"5860","C88_000023","23","88","val","2026","data/structures/C88/C88_000023.gjf"
"5861","C88_000024","24","88","val","2026","data/structures/C88/C88_000024.gjf"
"5862","C88_000025","25","88","train","2026","data/structures/C88/C88_000025.gjf"
"5863","C88_000026","26","88","train","2026","data/structures/C88/C88_000026.gjf"
"5864","C88_000027","27","88","train","2026","data/structures/C88/C88_000027.gjf"
"5865","C88_000028","28","88","train","2026","data/structures/C88/C88_000028.gjf"
"5866","C88_000029","29","88","train","2026","data/structures/C88/C88_000029.gjf"
"5867","C88_000030","30","88","train","2026","data/structures/C88/C88_000030.gjf"
"5868","C88_000031","31","88","train","2026","data/structures/C88/C88_000031.gjf"
"5869","C88_000032","32","88","train","2026","data/structures/C88/C88_000032.gjf"
"5870","C88_000033","33","88","train","2026","data/structures/C88/C88_000033.gjf"
"5871","C88_000034","34","88","train","2026","data/structures/C88/C88_000034.gjf"
"5872","C88_000035","35","88","train","2026","data/structures/C88/C88_000035.gjf"
"5873","C90_000001","1","90","train","2026","data/structures/C90/C90_000001.gjf"
"5874","C90_000002","2","90","val","2026","data/structures/C90/C90_000002.gjf"
"5875","C90_000003","3","90","train","2026","data/structures/C90/C90_000003.gjf"
"5876","C90_000004","4","90","train","2026","data/structures/C90/C90_000004.gjf"
"5877","C90_000005","5","90","train","2026","data/structures/C90/C90_000005.gjf"
"5878","C90_000006","6","90","train","2026","data/structures/C90/C90_000006.gjf"
"5879","C90_000007","7","90","train","2026","data/structures/C90/C90_000007.gjf"
"5880","C90_000008","8","90","test","2026","data/structures/C90/C90_000008.gjf"
"5881","C90_000009","9","90","train","2026","data/structures/C90/C90_000009.gjf"
"5882","C90_000010","10","90","train","2026","data/structures/C90/C90_000010.gjf"
"5883","C90_000011","11","90","train","2026","data/structures/C90/C90_000011.gjf"
"5884","C90_000012","12","90","train","2026","data/structures/C90/C90_000012.gjf"
"5885","C90_000013","13","90","train","2026","data/structures/C90/C90_000013.gjf"
"5886","C90_000014","14","90","train","2026","data/structures/C90/C90_000014.gjf"
"5887","C90_000015","15","90","train","2026","data/structures/C90/C90_000015.gjf"
"5888","C90_000016","16","90","test","2026","data/structures/C90/C90_000016.gjf"
"5889","C90_000017","17","90","train","2026","data/structures/C90/C90_000017.gjf"
"5890","C90_000018","18","90","train","2026","data/structures/C90/C90_000018.gjf"
"5891","C90_000019","19","90","train","2026","data/structures/C90/C90_000019.gjf"
"5892","C90_000020","20","90","val","2026","data/structures/C90/C90_000020.gjf"
"5893","C90_000021","21","90","train","2026","data/structures/C90/C90_000021.gjf"
"5894","C90_000022","22","90","test","2026","data/structures/C90/C90_000022.gjf"
"5895","C90_000023","23","90","train","2026","data/structures/C90/C90_000023.gjf"
"5896","C90_000024","24","90","train","2026","data/structures/C90/C90_000024.gjf"
"5897","C90_000025","25","90","val","2026","data/structures/C90/C90_000025.gjf"
"5898","C90_000026","26","90","train","2026","data/structures/C90/C90_000026.gjf"
"5899","C90_000027","27","90","train","2026","data/structures/C90/C90_000027.gjf"
"5900","C90_000028","28","90","train","2026","data/structures/C90/C90_000028.gjf"
"5901","C90_000029","29","90","train","2026","data/structures/C90/C90_000029.gjf"
"5902","C90_000030","30","90","train","2026","data/structures/C90/C90_000030.gjf"
"5903","C90_000031","31","90","test","2026","data/structures/C90/C90_000031.gjf"
"5904","C90_000032","32","90","test","2026","data/structures/C90/C90_000032.gjf"
"5905","C90_000033","33","90","train","2026","data/structures/C90/C90_000033.gjf"
"5906","C90_000034","34","90","train","2026","data/structures/C90/C90_000034.gjf"
"5907","C90_000035","35","90","train","2026","data/structures/C90/C90_000035.gjf"
"5908","C90_000036","36","90","train","2026","data/structures/C90/C90_000036.gjf"
"5909","C90_000037","37","90","train","2026","data/structures/C90/C90_000037.gjf"
"5910","C90_000038","38","90","train","2026","data/structures/C90/C90_000038.gjf"
"5911","C90_000039","39","90","train","2026","data/structures/C90/C90_000039.gjf"
"5912","C90_000040","40","90","val","2026","data/structures/C90/C90_000040.gjf"
"5913","C90_000041","41","90","train","2026","data/structures/C90/C90_000041.gjf"
"5914","C90_000042","42","90","train","2026","data/structures/C90/C90_000042.gjf"
"5915","C90_000043","43","90","train","2026","data/structures/C90/C90_000043.gjf"
"5916","C90_000044","44","90","train","2026","data/structures/C90/C90_000044.gjf"
"5917","C90_000045","45","90","train","2026","data/structures/C90/C90_000045.gjf"
"5918","C90_000046","46","90","train","2026","data/structures/C90/C90_000046.gjf"
"5919","C92_000001","1","92","train","2026","data/structures/C92/C92_000001.gjf"
"5920","C92_000002","2","92","val","2026","data/structures/C92/C92_000002.gjf"
"5921","C92_000003","3","92","train","2026","data/structures/C92/C92_000003.gjf"
"5922","C92_000004","4","92","train","2026","data/structures/C92/C92_000004.gjf"
"5923","C92_000005","5","92","train","2026","data/structures/C92/C92_000005.gjf"
"5924","C92_000006","6","92","train","2026","data/structures/C92/C92_000006.gjf"
"5925","C92_000007","7","92","train","2026","data/structures/C92/C92_000007.gjf"
"5926","C92_000008","8","92","train","2026","data/structures/C92/C92_000008.gjf"
"5927","C92_000009","9","92","train","2026","data/structures/C92/C92_000009.gjf"
"5928","C92_000010","10","92","train","2026","data/structures/C92/C92_000010.gjf"
"5929","C92_000011","11","92","train","2026","data/structures/C92/C92_000011.gjf"
"5930","C92_000012","12","92","test","2026","data/structures/C92/C92_000012.gjf"
"5931","C92_000013","13","92","train","2026","data/structures/C92/C92_000013.gjf"
"5932","C92_000014","14","92","train","2026","data/structures/C92/C92_000014.gjf"
"5933","C92_000015","15","92","test","2026","data/structures/C92/C92_000015.gjf"
"5934","C92_000016","16","92","train","2026","data/structures/C92/C92_000016.gjf"
"5935","C92_000017","17","92","train","2026","data/structures/C92/C92_000017.gjf"
"5936","C92_000018","18","92","test","2026","data/structures/C92/C92_000018.gjf"
"5937","C92_000019","19","92","train","2026","data/structures/C92/C92_000019.gjf"
"5938","C92_000020","20","92","test","2026","data/structures/C92/C92_000020.gjf"
"5939","C92_000021","21","92","train","2026","data/structures/C92/C92_000021.gjf"
"5940","C92_000022","22","92","train","2026","data/structures/C92/C92_000022.gjf"
"5941","C92_000023","23","92","train","2026","data/structures/C92/C92_000023.gjf"
"5942","C92_000024","24","92","test","2026","data/structures/C92/C92_000024.gjf"
"5943","C92_000025","25","92","train","2026","data/structures/C92/C92_000025.gjf"
"5944","C92_000026","26","92","val","2026","data/structures/C92/C92_000026.gjf"
"5945","C92_000027","27","92","train","2026","data/structures/C92/C92_000027.gjf"
"5946","C92_000028","28","92","train","2026","data/structures/C92/C92_000028.gjf"
"5947","C92_000029","29","92","train","2026","data/structures/C92/C92_000029.gjf"
"5948","C92_000030","30","92","val","2026","data/structures/C92/C92_000030.gjf"
"5949","C92_000031","31","92","train","2026","data/structures/C92/C92_000031.gjf"
"5950","C92_000032","32","92","test","2026","data/structures/C92/C92_000032.gjf"
"5951","C92_000033","33","92","train","2026","data/structures/C92/C92_000033.gjf"
"5952","C92_000034","34","92","train","2026","data/structures/C92/C92_000034.gjf"
"5953","C92_000035","35","92","train","2026","data/structures/C92/C92_000035.gjf"
"5954","C92_000036","36","92","train","2026","data/structures/C92/C92_000036.gjf"
"5955","C92_000037","37","92","val","2026","data/structures/C92/C92_000037.gjf"
"5956","C92_000038","38","92","val","2026","data/structures/C92/C92_000038.gjf"
"5957","C92_000039","39","92","test","2026","data/structures/C92/C92_000039.gjf"
"5958","C92_000040","40","92","test","2026","data/structures/C92/C92_000040.gjf"
"5959","C92_000041","41","92","train","2026","data/structures/C92/C92_000041.gjf"
"5960","C92_000042","42","92","train","2026","data/structures/C92/C92_000042.gjf"
"5961","C92_000043","43","92","train","2026","data/structures/C92/C92_000043.gjf"
"5962","C92_000044","44","92","train","2026","data/structures/C92/C92_000044.gjf"
"5963","C92_000045","45","92","train","2026","data/structures/C92/C92_000045.gjf"
"5964","C92_000046","46","92","train","2026","data/structures/C92/C92_000046.gjf"
"5965","C92_000047","47","92","train","2026","data/structures/C92/C92_000047.gjf"
"5966","C92_000048","48","92","train","2026","data/structures/C92/C92_000048.gjf"
"5967","C92_000049","49","92","train","2026","data/structures/C92/C92_000049.gjf"
"5968","C92_000050","50","92","train","2026","data/structures/C92/C92_000050.gjf"
"5969","C92_000051","51","92","train","2026","data/structures/C92/C92_000051.gjf"
"5970","C92_000052","52","92","train","2026","data/structures/C92/C92_000052.gjf"
"5971","C92_000053","53","92","train","2026","data/structures/C92/C92_000053.gjf"
"5972","C92_000054","54","92","train","2026","data/structures/C92/C92_000054.gjf"
"5973","C92_000055","55","92","train","2026","data/structures/C92/C92_000055.gjf"
"5974","C92_000056","56","92","val","2026","data/structures/C92/C92_000056.gjf"
"5975","C92_000057","57","92","train","2026","data/structures/C92/C92_000057.gjf"
"5976","C92_000058","58","92","train","2026","data/structures/C92/C92_000058.gjf"
"5977","C92_000059","59","92","train","2026","data/structures/C92/C92_000059.gjf"
"5978","C92_000060","60","92","train","2026","data/structures/C92/C92_000060.gjf"
"5979","C92_000061","61","92","train","2026","data/structures/C92/C92_000061.gjf"
"5980","C92_000062","62","92","train","2026","data/structures/C92/C92_000062.gjf"
"5981","C92_000063","63","92","test","2026","data/structures/C92/C92_000063.gjf"
"5982","C92_000064","64","92","test","2026","data/structures/C92/C92_000064.gjf"
"5983","C92_000065","65","92","train","2026","data/structures/C92/C92_000065.gjf"
"5984","C92_000066","66","92","val","2026","data/structures/C92/C92_000066.gjf"
"5985","C92_000067","67","92","train","2026","data/structures/C92/C92_000067.gjf"
"5986","C92_000068","68","92","train","2026","data/structures/C92/C92_000068.gjf"
"5987","C92_000069","69","92","val","2026","data/structures/C92/C92_000069.gjf"
"5988","C92_000070","70","92","val","2026","data/structures/C92/C92_000070.gjf"
"5989","C92_000071","71","92","train","2026","data/structures/C92/C92_000071.gjf"
"5990","C92_000072","72","92","train","2026","data/structures/C92/C92_000072.gjf"
"5991","C92_000073","73","92","train","2026","data/structures/C92/C92_000073.gjf"
"5992","C92_000074","74","92","train","2026","data/structures/C92/C92_000074.gjf"
"5993","C92_000075","75","92","train","2026","data/structures/C92/C92_000075.gjf"
"5994","C92_000076","76","92","train","2026","data/structures/C92/C92_000076.gjf"
"5995","C92_000077","77","92","train","2026","data/structures/C92/C92_000077.gjf"
"5996","C92_000078","78","92","train","2026","data/structures/C92/C92_000078.gjf"
"5997","C92_000079","79","92","train","2026","data/structures/C92/C92_000079.gjf"
"5998","C92_000080","80","92","train","2026","data/structures/C92/C92_000080.gjf"
"5999","C92_000081","81","92","train","2026","data/structures/C92/C92_000081.gjf"
"6000","C92_000082","82","92","train","2026","data/structures/C92/C92_000082.gjf"
"6001","C92_000083","83","92","test","2026","data/structures/C92/C92_000083.gjf"
"6002","C92_000084","84","92","train","2026","data/structures/C92/C92_000084.gjf"
"6003","C92_000085","85","92","train","2026","data/structures/C92/C92_000085.gjf"
"6004","C92_000086","86","92","train","2026","data/structures/C92/C92_000086.gjf"
"6005","C94_000001","1","94","train","2026","data/structures/C94/C94_000001.gjf"
"6006","C94_000002","2","94","train","2026","data/structures/C94/C94_000002.gjf"
"6007","C94_000003","3","94","train","2026","data/structures/C94/C94_000003.gjf"
"6008","C94_000004","4","94","train","2026","data/structures/C94/C94_000004.gjf"
"6009","C94_000005","5","94","train","2026","data/structures/C94/C94_000005.gjf"
"6010","C94_000006","6","94","train","2026","data/structures/C94/C94_000006.gjf"
"6011","C94_000007","7","94","train","2026","data/structures/C94/C94_000007.gjf"
"6012","C94_000008","8","94","train","2026","data/structures/C94/C94_000008.gjf"
"6013","C94_000009","9","94","train","2026","data/structures/C94/C94_000009.gjf"
"6014","C94_000010","10","94","train","2026","data/structures/C94/C94_000010.gjf"
"6015","C94_000011","11","94","train","2026","data/structures/C94/C94_000011.gjf"
"6016","C94_000012","12","94","train","2026","data/structures/C94/C94_000012.gjf"
"6017","C94_000013","13","94","val","2026","data/structures/C94/C94_000013.gjf"
"6018","C94_000014","14","94","test","2026","data/structures/C94/C94_000014.gjf"
"6019","C94_000015","15","94","train","2026","data/structures/C94/C94_000015.gjf"
"6020","C94_000016","16","94","train","2026","data/structures/C94/C94_000016.gjf"
"6021","C94_000017","17","94","test","2026","data/structures/C94/C94_000017.gjf"
"6022","C94_000018","18","94","train","2026","data/structures/C94/C94_000018.gjf"
"6023","C94_000019","19","94","test","2026","data/structures/C94/C94_000019.gjf"
"6024","C94_000020","20","94","train","2026","data/structures/C94/C94_000020.gjf"
"6025","C94_000021","21","94","train","2026","data/structures/C94/C94_000021.gjf"
"6026","C94_000022","22","94","train","2026","data/structures/C94/C94_000022.gjf"
"6027","C94_000023","23","94","train","2026","data/structures/C94/C94_000023.gjf"
"6028","C94_000024","24","94","val","2026","data/structures/C94/C94_000024.gjf"
"6029","C94_000025","25","94","train","2026","data/structures/C94/C94_000025.gjf"
"6030","C94_000026","26","94","train","2026","data/structures/C94/C94_000026.gjf"
"6031","C94_000027","27","94","val","2026","data/structures/C94/C94_000027.gjf"
"6032","C94_000028","28","94","train","2026","data/structures/C94/C94_000028.gjf"
"6033","C94_000029","29","94","train","2026","data/structures/C94/C94_000029.gjf"
"6034","C94_000030","30","94","train","2026","data/structures/C94/C94_000030.gjf"
"6035","C94_000031","31","94","test","2026","data/structures/C94/C94_000031.gjf"
"6036","C94_000032","32","94","train","2026","data/structures/C94/C94_000032.gjf"
"6037","C94_000033","33","94","train","2026","data/structures/C94/C94_000033.gjf"
"6038","C94_000034","34","94","val","2026","data/structures/C94/C94_000034.gjf"
"6039","C94_000035","35","94","train","2026","data/structures/C94/C94_000035.gjf"
"6040","C94_000036","36","94","val","2026","data/structures/C94/C94_000036.gjf"
"6041","C94_000037","37","94","train","2026","data/structures/C94/C94_000037.gjf"
"6042","C94_000038","38","94","train","2026","data/structures/C94/C94_000038.gjf"
"6043","C94_000039","39","94","val","2026","data/structures/C94/C94_000039.gjf"
"6044","C94_000040","40","94","train","2026","data/structures/C94/C94_000040.gjf"
"6045","C94_000041","41","94","train","2026","data/structures/C94/C94_000041.gjf"
"6046","C94_000042","42","94","test","2026","data/structures/C94/C94_000042.gjf"
"6047","C94_000043","43","94","train","2026","data/structures/C94/C94_000043.gjf"
"6048","C94_000044","44","94","train","2026","data/structures/C94/C94_000044.gjf"
"6049","C94_000045","45","94","train","2026","data/structures/C94/C94_000045.gjf"
"6050","C94_000046","46","94","train","2026","data/structures/C94/C94_000046.gjf"
"6051","C94_000047","47","94","train","2026","data/structures/C94/C94_000047.gjf"
"6052","C94_000048","48","94","train","2026","data/structures/C94/C94_000048.gjf"
"6053","C94_000049","49","94","train","2026","data/structures/C94/C94_000049.gjf"
"6054","C94_000050","50","94","train","2026","data/structures/C94/C94_000050.gjf"
"6055","C94_000051","51","94","val","2026","data/structures/C94/C94_000051.gjf"
"6056","C94_000052","52","94","train","2026","data/structures/C94/C94_000052.gjf"
"6057","C94_000053","53","94","val","2026","data/structures/C94/C94_000053.gjf"
"6058","C94_000054","54","94","train","2026","data/structures/C94/C94_000054.gjf"
"6059","C94_000055","55","94","train","2026","data/structures/C94/C94_000055.gjf"
"6060","C94_000056","56","94","train","2026","data/structures/C94/C94_000056.gjf"
"6061","C94_000057","57","94","train","2026","data/structures/C94/C94_000057.gjf"
"6062","C94_000058","58","94","train","2026","data/structures/C94/C94_000058.gjf"
"6063","C94_000059","59","94","val","2026","data/structures/C94/C94_000059.gjf"
"6064","C94_000060","60","94","train","2026","data/structures/C94/C94_000060.gjf"
"6065","C94_000061","61","94","train","2026","data/structures/C94/C94_000061.gjf"
"6066","C94_000062","62","94","val","2026","data/structures/C94/C94_000062.gjf"
"6067","C94_000063","63","94","train","2026","data/structures/C94/C94_000063.gjf"
"6068","C94_000064","64","94","train","2026","data/structures/C94/C94_000064.gjf"
"6069","C94_000065","65","94","train","2026","data/structures/C94/C94_000065.gjf"
"6070","C94_000066","66","94","train","2026","data/structures/C94/C94_000066.gjf"
"6071","C94_000067","67","94","train","2026","data/structures/C94/C94_000067.gjf"
"6072","C94_000068","68","94","train","2026","data/structures/C94/C94_000068.gjf"
"6073","C94_000069","69","94","train","2026","data/structures/C94/C94_000069.gjf"
"6074","C94_000070","70","94","test","2026","data/structures/C94/C94_000070.gjf"
"6075","C94_000071","71","94","train","2026","data/structures/C94/C94_000071.gjf"
"6076","C94_000072","72","94","train","2026","data/structures/C94/C94_000072.gjf"
"6077","C94_000073","73","94","train","2026","data/structures/C94/C94_000073.gjf"
"6078","C94_000074","74","94","train","2026","data/structures/C94/C94_000074.gjf"
"6079","C94_000075","75","94","test","2026","data/structures/C94/C94_000075.gjf"
"6080","C94_000076","76","94","train","2026","data/structures/C94/C94_000076.gjf"
"6081","C94_000077","77","94","train","2026","data/structures/C94/C94_000077.gjf"
"6082","C94_000078","78","94","train","2026","data/structures/C94/C94_000078.gjf"
"6083","C94_000079","79","94","train","2026","data/structures/C94/C94_000079.gjf"
"6084","C94_000080","80","94","train","2026","data/structures/C94/C94_000080.gjf"
"6085","C94_000081","81","94","train","2026","data/structures/C94/C94_000081.gjf"
"6086","C94_000082","82","94","train","2026","data/structures/C94/C94_000082.gjf"
"6087","C94_000083","83","94","train","2026","data/structures/C94/C94_000083.gjf"
"6088","C94_000084","84","94","train","2026","data/structures/C94/C94_000084.gjf"
"6089","C94_000085","85","94","val","2026","data/structures/C94/C94_000085.gjf"
"6090","C94_000086","86","94","val","2026","data/structures/C94/C94_000086.gjf"
"6091","C94_000087","87","94","train","2026","data/structures/C94/C94_000087.gjf"
"6092","C94_000088","88","94","val","2026","data/structures/C94/C94_000088.gjf"
"6093","C94_000089","89","94","test","2026","data/structures/C94/C94_000089.gjf"
"6094","C94_000090","90","94","train","2026","data/structures/C94/C94_000090.gjf"
"6095","C94_000091","91","94","train","2026","data/structures/C94/C94_000091.gjf"
"6096","C94_000092","92","94","train","2026","data/structures/C94/C94_000092.gjf"
"6097","C94_000093","93","94","val","2026","data/structures/C94/C94_000093.gjf"
"6098","C94_000094","94","94","train","2026","data/structures/C94/C94_000094.gjf"
"6099","C94_000095","95","94","train","2026","data/structures/C94/C94_000095.gjf"
"6100","C94_000096","96","94","val","2026","data/structures/C94/C94_000096.gjf"
"6101","C94_000097","97","94","train","2026","data/structures/C94/C94_000097.gjf"
"6102","C94_000098","98","94","train","2026","data/structures/C94/C94_000098.gjf"
"6103","C94_000099","99","94","train","2026","data/structures/C94/C94_000099.gjf"
"6104","C94_000100","100","94","train","2026","data/structures/C94/C94_000100.gjf"
"6105","C94_000101","101","94","train","2026","data/structures/C94/C94_000101.gjf"
"6106","C94_000102","102","94","train","2026","data/structures/C94/C94_000102.gjf"
"6107","C94_000103","103","94","train","2026","data/structures/C94/C94_000103.gjf"
"6108","C94_000104","104","94","train","2026","data/structures/C94/C94_000104.gjf"
"6109","C94_000105","105","94","val","2026","data/structures/C94/C94_000105.gjf"
"6110","C94_000106","106","94","train","2026","data/structures/C94/C94_000106.gjf"
"6111","C94_000107","107","94","train","2026","data/structures/C94/C94_000107.gjf"
"6112","C94_000108","108","94","train","2026","data/structures/C94/C94_000108.gjf"
"6113","C94_000109","109","94","train","2026","data/structures/C94/C94_000109.gjf"
"6114","C94_000110","110","94","train","2026","data/structures/C94/C94_000110.gjf"
"6115","C94_000111","111","94","train","2026","data/structures/C94/C94_000111.gjf"
"6116","C94_000112","112","94","train","2026","data/structures/C94/C94_000112.gjf"
"6117","C94_000113","113","94","test","2026","data/structures/C94/C94_000113.gjf"
"6118","C94_000114","114","94","train","2026","data/structures/C94/C94_000114.gjf"
"6119","C94_000115","115","94","train","2026","data/structures/C94/C94_000115.gjf"
"6120","C94_000116","116","94","train","2026","data/structures/C94/C94_000116.gjf"
"6121","C94_000117","117","94","val","2026","data/structures/C94/C94_000117.gjf"
"6122","C94_000118","118","94","train","2026","data/structures/C94/C94_000118.gjf"
"6123","C94_000119","119","94","test","2026","data/structures/C94/C94_000119.gjf"
"6124","C94_000120","120","94","train","2026","data/structures/C94/C94_000120.gjf"
"6125","C94_000121","121","94","train","2026","data/structures/C94/C94_000121.gjf"
"6126","C94_000122","122","94","train","2026","data/structures/C94/C94_000122.gjf"
"6127","C94_000123","123","94","train","2026","data/structures/C94/C94_000123.gjf"
"6128","C94_000124","124","94","train","2026","data/structures/C94/C94_000124.gjf"
"6129","C94_000125","125","94","train","2026","data/structures/C94/C94_000125.gjf"
"6130","C94_000126","126","94","test","2026","data/structures/C94/C94_000126.gjf"
"6131","C94_000127","127","94","test","2026","data/structures/C94/C94_000127.gjf"
"6132","C94_000128","128","94","train","2026","data/structures/C94/C94_000128.gjf"
"6133","C94_000129","129","94","val","2026","data/structures/C94/C94_000129.gjf"
"6134","C94_000130","130","94","train","2026","data/structures/C94/C94_000130.gjf"
"6135","C94_000131","131","94","train","2026","data/structures/C94/C94_000131.gjf"
"6136","C94_000132","132","94","train","2026","data/structures/C94/C94_000132.gjf"
"6137","C94_000133","133","94","train","2026","data/structures/C94/C94_000133.gjf"
"6138","C94_000134","134","94","train","2026","data/structures/C94/C94_000134.gjf"
"6139","C96_000001","1","96","train","2026","data/structures/C96/C96_000001.gjf"
"6140","C96_000002","2","96","val","2026","data/structures/C96/C96_000002.gjf"
"6141","C96_000003","3","96","train","2026","data/structures/C96/C96_000003.gjf"
"6142","C96_000004","4","96","train","2026","data/structures/C96/C96_000004.gjf"
"6143","C96_000005","5","96","val","2026","data/structures/C96/C96_000005.gjf"
"6144","C96_000006","6","96","train","2026","data/structures/C96/C96_000006.gjf"
"6145","C96_000007","7","96","train","2026","data/structures/C96/C96_000007.gjf"
"6146","C96_000008","8","96","train","2026","data/structures/C96/C96_000008.gjf"
"6147","C96_000009","9","96","test","2026","data/structures/C96/C96_000009.gjf"
"6148","C96_000010","10","96","train","2026","data/structures/C96/C96_000010.gjf"
"6149","C96_000011","11","96","train","2026","data/structures/C96/C96_000011.gjf"
"6150","C96_000012","12","96","train","2026","data/structures/C96/C96_000012.gjf"
"6151","C96_000013","13","96","test","2026","data/structures/C96/C96_000013.gjf"
"6152","C96_000014","14","96","train","2026","data/structures/C96/C96_000014.gjf"
"6153","C96_000015","15","96","train","2026","data/structures/C96/C96_000015.gjf"
"6154","C96_000016","16","96","test","2026","data/structures/C96/C96_000016.gjf"
"6155","C96_000017","17","96","test","2026","data/structures/C96/C96_000017.gjf"
"6156","C96_000018","18","96","train","2026","data/structures/C96/C96_000018.gjf"
"6157","C96_000019","19","96","val","2026","data/structures/C96/C96_000019.gjf"
"6158","C96_000020","20","96","train","2026","data/structures/C96/C96_000020.gjf"
"6159","C96_000021","21","96","train","2026","data/structures/C96/C96_000021.gjf"
"6160","C96_000022","22","96","val","2026","data/structures/C96/C96_000022.gjf"
"6161","C96_000023","23","96","test","2026","data/structures/C96/C96_000023.gjf"
"6162","C96_000024","24","96","train","2026","data/structures/C96/C96_000024.gjf"
"6163","C96_000025","25","96","train","2026","data/structures/C96/C96_000025.gjf"
"6164","C96_000026","26","96","test","2026","data/structures/C96/C96_000026.gjf"
"6165","C96_000027","27","96","val","2026","data/structures/C96/C96_000027.gjf"
"6166","C96_000028","28","96","train","2026","data/structures/C96/C96_000028.gjf"
"6167","C96_000029","29","96","train","2026","data/structures/C96/C96_000029.gjf"
"6168","C96_000030","30","96","test","2026","data/structures/C96/C96_000030.gjf"
"6169","C96_000031","31","96","train","2026","data/structures/C96/C96_000031.gjf"
"6170","C96_000032","32","96","train","2026","data/structures/C96/C96_000032.gjf"
"6171","C96_000033","33","96","train","2026","data/structures/C96/C96_000033.gjf"
"6172","C96_000034","34","96","train","2026","data/structures/C96/C96_000034.gjf"
"6173","C96_000035","35","96","train","2026","data/structures/C96/C96_000035.gjf"
"6174","C96_000036","36","96","train","2026","data/structures/C96/C96_000036.gjf"
"6175","C96_000037","37","96","train","2026","data/structures/C96/C96_000037.gjf"
"6176","C96_000038","38","96","train","2026","data/structures/C96/C96_000038.gjf"
"6177","C96_000039","39","96","train","2026","data/structures/C96/C96_000039.gjf"
"6178","C96_000040","40","96","train","2026","data/structures/C96/C96_000040.gjf"
"6179","C96_000041","41","96","test","2026","data/structures/C96/C96_000041.gjf"
"6180","C96_000042","42","96","train","2026","data/structures/C96/C96_000042.gjf"
"6181","C96_000043","43","96","train","2026","data/structures/C96/C96_000043.gjf"
"6182","C96_000044","44","96","train","2026","data/structures/C96/C96_000044.gjf"
"6183","C96_000045","45","96","train","2026","data/structures/C96/C96_000045.gjf"
"6184","C96_000046","46","96","train","2026","data/structures/C96/C96_000046.gjf"
"6185","C96_000047","47","96","train","2026","data/structures/C96/C96_000047.gjf"
"6186","C96_000048","48","96","train","2026","data/structures/C96/C96_000048.gjf"
"6187","C96_000049","49","96","val","2026","data/structures/C96/C96_000049.gjf"
"6188","C96_000050","50","96","train","2026","data/structures/C96/C96_000050.gjf"
"6189","C96_000051","51","96","train","2026","data/structures/C96/C96_000051.gjf"
"6190","C96_000052","52","96","train","2026","data/structures/C96/C96_000052.gjf"
"6191","C96_000053","53","96","val","2026","data/structures/C96/C96_000053.gjf"
"6192","C96_000054","54","96","train","2026","data/structures/C96/C96_000054.gjf"
"6193","C96_000055","55","96","val","2026","data/structures/C96/C96_000055.gjf"
"6194","C96_000056","56","96","train","2026","data/structures/C96/C96_000056.gjf"
"6195","C96_000057","57","96","train","2026","data/structures/C96/C96_000057.gjf"
"6196","C96_000058","58","96","train","2026","data/structures/C96/C96_000058.gjf"
"6197","C96_000059","59","96","train","2026","data/structures/C96/C96_000059.gjf"
"6198","C96_000060","60","96","train","2026","data/structures/C96/C96_000060.gjf"
"6199","C96_000061","61","96","val","2026","data/structures/C96/C96_000061.gjf"
"6200","C96_000062","62","96","train","2026","data/structures/C96/C96_000062.gjf"
"6201","C96_000063","63","96","train","2026","data/structures/C96/C96_000063.gjf"
"6202","C96_000064","64","96","train","2026","data/structures/C96/C96_000064.gjf"
"6203","C96_000065","65","96","train","2026","data/structures/C96/C96_000065.gjf"
"6204","C96_000066","66","96","train","2026","data/structures/C96/C96_000066.gjf"
"6205","C96_000067","67","96","val","2026","data/structures/C96/C96_000067.gjf"
"6206","C96_000068","68","96","train","2026","data/structures/C96/C96_000068.gjf"
"6207","C96_000069","69","96","test","2026","data/structures/C96/C96_000069.gjf"
"6208","C96_000070","70","96","train","2026","data/structures/C96/C96_000070.gjf"
"6209","C96_000071","71","96","test","2026","data/structures/C96/C96_000071.gjf"
"6210","C96_000072","72","96","test","2026","data/structures/C96/C96_000072.gjf"
"6211","C96_000073","73","96","test","2026","data/structures/C96/C96_000073.gjf"
"6212","C96_000074","74","96","train","2026","data/structures/C96/C96_000074.gjf"
"6213","C96_000075","75","96","train","2026","data/structures/C96/C96_000075.gjf"
"6214","C96_000076","76","96","test","2026","data/structures/C96/C96_000076.gjf"
"6215","C96_000077","77","96","train","2026","data/structures/C96/C96_000077.gjf"
"6216","C96_000078","78","96","test","2026","data/structures/C96/C96_000078.gjf"
"6217","C96_000079","79","96","train","2026","data/structures/C96/C96_000079.gjf"
"6218","C96_000080","80","96","train","2026","data/structures/C96/C96_000080.gjf"
"6219","C96_000081","81","96","train","2026","data/structures/C96/C96_000081.gjf"
"6220","C96_000082","82","96","train","2026","data/structures/C96/C96_000082.gjf"
"6221","C96_000083","83","96","val","2026","data/structures/C96/C96_000083.gjf"
"6222","C96_000084","84","96","train","2026","data/structures/C96/C96_000084.gjf"
"6223","C96_000085","85","96","val","2026","data/structures/C96/C96_000085.gjf"
"6224","C96_000086","86","96","test","2026","data/structures/C96/C96_000086.gjf"
"6225","C96_000087","87","96","train","2026","data/structures/C96/C96_000087.gjf"
"6226","C96_000088","88","96","train","2026","data/structures/C96/C96_000088.gjf"
"6227","C96_000089","89","96","train","2026","data/structures/C96/C96_000089.gjf"
"6228","C96_000090","90","96","train","2026","data/structures/C96/C96_000090.gjf"
"6229","C96_000091","91","96","train","2026","data/structures/C96/C96_000091.gjf"
"6230","C96_000092","92","96","train","2026","data/structures/C96/C96_000092.gjf"
"6231","C96_000093","93","96","test","2026","data/structures/C96/C96_000093.gjf"
"6232","C96_000094","94","96","train","2026","data/structures/C96/C96_000094.gjf"
"6233","C96_000095","95","96","train","2026","data/structures/C96/C96_000095.gjf"
"6234","C96_000096","96","96","train","2026","data/structures/C96/C96_000096.gjf"
"6235","C96_000097","97","96","train","2026","data/structures/C96/C96_000097.gjf"
"6236","C96_000098","98","96","train","2026","data/structures/C96/C96_000098.gjf"
"6237","C96_000099","99","96","test","2026","data/structures/C96/C96_000099.gjf"
"6238","C96_000100","100","96","val","2026","data/structures/C96/C96_000100.gjf"
"6239","C96_000101","101","96","train","2026","data/structures/C96/C96_000101.gjf"
"6240","C96_000102","102","96","train","2026","data/structures/C96/C96_000102.gjf"
"6241","C96_000103","103","96","train","2026","data/structures/C96/C96_000103.gjf"
"6242","C96_000104","104","96","train","2026","data/structures/C96/C96_000104.gjf"
"6243","C96_000105","105","96","train","2026","data/structures/C96/C96_000105.gjf"
"6244","C96_000106","106","96","train","2026","data/structures/C96/C96_000106.gjf"
"6245","C96_000107","107","96","train","2026","data/structures/C96/C96_000107.gjf"
"6246","C96_000108","108","96","train","2026","data/structures/C96/C96_000108.gjf"
"6247","C96_000109","109","96","train","2026","data/structures/C96/C96_000109.gjf"
"6248","C96_000110","110","96","val","2026","data/structures/C96/C96_000110.gjf"
"6249","C96_000111","111","96","train","2026","data/structures/C96/C96_000111.gjf"
"6250","C96_000112","112","96","test","2026","data/structures/C96/C96_000112.gjf"
"6251","C96_000113","113","96","train","2026","data/structures/C96/C96_000113.gjf"
"6252","C96_000114","114","96","train","2026","data/structures/C96/C96_000114.gjf"
"6253","C96_000115","115","96","train","2026","data/structures/C96/C96_000115.gjf"
"6254","C96_000116","116","96","train","2026","data/structures/C96/C96_000116.gjf"
"6255","C96_000117","117","96","train","2026","data/structures/C96/C96_000117.gjf"
"6256","C96_000118","118","96","val","2026","data/structures/C96/C96_000118.gjf"
"6257","C96_000119","119","96","train","2026","data/structures/C96/C96_000119.gjf"
"6258","C96_000120","120","96","train","2026","data/structures/C96/C96_000120.gjf"
"6259","C96_000121","121","96","train","2026","data/structures/C96/C96_000121.gjf"
"6260","C96_000122","122","96","train","2026","data/structures/C96/C96_000122.gjf"
"6261","C96_000123","123","96","test","2026","data/structures/C96/C96_000123.gjf"
"6262","C96_000124","124","96","val","2026","data/structures/C96/C96_000124.gjf"
"6263","C96_000125","125","96","train","2026","data/structures/C96/C96_000125.gjf"
"6264","C96_000126","126","96","train","2026","data/structures/C96/C96_000126.gjf"
"6265","C96_000127","127","96","train","2026","data/structures/C96/C96_000127.gjf"
"6266","C96_000128","128","96","val","2026","data/structures/C96/C96_000128.gjf"
"6267","C96_000129","129","96","val","2026","data/structures/C96/C96_000129.gjf"
"6268","C96_000130","130","96","train","2026","data/structures/C96/C96_000130.gjf"
"6269","C96_000131","131","96","train","2026","data/structures/C96/C96_000131.gjf"
"6270","C96_000132","132","96","test","2026","data/structures/C96/C96_000132.gjf"
"6271","C96_000133","133","96","train","2026","data/structures/C96/C96_000133.gjf"
"6272","C96_000134","134","96","train","2026","data/structures/C96/C96_000134.gjf"
"6273","C96_000135","135","96","train","2026","data/structures/C96/C96_000135.gjf"
"6274","C96_000136","136","96","train","2026","data/structures/C96/C96_000136.gjf"
"6275","C96_000137","137","96","train","2026","data/structures/C96/C96_000137.gjf"
"6276","C96_000138","138","96","train","2026","data/structures/C96/C96_000138.gjf"
"6277","C96_000139","139","96","train","2026","data/structures/C96/C96_000139.gjf"
"6278","C96_000140","140","96","val","2026","data/structures/C96/C96_000140.gjf"
"6279","C96_000141","141","96","train","2026","data/structures/C96/C96_000141.gjf"
"6280","C96_000142","142","96","test","2026","data/structures/C96/C96_000142.gjf"
"6281","C96_000143","143","96","test","2026","data/structures/C96/C96_000143.gjf"
"6282","C96_000144","144","96","val","2026","data/structures/C96/C96_000144.gjf"
"6283","C96_000145","145","96","train","2026","data/structures/C96/C96_000145.gjf"
"6284","C96_000146","146","96","train","2026","data/structures/C96/C96_000146.gjf"
"6285","C96_000147","147","96","train","2026","data/structures/C96/C96_000147.gjf"
"6286","C96_000148","148","96","train","2026","data/structures/C96/C96_000148.gjf"
"6287","C96_000149","149","96","val","2026","data/structures/C96/C96_000149.gjf"
"6288","C96_000150","150","96","train","2026","data/structures/C96/C96_000150.gjf"
"6289","C96_000151","151","96","train","2026","data/structures/C96/C96_000151.gjf"
"6290","C96_000152","152","96","train","2026","data/structures/C96/C96_000152.gjf"
"6291","C96_000153","153","96","train","2026","data/structures/C96/C96_000153.gjf"
"6292","C96_000154","154","96","train","2026","data/structures/C96/C96_000154.gjf"
"6293","C96_000155","155","96","train","2026","data/structures/C96/C96_000155.gjf"
"6294","C96_000156","156","96","train","2026","data/structures/C96/C96_000156.gjf"
"6295","C96_000157","157","96","train","2026","data/structures/C96/C96_000157.gjf"
"6296","C96_000158","158","96","train","2026","data/structures/C96/C96_000158.gjf"
"6297","C96_000159","159","96","train","2026","data/structures/C96/C96_000159.gjf"
"6298","C96_000160","160","96","train","2026","data/structures/C96/C96_000160.gjf"
"6299","C96_000161","161","96","train","2026","data/structures/C96/C96_000161.gjf"
"6300","C96_000162","162","96","test","2026","data/structures/C96/C96_000162.gjf"
"6301","C96_000163","163","96","train","2026","data/structures/C96/C96_000163.gjf"
"6302","C96_000164","164","96","train","2026","data/structures/C96/C96_000164.gjf"
"6303","C96_000165","165","96","train","2026","data/structures/C96/C96_000165.gjf"
"6304","C96_000166","166","96","train","2026","data/structures/C96/C96_000166.gjf"
"6305","C96_000167","167","96","val","2026","data/structures/C96/C96_000167.gjf"
"6306","C96_000168","168","96","val","2026","data/structures/C96/C96_000168.gjf"
"6307","C96_000169","169","96","train","2026","data/structures/C96/C96_000169.gjf"
"6308","C96_000170","170","96","train","2026","data/structures/C96/C96_000170.gjf"
"6309","C96_000171","171","96","train","2026","data/structures/C96/C96_000171.gjf"
"6310","C96_000172","172","96","train","2026","data/structures/C96/C96_000172.gjf"
"6311","C96_000173","173","96","train","2026","data/structures/C96/C96_000173.gjf"
"6312","C96_000174","174","96","train","2026","data/structures/C96/C96_000174.gjf"
"6313","C96_000175","175","96","train","2026","data/structures/C96/C96_000175.gjf"
"6314","C96_000176","176","96","test","2026","data/structures/C96/C96_000176.gjf"
"6315","C96_000177","177","96","train","2026","data/structures/C96/C96_000177.gjf"
"6316","C96_000178","178","96","train","2026","data/structures/C96/C96_000178.gjf"
"6317","C96_000179","179","96","train","2026","data/structures/C96/C96_000179.gjf"
"6318","C96_000180","180","96","train","2026","data/structures/C96/C96_000180.gjf"
"6319","C96_000181","181","96","train","2026","data/structures/C96/C96_000181.gjf"
"6320","C96_000182","182","96","train","2026","data/structures/C96/C96_000182.gjf"
"6321","C96_000183","183","96","train","2026","data/structures/C96/C96_000183.gjf"
"6322","C96_000184","184","96","train","2026","data/structures/C96/C96_000184.gjf"
"6323","C96_000185","185","96","train","2026","data/structures/C96/C96_000185.gjf"
"6324","C96_000186","186","96","train","2026","data/structures/C96/C96_000186.gjf"
"6325","C96_000187","187","96","train","2026","data/structures/C96/C96_000187.gjf"
"6326","C98_000001","1","98","train","2026","data/structures/C98/C98_000001.gjf"
"6327","C98_000002","2","98","train","2026","data/structures/C98/C98_000002.gjf"
"6328","C98_000003","3","98","val","2026","data/structures/C98/C98_000003.gjf"
"6329","C98_000004","4","98","val","2026","data/structures/C98/C98_000004.gjf"
"6330","C98_000005","5","98","train","2026","data/structures/C98/C98_000005.gjf"
"6331","C98_000006","6","98","train","2026","data/structures/C98/C98_000006.gjf"
"6332","C98_000007","7","98","train","2026","data/structures/C98/C98_000007.gjf"
"6333","C98_000008","8","98","train","2026","data/structures/C98/C98_000008.gjf"
"6334","C98_000009","9","98","test","2026","data/structures/C98/C98_000009.gjf"
"6335","C98_000010","10","98","train","2026","data/structures/C98/C98_000010.gjf"
"6336","C98_000011","11","98","train","2026","data/structures/C98/C98_000011.gjf"
"6337","C98_000012","12","98","train","2026","data/structures/C98/C98_000012.gjf"
"6338","C98_000013","13","98","train","2026","data/structures/C98/C98_000013.gjf"
"6339","C98_000014","14","98","train","2026","data/structures/C98/C98_000014.gjf"
"6340","C98_000015","15","98","train","2026","data/structures/C98/C98_000015.gjf"
"6341","C98_000016","16","98","train","2026","data/structures/C98/C98_000016.gjf"
"6342","C98_000017","17","98","train","2026","data/structures/C98/C98_000017.gjf"
"6343","C98_000018","18","98","train","2026","data/structures/C98/C98_000018.gjf"
"6344","C98_000019","19","98","train","2026","data/structures/C98/C98_000019.gjf"
"6345","C98_000020","20","98","train","2026","data/structures/C98/C98_000020.gjf"
"6346","C98_000021","21","98","train","2026","data/structures/C98/C98_000021.gjf"
"6347","C98_000022","22","98","train","2026","data/structures/C98/C98_000022.gjf"
"6348","C98_000023","23","98","train","2026","data/structures/C98/C98_000023.gjf"
"6349","C98_000024","24","98","train","2026","data/structures/C98/C98_000024.gjf"
"6350","C98_000025","25","98","train","2026","data/structures/C98/C98_000025.gjf"
"6351","C98_000026","26","98","train","2026","data/structures/C98/C98_000026.gjf"
"6352","C98_000027","27","98","train","2026","data/structures/C98/C98_000027.gjf"
"6353","C98_000028","28","98","train","2026","data/structures/C98/C98_000028.gjf"
"6354","C98_000029","29","98","train","2026","data/structures/C98/C98_000029.gjf"
"6355","C98_000030","30","98","train","2026","data/structures/C98/C98_000030.gjf"
"6356","C98_000031","31","98","train","2026","data/structures/C98/C98_000031.gjf"
"6357","C98_000032","32","98","val","2026","data/structures/C98/C98_000032.gjf"
"6358","C98_000033","33","98","train","2026","data/structures/C98/C98_000033.gjf"
"6359","C98_000034","34","98","train","2026","data/structures/C98/C98_000034.gjf"
"6360","C98_000035","35","98","test","2026","data/structures/C98/C98_000035.gjf"
"6361","C98_000036","36","98","val","2026","data/structures/C98/C98_000036.gjf"
"6362","C98_000037","37","98","train","2026","data/structures/C98/C98_000037.gjf"
"6363","C98_000038","38","98","test","2026","data/structures/C98/C98_000038.gjf"
"6364","C98_000039","39","98","train","2026","data/structures/C98/C98_000039.gjf"
"6365","C98_000040","40","98","train","2026","data/structures/C98/C98_000040.gjf"
"6366","C98_000041","41","98","train","2026","data/structures/C98/C98_000041.gjf"
"6367","C98_000042","42","98","train","2026","data/structures/C98/C98_000042.gjf"
"6368","C98_000043","43","98","test","2026","data/structures/C98/C98_000043.gjf"
"6369","C98_000044","44","98","train","2026","data/structures/C98/C98_000044.gjf"
"6370","C98_000045","45","98","train","2026","data/structures/C98/C98_000045.gjf"
"6371","C98_000046","46","98","train","2026","data/structures/C98/C98_000046.gjf"
"6372","C98_000047","47","98","train","2026","data/structures/C98/C98_000047.gjf"
"6373","C98_000048","48","98","train","2026","data/structures/C98/C98_000048.gjf"
"6374","C98_000049","49","98","train","2026","data/structures/C98/C98_000049.gjf"
"6375","C98_000050","50","98","train","2026","data/structures/C98/C98_000050.gjf"
"6376","C98_000051","51","98","train","2026","data/structures/C98/C98_000051.gjf"
"6377","C98_000052","52","98","train","2026","data/structures/C98/C98_000052.gjf"
"6378","C98_000053","53","98","train","2026","data/structures/C98/C98_000053.gjf"
"6379","C98_000054","54","98","train","2026","data/structures/C98/C98_000054.gjf"
"6380","C98_000055","55","98","train","2026","data/structures/C98/C98_000055.gjf"
"6381","C98_000056","56","98","train","2026","data/structures/C98/C98_000056.gjf"
"6382","C98_000057","57","98","train","2026","data/structures/C98/C98_000057.gjf"
"6383","C98_000058","58","98","train","2026","data/structures/C98/C98_000058.gjf"
"6384","C98_000059","59","98","train","2026","data/structures/C98/C98_000059.gjf"
"6385","C98_000060","60","98","train","2026","data/structures/C98/C98_000060.gjf"
"6386","C98_000061","61","98","train","2026","data/structures/C98/C98_000061.gjf"
"6387","C98_000062","62","98","train","2026","data/structures/C98/C98_000062.gjf"
"6388","C98_000063","63","98","train","2026","data/structures/C98/C98_000063.gjf"
"6389","C98_000064","64","98","train","2026","data/structures/C98/C98_000064.gjf"
"6390","C98_000065","65","98","train","2026","data/structures/C98/C98_000065.gjf"
"6391","C98_000066","66","98","train","2026","data/structures/C98/C98_000066.gjf"
"6392","C98_000067","67","98","train","2026","data/structures/C98/C98_000067.gjf"
"6393","C98_000068","68","98","train","2026","data/structures/C98/C98_000068.gjf"
"6394","C98_000069","69","98","train","2026","data/structures/C98/C98_000069.gjf"
"6395","C98_000070","70","98","val","2026","data/structures/C98/C98_000070.gjf"
"6396","C98_000071","71","98","train","2026","data/structures/C98/C98_000071.gjf"
"6397","C98_000072","72","98","val","2026","data/structures/C98/C98_000072.gjf"
"6398","C98_000073","73","98","train","2026","data/structures/C98/C98_000073.gjf"
"6399","C98_000074","74","98","train","2026","data/structures/C98/C98_000074.gjf"
"6400","C98_000075","75","98","train","2026","data/structures/C98/C98_000075.gjf"
"6401","C98_000076","76","98","train","2026","data/structures/C98/C98_000076.gjf"
"6402","C98_000077","77","98","train","2026","data/structures/C98/C98_000077.gjf"
"6403","C98_000078","78","98","train","2026","data/structures/C98/C98_000078.gjf"
"6404","C98_000079","79","98","train","2026","data/structures/C98/C98_000079.gjf"
"6405","C98_000080","80","98","train","2026","data/structures/C98/C98_000080.gjf"
"6406","C98_000081","81","98","val","2026","data/structures/C98/C98_000081.gjf"
"6407","C98_000082","82","98","train","2026","data/structures/C98/C98_000082.gjf"
"6408","C98_000083","83","98","train","2026","data/structures/C98/C98_000083.gjf"
"6409","C98_000084","84","98","train","2026","data/structures/C98/C98_000084.gjf"
"6410","C98_000085","85","98","train","2026","data/structures/C98/C98_000085.gjf"
"6411","C98_000086","86","98","train","2026","data/structures/C98/C98_000086.gjf"
"6412","C98_000087","87","98","train","2026","data/structures/C98/C98_000087.gjf"
"6413","C98_000088","88","98","train","2026","data/structures/C98/C98_000088.gjf"
"6414","C98_000089","89","98","test","2026","data/structures/C98/C98_000089.gjf"
"6415","C98_000090","90","98","train","2026","data/structures/C98/C98_000090.gjf"
"6416","C98_000091","91","98","train","2026","data/structures/C98/C98_000091.gjf"
"6417","C98_000092","92","98","val","2026","data/structures/C98/C98_000092.gjf"
"6418","C98_000093","93","98","train","2026","data/structures/C98/C98_000093.gjf"
"6419","C98_000094","94","98","train","2026","data/structures/C98/C98_000094.gjf"
"6420","C98_000095","95","98","train","2026","data/structures/C98/C98_000095.gjf"
"6421","C98_000096","96","98","train","2026","data/structures/C98/C98_000096.gjf"
"6422","C98_000097","97","98","test","2026","data/structures/C98/C98_000097.gjf"
"6423","C98_000098","98","98","train","2026","data/structures/C98/C98_000098.gjf"
"6424","C98_000099","99","98","test","2026","data/structures/C98/C98_000099.gjf"
"6425","C98_000100","100","98","train","2026","data/structures/C98/C98_000100.gjf"
"6426","C98_000101","101","98","train","2026","data/structures/C98/C98_000101.gjf"
"6427","C98_000102","102","98","train","2026","data/structures/C98/C98_000102.gjf"
"6428","C98_000103","103","98","train","2026","data/structures/C98/C98_000103.gjf"
"6429","C98_000104","104","98","train","2026","data/structures/C98/C98_000104.gjf"
"6430","C98_000105","105","98","train","2026","data/structures/C98/C98_000105.gjf"
"6431","C98_000106","106","98","train","2026","data/structures/C98/C98_000106.gjf"
"6432","C98_000107","107","98","train","2026","data/structures/C98/C98_000107.gjf"
"6433","C98_000108","108","98","val","2026","data/structures/C98/C98_000108.gjf"
"6434","C98_000109","109","98","train","2026","data/structures/C98/C98_000109.gjf"
"6435","C98_000110","110","98","train","2026","data/structures/C98/C98_000110.gjf"
"6436","C98_000111","111","98","test","2026","data/structures/C98/C98_000111.gjf"
"6437","C98_000112","112","98","train","2026","data/structures/C98/C98_000112.gjf"
"6438","C98_000113","113","98","train","2026","data/structures/C98/C98_000113.gjf"
"6439","C98_000114","114","98","train","2026","data/structures/C98/C98_000114.gjf"
"6440","C98_000115","115","98","train","2026","data/structures/C98/C98_000115.gjf"
"6441","C98_000116","116","98","val","2026","data/structures/C98/C98_000116.gjf"
"6442","C98_000117","117","98","train","2026","data/structures/C98/C98_000117.gjf"
"6443","C98_000118","118","98","test","2026","data/structures/C98/C98_000118.gjf"
"6444","C98_000119","119","98","train","2026","data/structures/C98/C98_000119.gjf"
"6445","C98_000120","120","98","val","2026","data/structures/C98/C98_000120.gjf"
"6446","C98_000121","121","98","val","2026","data/structures/C98/C98_000121.gjf"
"6447","C98_000122","122","98","test","2026","data/structures/C98/C98_000122.gjf"
"6448","C98_000123","123","98","train","2026","data/structures/C98/C98_000123.gjf"
"6449","C98_000124","124","98","train","2026","data/structures/C98/C98_000124.gjf"
"6450","C98_000125","125","98","train","2026","data/structures/C98/C98_000125.gjf"
"6451","C98_000126","126","98","train","2026","data/structures/C98/C98_000126.gjf"
"6452","C98_000127","127","98","train","2026","data/structures/C98/C98_000127.gjf"
"6453","C98_000128","128","98","train","2026","data/structures/C98/C98_000128.gjf"
"6454","C98_000129","129","98","train","2026","data/structures/C98/C98_000129.gjf"
"6455","C98_000130","130","98","test","2026","data/structures/C98/C98_000130.gjf"
"6456","C98_000131","131","98","test","2026","data/structures/C98/C98_000131.gjf"
"6457","C98_000132","132","98","val","2026","data/structures/C98/C98_000132.gjf"
"6458","C98_000133","133","98","train","2026","data/structures/C98/C98_000133.gjf"
"6459","C98_000134","134","98","train","2026","data/structures/C98/C98_000134.gjf"
"6460","C98_000135","135","98","train","2026","data/structures/C98/C98_000135.gjf"
"6461","C98_000136","136","98","train","2026","data/structures/C98/C98_000136.gjf"
"6462","C98_000137","137","98","train","2026","data/structures/C98/C98_000137.gjf"
"6463","C98_000138","138","98","train","2026","data/structures/C98/C98_000138.gjf"
"6464","C98_000139","139","98","train","2026","data/structures/C98/C98_000139.gjf"
"6465","C98_000140","140","98","train","2026","data/structures/C98/C98_000140.gjf"
"6466","C98_000141","141","98","train","2026","data/structures/C98/C98_000141.gjf"
"6467","C98_000142","142","98","train","2026","data/structures/C98/C98_000142.gjf"
"6468","C98_000143","143","98","train","2026","data/structures/C98/C98_000143.gjf"
"6469","C98_000144","144","98","test","2026","data/structures/C98/C98_000144.gjf"
"6470","C98_000145","145","98","val","2026","data/structures/C98/C98_000145.gjf"
"6471","C98_000146","146","98","train","2026","data/structures/C98/C98_000146.gjf"
"6472","C98_000147","147","98","train","2026","data/structures/C98/C98_000147.gjf"
"6473","C98_000148","148","98","train","2026","data/structures/C98/C98_000148.gjf"
"6474","C98_000149","149","98","train","2026","data/structures/C98/C98_000149.gjf"
"6475","C98_000150","150","98","train","2026","data/structures/C98/C98_000150.gjf"
"6476","C98_000151","151","98","train","2026","data/structures/C98/C98_000151.gjf"
"6477","C98_000152","152","98","test","2026","data/structures/C98/C98_000152.gjf"
"6478","C98_000153","153","98","train","2026","data/structures/C98/C98_000153.gjf"
"6479","C98_000154","154","98","train","2026","data/structures/C98/C98_000154.gjf"
"6480","C98_000155","155","98","test","2026","data/structures/C98/C98_000155.gjf"
"6481","C98_000156","156","98","train","2026","data/structures/C98/C98_000156.gjf"
"6482","C98_000157","157","98","train","2026","data/structures/C98/C98_000157.gjf"
"6483","C98_000158","158","98","train","2026","data/structures/C98/C98_000158.gjf"
"6484","C98_000159","159","98","train","2026","data/structures/C98/C98_000159.gjf"
"6485","C98_000160","160","98","train","2026","data/structures/C98/C98_000160.gjf"
"6486","C98_000161","161","98","train","2026","data/structures/C98/C98_000161.gjf"
"6487","C98_000162","162","98","train","2026","data/structures/C98/C98_000162.gjf"
"6488","C98_000163","163","98","train","2026","data/structures/C98/C98_000163.gjf"
"6489","C98_000164","164","98","train","2026","data/structures/C98/C98_000164.gjf"
"6490","C98_000165","165","98","train","2026","data/structures/C98/C98_000165.gjf"
"6491","C98_000166","166","98","train","2026","data/structures/C98/C98_000166.gjf"
"6492","C98_000167","167","98","train","2026","data/structures/C98/C98_000167.gjf"
"6493","C98_000168","168","98","train","2026","data/structures/C98/C98_000168.gjf"
"6494","C98_000169","169","98","train","2026","data/structures/C98/C98_000169.gjf"
"6495","C98_000170","170","98","test","2026","data/structures/C98/C98_000170.gjf"
"6496","C98_000171","171","98","train","2026","data/structures/C98/C98_000171.gjf"
"6497","C98_000172","172","98","train","2026","data/structures/C98/C98_000172.gjf"
"6498","C98_000173","173","98","train","2026","data/structures/C98/C98_000173.gjf"
"6499","C98_000174","174","98","train","2026","data/structures/C98/C98_000174.gjf"
"6500","C98_000175","175","98","train","2026","data/structures/C98/C98_000175.gjf"
"6501","C98_000176","176","98","test","2026","data/structures/C98/C98_000176.gjf"
"6502","C98_000177","177","98","val","2026","data/structures/C98/C98_000177.gjf"
"6503","C98_000178","178","98","test","2026","data/structures/C98/C98_000178.gjf"
"6504","C98_000179","179","98","test","2026","data/structures/C98/C98_000179.gjf"
"6505","C98_000180","180","98","train","2026","data/structures/C98/C98_000180.gjf"
"6506","C98_000181","181","98","train","2026","data/structures/C98/C98_000181.gjf"
"6507","C98_000182","182","98","train","2026","data/structures/C98/C98_000182.gjf"
"6508","C98_000183","183","98","train","2026","data/structures/C98/C98_000183.gjf"
"6509","C98_000184","184","98","test","2026","data/structures/C98/C98_000184.gjf"
"6510","C98_000185","185","98","train","2026","data/structures/C98/C98_000185.gjf"
"6511","C98_000186","186","98","train","2026","data/structures/C98/C98_000186.gjf"
"6512","C98_000187","187","98","train","2026","data/structures/C98/C98_000187.gjf"
"6513","C98_000188","188","98","val","2026","data/structures/C98/C98_000188.gjf"
"6514","C98_000189","189","98","train","2026","data/structures/C98/C98_000189.gjf"
"6515","C98_000190","190","98","val","2026","data/structures/C98/C98_000190.gjf"
"6516","C98_000191","191","98","train","2026","data/structures/C98/C98_000191.gjf"
"6517","C98_000192","192","98","train","2026","data/structures/C98/C98_000192.gjf"
"6518","C98_000193","193","98","train","2026","data/structures/C98/C98_000193.gjf"
"6519","C98_000194","194","98","test","2026","data/structures/C98/C98_000194.gjf"
"6520","C98_000195","195","98","test","2026","data/structures/C98/C98_000195.gjf"
"6521","C98_000196","196","98","train","2026","data/structures/C98/C98_000196.gjf"
"6522","C98_000197","197","98","val","2026","data/structures/C98/C98_000197.gjf"
"6523","C98_000198","198","98","train","2026","data/structures/C98/C98_000198.gjf"
"6524","C98_000199","199","98","train","2026","data/structures/C98/C98_000199.gjf"
"6525","C98_000200","200","98","train","2026","data/structures/C98/C98_000200.gjf"
"6526","C98_000201","201","98","test","2026","data/structures/C98/C98_000201.gjf"
"6527","C98_000202","202","98","train","2026","data/structures/C98/C98_000202.gjf"
"6528","C98_000203","203","98","train","2026","data/structures/C98/C98_000203.gjf"
"6529","C98_000204","204","98","train","2026","data/structures/C98/C98_000204.gjf"
"6530","C98_000205","205","98","train","2026","data/structures/C98/C98_000205.gjf"
"6531","C98_000206","206","98","train","2026","data/structures/C98/C98_000206.gjf"
"6532","C98_000207","207","98","train","2026","data/structures/C98/C98_000207.gjf"
"6533","C98_000208","208","98","train","2026","data/structures/C98/C98_000208.gjf"
"6534","C98_000209","209","98","train","2026","data/structures/C98/C98_000209.gjf"
"6535","C98_000210","210","98","train","2026","data/structures/C98/C98_000210.gjf"
"6536","C98_000211","211","98","train","2026","data/structures/C98/C98_000211.gjf"
"6537","C98_000212","212","98","train","2026","data/structures/C98/C98_000212.gjf"
"6538","C98_000213","213","98","train","2026","data/structures/C98/C98_000213.gjf"
"6539","C98_000214","214","98","train","2026","data/structures/C98/C98_000214.gjf"
"6540","C98_000215","215","98","train","2026","data/structures/C98/C98_000215.gjf"
"6541","C98_000216","216","98","train","2026","data/structures/C98/C98_000216.gjf"
"6542","C98_000217","217","98","train","2026","data/structures/C98/C98_000217.gjf"
"6543","C98_000218","218","98","train","2026","data/structures/C98/C98_000218.gjf"
"6544","C98_000219","219","98","train","2026","data/structures/C98/C98_000219.gjf"
"6545","C98_000220","220","98","train","2026","data/structures/C98/C98_000220.gjf"
"6546","C98_000221","221","98","train","2026","data/structures/C98/C98_000221.gjf"
"6547","C98_000222","222","98","test","2026","data/structures/C98/C98_000222.gjf"
"6548","C98_000223","223","98","train","2026","data/structures/C98/C98_000223.gjf"
"6549","C98_000224","224","98","train","2026","data/structures/C98/C98_000224.gjf"
"6550","C98_000225","225","98","train","2026","data/structures/C98/C98_000225.gjf"
"6551","C98_000226","226","98","train","2026","data/structures/C98/C98_000226.gjf"
"6552","C98_000227","227","98","train","2026","data/structures/C98/C98_000227.gjf"
"6553","C98_000228","228","98","train","2026","data/structures/C98/C98_000228.gjf"
"6554","C98_000229","229","98","train","2026","data/structures/C98/C98_000229.gjf"
"6555","C98_000230","230","98","train","2026","data/structures/C98/C98_000230.gjf"
"6556","C98_000231","231","98","train","2026","data/structures/C98/C98_000231.gjf"
"6557","C98_000232","232","98","train","2026","data/structures/C98/C98_000232.gjf"
"6558","C98_000233","233","98","val","2026","data/structures/C98/C98_000233.gjf"
"6559","C98_000234","234","98","train","2026","data/structures/C98/C98_000234.gjf"
"6560","C98_000235","235","98","val","2026","data/structures/C98/C98_000235.gjf"
"6561","C98_000236","236","98","val","2026","data/structures/C98/C98_000236.gjf"
"6562","C98_000237","237","98","train","2026","data/structures/C98/C98_000237.gjf"
"6563","C98_000238","238","98","train","2026","data/structures/C98/C98_000238.gjf"
"6564","C98_000239","239","98","val","2026","data/structures/C98/C98_000239.gjf"
"6565","C98_000240","240","98","train","2026","data/structures/C98/C98_000240.gjf"
"6566","C98_000241","241","98","train","2026","data/structures/C98/C98_000241.gjf"
"6567","C98_000242","242","98","train","2026","data/structures/C98/C98_000242.gjf"
"6568","C98_000243","243","98","train","2026","data/structures/C98/C98_000243.gjf"
"6569","C98_000244","244","98","train","2026","data/structures/C98/C98_000244.gjf"
"6570","C98_000245","245","98","train","2026","data/structures/C98/C98_000245.gjf"
"6571","C98_000246","246","98","train","2026","data/structures/C98/C98_000246.gjf"
"6572","C98_000247","247","98","val","2026","data/structures/C98/C98_000247.gjf"
"6573","C98_000248","248","98","train","2026","data/structures/C98/C98_000248.gjf"
"6574","C98_000249","249","98","train","2026","data/structures/C98/C98_000249.gjf"
"6575","C98_000250","250","98","val","2026","data/structures/C98/C98_000250.gjf"
"6576","C98_000251","251","98","train","2026","data/structures/C98/C98_000251.gjf"
"6577","C98_000252","252","98","train","2026","data/structures/C98/C98_000252.gjf"
"6578","C98_000253","253","98","val","2026","data/structures/C98/C98_000253.gjf"
"6579","C98_000254","254","98","train","2026","data/structures/C98/C98_000254.gjf"
"6580","C98_000255","255","98","test","2026","data/structures/C98/C98_000255.gjf"
"6581","C98_000256","256","98","train","2026","data/structures/C98/C98_000256.gjf"
"6582","C98_000257","257","98","train","2026","data/structures/C98/C98_000257.gjf"
"6583","C98_000258","258","98","train","2026","data/structures/C98/C98_000258.gjf"
"6584","C98_000259","259","98","train","2026","data/structures/C98/C98_000259.gjf"
"6585","C100_000001","1","100","train","2026","data/structures/C100/C100_000001.gjf"
"6586","C100_000002","2","100","train","2026","data/structures/C100/C100_000002.gjf"
"6587","C100_000003","3","100","train","2026","data/structures/C100/C100_000003.gjf"
"6588","C100_000004","4","100","train","2026","data/structures/C100/C100_000004.gjf"
"6589","C100_000005","5","100","train","2026","data/structures/C100/C100_000005.gjf"
"6590","C100_000006","6","100","train","2026","data/structures/C100/C100_000006.gjf"
"6591","C100_000007","7","100","train","2026","data/structures/C100/C100_000007.gjf"
"6592","C100_000008","8","100","train","2026","data/structures/C100/C100_000008.gjf"
"6593","C100_000009","9","100","train","2026","data/structures/C100/C100_000009.gjf"
"6594","C100_000010","10","100","train","2026","data/structures/C100/C100_000010.gjf"
"6595","C100_000011","11","100","train","2026","data/structures/C100/C100_000011.gjf"
"6596","C100_000012","12","100","train","2026","data/structures/C100/C100_000012.gjf"
"6597","C100_000013","13","100","train","2026","data/structures/C100/C100_000013.gjf"
"6598","C100_000014","14","100","train","2026","data/structures/C100/C100_000014.gjf"
"6599","C100_000015","15","100","train","2026","data/structures/C100/C100_000015.gjf"
"6600","C100_000016","16","100","test","2026","data/structures/C100/C100_000016.gjf"
"6601","C100_000017","17","100","train","2026","data/structures/C100/C100_000017.gjf"
"6602","C100_000018","18","100","train","2026","data/structures/C100/C100_000018.gjf"
"6603","C100_000019","19","100","test","2026","data/structures/C100/C100_000019.gjf"
"6604","C100_000020","20","100","train","2026","data/structures/C100/C100_000020.gjf"
"6605","C100_000021","21","100","train","2026","data/structures/C100/C100_000021.gjf"
"6606","C100_000022","22","100","train","2026","data/structures/C100/C100_000022.gjf"
"6607","C100_000023","23","100","test","2026","data/structures/C100/C100_000023.gjf"
"6608","C100_000024","24","100","train","2026","data/structures/C100/C100_000024.gjf"
"6609","C100_000025","25","100","train","2026","data/structures/C100/C100_000025.gjf"
"6610","C100_000026","26","100","train","2026","data/structures/C100/C100_000026.gjf"
"6611","C100_000027","27","100","train","2026","data/structures/C100/C100_000027.gjf"
"6612","C100_000028","28","100","train","2026","data/structures/C100/C100_000028.gjf"
"6613","C100_000029","29","100","train","2026","data/structures/C100/C100_000029.gjf"
"6614","C100_000030","30","100","train","2026","data/structures/C100/C100_000030.gjf"
"6615","C100_000031","31","100","test","2026","data/structures/C100/C100_000031.gjf"
"6616","C100_000032","32","100","train","2026","data/structures/C100/C100_000032.gjf"
"6617","C100_000033","33","100","val","2026","data/structures/C100/C100_000033.gjf"
"6618","C100_000034","34","100","train","2026","data/structures/C100/C100_000034.gjf"
"6619","C100_000035","35","100","train","2026","data/structures/C100/C100_000035.gjf"
"6620","C100_000036","36","100","train","2026","data/structures/C100/C100_000036.gjf"
"6621","C100_000037","37","100","train","2026","data/structures/C100/C100_000037.gjf"
"6622","C100_000038","38","100","train","2026","data/structures/C100/C100_000038.gjf"
"6623","C100_000039","39","100","train","2026","data/structures/C100/C100_000039.gjf"
"6624","C100_000040","40","100","test","2026","data/structures/C100/C100_000040.gjf"
"6625","C100_000041","41","100","test","2026","data/structures/C100/C100_000041.gjf"
"6626","C100_000042","42","100","val","2026","data/structures/C100/C100_000042.gjf"
"6627","C100_000043","43","100","train","2026","data/structures/C100/C100_000043.gjf"
"6628","C100_000044","44","100","val","2026","data/structures/C100/C100_000044.gjf"
"6629","C100_000045","45","100","train","2026","data/structures/C100/C100_000045.gjf"
"6630","C100_000046","46","100","train","2026","data/structures/C100/C100_000046.gjf"
"6631","C100_000047","47","100","train","2026","data/structures/C100/C100_000047.gjf"
"6632","C100_000048","48","100","train","2026","data/structures/C100/C100_000048.gjf"
"6633","C100_000049","49","100","val","2026","data/structures/C100/C100_000049.gjf"
"6634","C100_000050","50","100","train","2026","data/structures/C100/C100_000050.gjf"
"6635","C100_000051","51","100","train","2026","data/structures/C100/C100_000051.gjf"
"6636","C100_000052","52","100","train","2026","data/structures/C100/C100_000052.gjf"
"6637","C100_000053","53","100","test","2026","data/structures/C100/C100_000053.gjf"
"6638","C100_000054","54","100","val","2026","data/structures/C100/C100_000054.gjf"
"6639","C100_000055","55","100","train","2026","data/structures/C100/C100_000055.gjf"
"6640","C100_000056","56","100","train","2026","data/structures/C100/C100_000056.gjf"
"6641","C100_000057","57","100","train","2026","data/structures/C100/C100_000057.gjf"
"6642","C100_000058","58","100","train","2026","data/structures/C100/C100_000058.gjf"
"6643","C100_000059","59","100","train","2026","data/structures/C100/C100_000059.gjf"
"6644","C100_000060","60","100","test","2026","data/structures/C100/C100_000060.gjf"
"6645","C100_000061","61","100","test","2026","data/structures/C100/C100_000061.gjf"
"6646","C100_000062","62","100","train","2026","data/structures/C100/C100_000062.gjf"
"6647","C100_000063","63","100","train","2026","data/structures/C100/C100_000063.gjf"
"6648","C100_000064","64","100","train","2026","data/structures/C100/C100_000064.gjf"
"6649","C100_000065","65","100","train","2026","data/structures/C100/C100_000065.gjf"
"6650","C100_000066","66","100","train","2026","data/structures/C100/C100_000066.gjf"
"6651","C100_000067","67","100","train","2026","data/structures/C100/C100_000067.gjf"
"6652","C100_000068","68","100","test","2026","data/structures/C100/C100_000068.gjf"
"6653","C100_000069","69","100","test","2026","data/structures/C100/C100_000069.gjf"
"6654","C100_000070","70","100","train","2026","data/structures/C100/C100_000070.gjf"
"6655","C100_000071","71","100","train","2026","data/structures/C100/C100_000071.gjf"
"6656","C100_000072","72","100","test","2026","data/structures/C100/C100_000072.gjf"
"6657","C100_000073","73","100","train","2026","data/structures/C100/C100_000073.gjf"
"6658","C100_000074","74","100","val","2026","data/structures/C100/C100_000074.gjf"
"6659","C100_000075","75","100","train","2026","data/structures/C100/C100_000075.gjf"
"6660","C100_000076","76","100","train","2026","data/structures/C100/C100_000076.gjf"
"6661","C100_000077","77","100","test","2026","data/structures/C100/C100_000077.gjf"
"6662","C100_000078","78","100","train","2026","data/structures/C100/C100_000078.gjf"
"6663","C100_000079","79","100","train","2026","data/structures/C100/C100_000079.gjf"
"6664","C100_000080","80","100","val","2026","data/structures/C100/C100_000080.gjf"
"6665","C100_000081","81","100","test","2026","data/structures/C100/C100_000081.gjf"
"6666","C100_000082","82","100","train","2026","data/structures/C100/C100_000082.gjf"
"6667","C100_000083","83","100","train","2026","data/structures/C100/C100_000083.gjf"
"6668","C100_000084","84","100","test","2026","data/structures/C100/C100_000084.gjf"
"6669","C100_000085","85","100","train","2026","data/structures/C100/C100_000085.gjf"
"6670","C100_000086","86","100","val","2026","data/structures/C100/C100_000086.gjf"
"6671","C100_000087","87","100","test","2026","data/structures/C100/C100_000087.gjf"
"6672","C100_000088","88","100","train","2026","data/structures/C100/C100_000088.gjf"
"6673","C100_000089","89","100","train","2026","data/structures/C100/C100_000089.gjf"
"6674","C100_000090","90","100","train","2026","data/structures/C100/C100_000090.gjf"
"6675","C100_000091","91","100","train","2026","data/structures/C100/C100_000091.gjf"
"6676","C100_000092","92","100","train","2026","data/structures/C100/C100_000092.gjf"
"6677","C100_000093","93","100","train","2026","data/structures/C100/C100_000093.gjf"
"6678","C100_000094","94","100","train","2026","data/structures/C100/C100_000094.gjf"
"6679","C100_000095","95","100","train","2026","data/structures/C100/C100_000095.gjf"
"6680","C100_000096","96","100","val","2026","data/structures/C100/C100_000096.gjf"
"6681","C100_000097","97","100","train","2026","data/structures/C100/C100_000097.gjf"
"6682","C100_000098","98","100","test","2026","data/structures/C100/C100_000098.gjf"
"6683","C100_000099","99","100","train","2026","data/structures/C100/C100_000099.gjf"
"6684","C100_000100","100","100","train","2026","data/structures/C100/C100_000100.gjf"
"6685","C100_000101","101","100","train","2026","data/structures/C100/C100_000101.gjf"
"6686","C100_000102","102","100","val","2026","data/structures/C100/C100_000102.gjf"
"6687","C100_000103","103","100","train","2026","data/structures/C100/C100_000103.gjf"
"6688","C100_000104","104","100","train","2026","data/structures/C100/C100_000104.gjf"
"6689","C100_000105","105","100","train","2026","data/structures/C100/C100_000105.gjf"
"6690","C100_000106","106","100","train","2026","data/structures/C100/C100_000106.gjf"
"6691","C100_000107","107","100","test","2026","data/structures/C100/C100_000107.gjf"
"6692","C100_000108","108","100","test","2026","data/structures/C100/C100_000108.gjf"
"6693","C100_000109","109","100","train","2026","data/structures/C100/C100_000109.gjf"
"6694","C100_000110","110","100","test","2026","data/structures/C100/C100_000110.gjf"
"6695","C100_000111","111","100","train","2026","data/structures/C100/C100_000111.gjf"
"6696","C100_000112","112","100","val","2026","data/structures/C100/C100_000112.gjf"
"6697","C100_000113","113","100","train","2026","data/structures/C100/C100_000113.gjf"
"6698","C100_000114","114","100","val","2026","data/structures/C100/C100_000114.gjf"
"6699","C100_000115","115","100","val","2026","data/structures/C100/C100_000115.gjf"
"6700","C100_000116","116","100","train","2026","data/structures/C100/C100_000116.gjf"
"6701","C100_000117","117","100","train","2026","data/structures/C100/C100_000117.gjf"
"6702","C100_000118","118","100","val","2026","data/structures/C100/C100_000118.gjf"
"6703","C100_000119","119","100","train","2026","data/structures/C100/C100_000119.gjf"
"6704","C100_000120","120","100","train","2026","data/structures/C100/C100_000120.gjf"
"6705","C100_000121","121","100","train","2026","data/structures/C100/C100_000121.gjf"
"6706","C100_000122","122","100","train","2026","data/structures/C100/C100_000122.gjf"
"6707","C100_000123","123","100","train","2026","data/structures/C100/C100_000123.gjf"
"6708","C100_000124","124","100","train","2026","data/structures/C100/C100_000124.gjf"
"6709","C100_000125","125","100","test","2026","data/structures/C100/C100_000125.gjf"
"6710","C100_000126","126","100","train","2026","data/structures/C100/C100_000126.gjf"
"6711","C100_000127","127","100","train","2026","data/structures/C100/C100_000127.gjf"
"6712","C100_000128","128","100","test","2026","data/structures/C100/C100_000128.gjf"
"6713","C100_000129","129","100","train","2026","data/structures/C100/C100_000129.gjf"
"6714","C100_000130","130","100","val","2026","data/structures/C100/C100_000130.gjf"
"6715","C100_000131","131","100","train","2026","data/structures/C100/C100_000131.gjf"
"6716","C100_000132","132","100","train","2026","data/structures/C100/C100_000132.gjf"
"6717","C100_000133","133","100","train","2026","data/structures/C100/C100_000133.gjf"
"6718","C100_000134","134","100","train","2026","data/structures/C100/C100_000134.gjf"
"6719","C100_000135","135","100","train","2026","data/structures/C100/C100_000135.gjf"
"6720","C100_000136","136","100","train","2026","data/structures/C100/C100_000136.gjf"
"6721","C100_000137","137","100","train","2026","data/structures/C100/C100_000137.gjf"
"6722","C100_000138","138","100","val","2026","data/structures/C100/C100_000138.gjf"
"6723","C100_000139","139","100","test","2026","data/structures/C100/C100_000139.gjf"
"6724","C100_000140","140","100","train","2026","data/structures/C100/C100_000140.gjf"
"6725","C100_000141","141","100","train","2026","data/structures/C100/C100_000141.gjf"
"6726","C100_000142","142","100","train","2026","data/structures/C100/C100_000142.gjf"
"6727","C100_000143","143","100","test","2026","data/structures/C100/C100_000143.gjf"
"6728","C100_000144","144","100","train","2026","data/structures/C100/C100_000144.gjf"
"6729","C100_000145","145","100","test","2026","data/structures/C100/C100_000145.gjf"
"6730","C100_000146","146","100","test","2026","data/structures/C100/C100_000146.gjf"
"6731","C100_000147","147","100","val","2026","data/structures/C100/C100_000147.gjf"
"6732","C100_000148","148","100","train","2026","data/structures/C100/C100_000148.gjf"
"6733","C100_000149","149","100","train","2026","data/structures/C100/C100_000149.gjf"
"6734","C100_000150","150","100","train","2026","data/structures/C100/C100_000150.gjf"
"6735","C100_000151","151","100","train","2026","data/structures/C100/C100_000151.gjf"
"6736","C100_000152","152","100","train","2026","data/structures/C100/C100_000152.gjf"
"6737","C100_000153","153","100","train","2026","data/structures/C100/C100_000153.gjf"
"6738","C100_000154","154","100","train","2026","data/structures/C100/C100_000154.gjf"
"6739","C100_000155","155","100","train","2026","data/structures/C100/C100_000155.gjf"
"6740","C100_000156","156","100","train","2026","data/structures/C100/C100_000156.gjf"
"6741","C100_000157","157","100","val","2026","data/structures/C100/C100_000157.gjf"
"6742","C100_000158","158","100","train","2026","data/structures/C100/C100_000158.gjf"
"6743","C100_000159","159","100","val","2026","data/structures/C100/C100_000159.gjf"
"6744","C100_000160","160","100","train","2026","data/structures/C100/C100_000160.gjf"
"6745","C100_000161","161","100","train","2026","data/structures/C100/C100_000161.gjf"
"6746","C100_000162","162","100","val","2026","data/structures/C100/C100_000162.gjf"
"6747","C100_000163","163","100","test","2026","data/structures/C100/C100_000163.gjf"
"6748","C100_000164","164","100","train","2026","data/structures/C100/C100_000164.gjf"
"6749","C100_000165","165","100","val","2026","data/structures/C100/C100_000165.gjf"
"6750","C100_000166","166","100","train","2026","data/structures/C100/C100_000166.gjf"
"6751","C100_000167","167","100","train","2026","data/structures/C100/C100_000167.gjf"
"6752","C100_000168","168","100","train","2026","data/structures/C100/C100_000168.gjf"
"6753","C100_000169","169","100","train","2026","data/structures/C100/C100_000169.gjf"
"6754","C100_000170","170","100","train","2026","data/structures/C100/C100_000170.gjf"
"6755","C100_000171","171","100","train","2026","data/structures/C100/C100_000171.gjf"
"6756","C100_000172","172","100","train","2026","data/structures/C100/C100_000172.gjf"
"6757","C100_000173","173","100","test","2026","data/structures/C100/C100_000173.gjf"
"6758","C100_000174","174","100","train","2026","data/structures/C100/C100_000174.gjf"
"6759","C100_000175","175","100","train","2026","data/structures/C100/C100_000175.gjf"
"6760","C100_000176","176","100","train","2026","data/structures/C100/C100_000176.gjf"
"6761","C100_000177","177","100","val","2026","data/structures/C100/C100_000177.gjf"
"6762","C100_000178","178","100","test","2026","data/structures/C100/C100_000178.gjf"
"6763","C100_000179","179","100","train","2026","data/structures/C100/C100_000179.gjf"
"6764","C100_000180","180","100","train","2026","data/structures/C100/C100_000180.gjf"
"6765","C100_000181","181","100","val","2026","data/structures/C100/C100_000181.gjf"
"6766","C100_000182","182","100","train","2026","data/structures/C100/C100_000182.gjf"
"6767","C100_000183","183","100","train","2026","data/structures/C100/C100_000183.gjf"
"6768","C100_000184","184","100","test","2026","data/structures/C100/C100_000184.gjf"
"6769","C100_000185","185","100","train","2026","data/structures/C100/C100_000185.gjf"
"6770","C100_000186","186","100","train","2026","data/structures/C100/C100_000186.gjf"
"6771","C100_000187","187","100","test","2026","data/structures/C100/C100_000187.gjf"
"6772","C100_000188","188","100","test","2026","data/structures/C100/C100_000188.gjf"
"6773","C100_000189","189","100","train","2026","data/structures/C100/C100_000189.gjf"
"6774","C100_000190","190","100","test","2026","data/structures/C100/C100_000190.gjf"
"6775","C100_000191","191","100","train","2026","data/structures/C100/C100_000191.gjf"
"6776","C100_000192","192","100","train","2026","data/structures/C100/C100_000192.gjf"
"6777","C100_000193","193","100","train","2026","data/structures/C100/C100_000193.gjf"
"6778","C100_000194","194","100","train","2026","data/structures/C100/C100_000194.gjf"
"6779","C100_000195","195","100","train","2026","data/structures/C100/C100_000195.gjf"
"6780","C100_000196","196","100","train","2026","data/structures/C100/C100_000196.gjf"
"6781","C100_000197","197","100","train","2026","data/structures/C100/C100_000197.gjf"
"6782","C100_000198","198","100","train","2026","data/structures/C100/C100_000198.gjf"
"6783","C100_000199","199","100","train","2026","data/structures/C100/C100_000199.gjf"
"6784","C100_000200","200","100","train","2026","data/structures/C100/C100_000200.gjf"
"6785","C100_000201","201","100","train","2026","data/structures/C100/C100_000201.gjf"
"6786","C100_000202","202","100","train","2026","data/structures/C100/C100_000202.gjf"
"6787","C100_000203","203","100","train","2026","data/structures/C100/C100_000203.gjf"
"6788","C100_000204","204","100","train","2026","data/structures/C100/C100_000204.gjf"
"6789","C100_000205","205","100","train","2026","data/structures/C100/C100_000205.gjf"
"6790","C100_000206","206","100","train","2026","data/structures/C100/C100_000206.gjf"
"6791","C100_000207","207","100","test","2026","data/structures/C100/C100_000207.gjf"
"6792","C100_000208","208","100","train","2026","data/structures/C100/C100_000208.gjf"
"6793","C100_000209","209","100","train","2026","data/structures/C100/C100_000209.gjf"
"6794","C100_000210","210","100","test","2026","data/structures/C100/C100_000210.gjf"
"6795","C100_000211","211","100","train","2026","data/structures/C100/C100_000211.gjf"
"6796","C100_000212","212","100","train","2026","data/structures/C100/C100_000212.gjf"
"6797","C100_000213","213","100","train","2026","data/structures/C100/C100_000213.gjf"
"6798","C100_000214","214","100","train","2026","data/structures/C100/C100_000214.gjf"
"6799","C100_000215","215","100","train","2026","data/structures/C100/C100_000215.gjf"
"6800","C100_000216","216","100","train","2026","data/structures/C100/C100_000216.gjf"
"6801","C100_000217","217","100","train","2026","data/structures/C100/C100_000217.gjf"
"6802","C100_000218","218","100","train","2026","data/structures/C100/C100_000218.gjf"
"6803","C100_000219","219","100","test","2026","data/structures/C100/C100_000219.gjf"
"6804","C100_000220","220","100","train","2026","data/structures/C100/C100_000220.gjf"
"6805","C100_000221","221","100","train","2026","data/structures/C100/C100_000221.gjf"
"6806","C100_000222","222","100","train","2026","data/structures/C100/C100_000222.gjf"
"6807","C100_000223","223","100","train","2026","data/structures/C100/C100_000223.gjf"
"6808","C100_000224","224","100","train","2026","data/structures/C100/C100_000224.gjf"
"6809","C100_000225","225","100","train","2026","data/structures/C100/C100_000225.gjf"
"6810","C100_000226","226","100","train","2026","data/structures/C100/C100_000226.gjf"
"6811","C100_000227","227","100","train","2026","data/structures/C100/C100_000227.gjf"
"6812","C100_000228","228","100","train","2026","data/structures/C100/C100_000228.gjf"
"6813","C100_000229","229","100","train","2026","data/structures/C100/C100_000229.gjf"
"6814","C100_000230","230","100","val","2026","data/structures/C100/C100_000230.gjf"
"6815","C100_000231","231","100","train","2026","data/structures/C100/C100_000231.gjf"
"6816","C100_000232","232","100","train","2026","data/structures/C100/C100_000232.gjf"
"6817","C100_000233","233","100","train","2026","data/structures/C100/C100_000233.gjf"
"6818","C100_000234","234","100","train","2026","data/structures/C100/C100_000234.gjf"
"6819","C100_000235","235","100","train","2026","data/structures/C100/C100_000235.gjf"
"6820","C100_000236","236","100","train","2026","data/structures/C100/C100_000236.gjf"
"6821","C100_000237","237","100","train","2026","data/structures/C100/C100_000237.gjf"
"6822","C100_000238","238","100","train","2026","data/structures/C100/C100_000238.gjf"
"6823","C100_000239","239","100","test","2026","data/structures/C100/C100_000239.gjf"
"6824","C100_000240","240","100","train","2026","data/structures/C100/C100_000240.gjf"
"6825","C100_000241","241","100","train","2026","data/structures/C100/C100_000241.gjf"
"6826","C100_000242","242","100","train","2026","data/structures/C100/C100_000242.gjf"
"6827","C100_000243","243","100","train","2026","data/structures/C100/C100_000243.gjf"
"6828","C100_000244","244","100","test","2026","data/structures/C100/C100_000244.gjf"
"6829","C100_000245","245","100","train","2026","data/structures/C100/C100_000245.gjf"
"6830","C100_000246","246","100","train","2026","data/structures/C100/C100_000246.gjf"
"6831","C100_000247","247","100","train","2026","data/structures/C100/C100_000247.gjf"
"6832","C100_000248","248","100","train","2026","data/structures/C100/C100_000248.gjf"
"6833","C100_000249","249","100","train","2026","data/structures/C100/C100_000249.gjf"
"6834","C100_000250","250","100","val","2026","data/structures/C100/C100_000250.gjf"
"6835","C100_000251","251","100","train","2026","data/structures/C100/C100_000251.gjf"
"6836","C100_000252","252","100","train","2026","data/structures/C100/C100_000252.gjf"
"6837","C100_000253","253","100","train","2026","data/structures/C100/C100_000253.gjf"
"6838","C100_000254","254","100","train","2026","data/structures/C100/C100_000254.gjf"
"6839","C100_000255","255","100","train","2026","data/structures/C100/C100_000255.gjf"
"6840","C100_000256","256","100","train","2026","data/structures/C100/C100_000256.gjf"
"6841","C100_000257","257","100","val","2026","data/structures/C100/C100_000257.gjf"
"6842","C100_000258","258","100","train","2026","data/structures/C100/C100_000258.gjf"
"6843","C100_000259","259","100","train","2026","data/structures/C100/C100_000259.gjf"
"6844","C100_000260","260","100","train","2026","data/structures/C100/C100_000260.gjf"
"6845","C100_000261","261","100","train","2026","data/structures/C100/C100_000261.gjf"
"6846","C100_000262","262","100","train","2026","data/structures/C100/C100_000262.gjf"
"6847","C100_000263","263","100","test","2026","data/structures/C100/C100_000263.gjf"
"6848","C100_000264","264","100","test","2026","data/structures/C100/C100_000264.gjf"
"6849","C100_000265","265","100","train","2026","data/structures/C100/C100_000265.gjf"
"6850","C100_000266","266","100","train","2026","data/structures/C100/C100_000266.gjf"
"6851","C100_000267","267","100","test","2026","data/structures/C100/C100_000267.gjf"
"6852","C100_000268","268","100","train","2026","data/structures/C100/C100_000268.gjf"
"6853","C100_000269","269","100","test","2026","data/structures/C100/C100_000269.gjf"
"6854","C100_000270","270","100","train","2026","data/structures/C100/C100_000270.gjf"
"6855","C100_000271","271","100","train","2026","data/structures/C100/C100_000271.gjf"
"6856","C100_000272","272","100","train","2026","data/structures/C100/C100_000272.gjf"
"6857","C100_000273","273","100","train","2026","data/structures/C100/C100_000273.gjf"
"6858","C100_000274","274","100","train","2026","data/structures/C100/C100_000274.gjf"
"6859","C100_000275","275","100","train","2026","data/structures/C100/C100_000275.gjf"
"6860","C100_000276","276","100","train","2026","data/structures/C100/C100_000276.gjf"
"6861","C100_000277","277","100","test","2026","data/structures/C100/C100_000277.gjf"
"6862","C100_000278","278","100","train","2026","data/structures/C100/C100_000278.gjf"
"6863","C100_000279","279","100","train","2026","data/structures/C100/C100_000279.gjf"
"6864","C100_000280","280","100","train","2026","data/structures/C100/C100_000280.gjf"
"6865","C100_000281","281","100","val","2026","data/structures/C100/C100_000281.gjf"
"6866","C100_000282","282","100","train","2026","data/structures/C100/C100_000282.gjf"
"6867","C100_000283","283","100","train","2026","data/structures/C100/C100_000283.gjf"
"6868","C100_000284","284","100","train","2026","data/structures/C100/C100_000284.gjf"
"6869","C100_000285","285","100","train","2026","data/structures/C100/C100_000285.gjf"
"6870","C100_000286","286","100","train","2026","data/structures/C100/C100_000286.gjf"
"6871","C100_000287","287","100","train","2026","data/structures/C100/C100_000287.gjf"
"6872","C100_000288","288","100","train","2026","data/structures/C100/C100_000288.gjf"
"6873","C100_000289","289","100","train","2026","data/structures/C100/C100_000289.gjf"
"6874","C100_000290","290","100","val","2026","data/structures/C100/C100_000290.gjf"
"6875","C100_000291","291","100","test","2026","data/structures/C100/C100_000291.gjf"
"6876","C100_000292","292","100","train","2026","data/structures/C100/C100_000292.gjf"
"6877","C100_000293","293","100","train","2026","data/structures/C100/C100_000293.gjf"
"6878","C100_000294","294","100","train","2026","data/structures/C100/C100_000294.gjf"
"6879","C100_000295","295","100","train","2026","data/structures/C100/C100_000295.gjf"
"6880","C100_000296","296","100","train","2026","data/structures/C100/C100_000296.gjf"
"6881","C100_000297","297","100","train","2026","data/structures/C100/C100_000297.gjf"
"6882","C100_000298","298","100","train","2026","data/structures/C100/C100_000298.gjf"
"6883","C100_000299","299","100","train","2026","data/structures/C100/C100_000299.gjf"
"6884","C100_000300","300","100","test","2026","data/structures/C100/C100_000300.gjf"
"6885","C100_000301","301","100","train","2026","data/structures/C100/C100_000301.gjf"
"6886","C100_000302","302","100","train","2026","data/structures/C100/C100_000302.gjf"
"6887","C100_000303","303","100","train","2026","data/structures/C100/C100_000303.gjf"
"6888","C100_000304","304","100","train","2026","data/structures/C100/C100_000304.gjf"
"6889","C100_000305","305","100","test","2026","data/structures/C100/C100_000305.gjf"
"6890","C100_000306","306","100","train","2026","data/structures/C100/C100_000306.gjf"
"6891","C100_000307","307","100","train","2026","data/structures/C100/C100_000307.gjf"
"6892","C100_000308","308","100","train","2026","data/structures/C100/C100_000308.gjf"
"6893","C100_000309","309","100","train","2026","data/structures/C100/C100_000309.gjf"
"6894","C100_000310","310","100","test","2026","data/structures/C100/C100_000310.gjf"
"6895","C100_000311","311","100","train","2026","data/structures/C100/C100_000311.gjf"
"6896","C100_000312","312","100","val","2026","data/structures/C100/C100_000312.gjf"
"6897","C100_000313","313","100","train","2026","data/structures/C100/C100_000313.gjf"
"6898","C100_000314","314","100","train","2026","data/structures/C100/C100_000314.gjf"
"6899","C100_000315","315","100","train","2026","data/structures/C100/C100_000315.gjf"
"6900","C100_000316","316","100","train","2026","data/structures/C100/C100_000316.gjf"
"6901","C100_000317","317","100","train","2026","data/structures/C100/C100_000317.gjf"
"6902","C100_000318","318","100","train","2026","data/structures/C100/C100_000318.gjf"
"6903","C100_000319","319","100","train","2026","data/structures/C100/C100_000319.gjf"
"6904","C100_000320","320","100","train","2026","data/structures/C100/C100_000320.gjf"
"6905","C100_000321","321","100","train","2026","data/structures/C100/C100_000321.gjf"
"6906","C100_000322","322","100","val","2026","data/structures/C100/C100_000322.gjf"
"6907","C100_000323","323","100","test","2026","data/structures/C100/C100_000323.gjf"
"6908","C100_000324","324","100","train","2026","data/structures/C100/C100_000324.gjf"
"6909","C100_000325","325","100","train","2026","data/structures/C100/C100_000325.gjf"
"6910","C100_000326","326","100","train","2026","data/structures/C100/C100_000326.gjf"
"6911","C100_000327","327","100","train","2026","data/structures/C100/C100_000327.gjf"
"6912","C100_000328","328","100","val","2026","data/structures/C100/C100_000328.gjf"
"6913","C100_000329","329","100","val","2026","data/structures/C100/C100_000329.gjf"
"6914","C100_000330","330","100","train","2026","data/structures/C100/C100_000330.gjf"
"6915","C100_000331","331","100","val","2026","data/structures/C100/C100_000331.gjf"
"6916","C100_000332","332","100","train","2026","data/structures/C100/C100_000332.gjf"
"6917","C100_000333","333","100","train","2026","data/structures/C100/C100_000333.gjf"
"6918","C100_000334","334","100","train","2026","data/structures/C100/C100_000334.gjf"
"6919","C100_000335","335","100","test","2026","data/structures/C100/C100_000335.gjf"
"6920","C100_000336","336","100","train","2026","data/structures/C100/C100_000336.gjf"
"6921","C100_000337","337","100","train","2026","data/structures/C100/C100_000337.gjf"
"6922","C100_000338","338","100","train","2026","data/structures/C100/C100_000338.gjf"
"6923","C100_000339","339","100","train","2026","data/structures/C100/C100_000339.gjf"
"6924","C100_000340","340","100","train","2026","data/structures/C100/C100_000340.gjf"
"6925","C100_000341","341","100","train","2026","data/structures/C100/C100_000341.gjf"
"6926","C100_000342","342","100","train","2026","data/structures/C100/C100_000342.gjf"
"6927","C100_000343","343","100","train","2026","data/structures/C100/C100_000343.gjf"
"6928","C100_000344","344","100","train","2026","data/structures/C100/C100_000344.gjf"
"6929","C100_000345","345","100","train","2026","data/structures/C100/C100_000345.gjf"
"6930","C100_000346","346","100","train","2026","data/structures/C100/C100_000346.gjf"
"6931","C100_000347","347","100","train","2026","data/structures/C100/C100_000347.gjf"
"6932","C100_000348","348","100","train","2026","data/structures/C100/C100_000348.gjf"
"6933","C100_000349","349","100","val","2026","data/structures/C100/C100_000349.gjf"
"6934","C100_000350","350","100","train","2026","data/structures/C100/C100_000350.gjf"
"6935","C100_000351","351","100","train","2026","data/structures/C100/C100_000351.gjf"
"6936","C100_000352","352","100","train","2026","data/structures/C100/C100_000352.gjf"
"6937","C100_000353","353","100","val","2026","data/structures/C100/C100_000353.gjf"
"6938","C100_000354","354","100","train","2026","data/structures/C100/C100_000354.gjf"
"6939","C100_000355","355","100","train","2026","data/structures/C100/C100_000355.gjf"
"6940","C100_000356","356","100","train","2026","data/structures/C100/C100_000356.gjf"
"6941","C100_000357","357","100","train","2026","data/structures/C100/C100_000357.gjf"
"6942","C100_000358","358","100","train","2026","data/structures/C100/C100_000358.gjf"
"6943","C100_000359","359","100","train","2026","data/structures/C100/C100_000359.gjf"
"6944","C100_000360","360","100","train","2026","data/structures/C100/C100_000360.gjf"
"6945","C100_000361","361","100","train","2026","data/structures/C100/C100_000361.gjf"
"6946","C100_000362","362","100","val","2026","data/structures/C100/C100_000362.gjf"
"6947","C100_000363","363","100","test","2026","data/structures/C100/C100_000363.gjf"
"6948","C100_000364","364","100","train","2026","data/structures/C100/C100_000364.gjf"
"6949","C100_000365","365","100","train","2026","data/structures/C100/C100_000365.gjf"
"6950","C100_000366","366","100","train","2026","data/structures/C100/C100_000366.gjf"
"6951","C100_000367","367","100","train","2026","data/structures/C100/C100_000367.gjf"
"6952","C100_000368","368","100","val","2026","data/structures/C100/C100_000368.gjf"
"6953","C100_000369","369","100","val","2026","data/structures/C100/C100_000369.gjf"
"6954","C100_000370","370","100","train","2026","data/structures/C100/C100_000370.gjf"
"6955","C100_000371","371","100","train","2026","data/structures/C100/C100_000371.gjf"
"6956","C100_000372","372","100","train","2026","data/structures/C100/C100_000372.gjf"
"6957","C100_000373","373","100","train","2026","data/structures/C100/C100_000373.gjf"
"6958","C100_000374","374","100","train","2026","data/structures/C100/C100_000374.gjf"
"6959","C100_000375","375","100","train","2026","data/structures/C100/C100_000375.gjf"
"6960","C100_000376","376","100","test","2026","data/structures/C100/C100_000376.gjf"
"6961","C100_000377","377","100","train","2026","data/structures/C100/C100_000377.gjf"
"6962","C100_000378","378","100","val","2026","data/structures/C100/C100_000378.gjf"
"6963","C100_000379","379","100","train","2026","data/structures/C100/C100_000379.gjf"
"6964","C100_000380","380","100","train","2026","data/structures/C100/C100_000380.gjf"
"6965","C100_000381","381","100","val","2026","data/structures/C100/C100_000381.gjf"
"6966","C100_000382","382","100","train","2026","data/structures/C100/C100_000382.gjf"
"6967","C100_000383","383","100","train","2026","data/structures/C100/C100_000383.gjf"
"6968","C100_000384","384","100","val","2026","data/structures/C100/C100_000384.gjf"
"6969","C100_000385","385","100","val","2026","data/structures/C100/C100_000385.gjf"
"6970","C100_000386","386","100","train","2026","data/structures/C100/C100_000386.gjf"
"6971","C100_000387","387","100","train","2026","data/structures/C100/C100_000387.gjf"
"6972","C100_000388","388","100","train","2026","data/structures/C100/C100_000388.gjf"
"6973","C100_000389","389","100","train","2026","data/structures/C100/C100_000389.gjf"
"6974","C100_000390","390","100","train","2026","data/structures/C100/C100_000390.gjf"
"6975","C100_000391","391","100","train","2026","data/structures/C100/C100_000391.gjf"
"6976","C100_000392","392","100","train","2026","data/structures/C100/C100_000392.gjf"
"6977","C100_000393","393","100","train","2026","data/structures/C100/C100_000393.gjf"
"6978","C100_000394","394","100","train","2026","data/structures/C100/C100_000394.gjf"
"6979","C100_000395","395","100","train","2026","data/structures/C100/C100_000395.gjf"
"6980","C100_000396","396","100","val","2026","data/structures/C100/C100_000396.gjf"
"6981","C100_000397","397","100","train","2026","data/structures/C100/C100_000397.gjf"
"6982","C100_000398","398","100","val","2026","data/structures/C100/C100_000398.gjf"
"6983","C100_000399","399","100","train","2026","data/structures/C100/C100_000399.gjf"
"6984","C100_000400","400","100","train","2026","data/structures/C100/C100_000400.gjf"
"6985","C100_000401","401","100","train","2026","data/structures/C100/C100_000401.gjf"
"6986","C100_000402","402","100","train","2026","data/structures/C100/C100_000402.gjf"
"6987","C100_000403","403","100","train","2026","data/structures/C100/C100_000403.gjf"
"6988","C100_000404","404","100","train","2026","data/structures/C100/C100_000404.gjf"
"6989","C100_000405","405","100","train","2026","data/structures/C100/C100_000405.gjf"
"6990","C100_000406","406","100","train","2026","data/structures/C100/C100_000406.gjf"
"6991","C100_000407","407","100","val","2026","data/structures/C100/C100_000407.gjf"
"6992","C100_000408","408","100","train","2026","data/structures/C100/C100_000408.gjf"
"6993","C100_000409","409","100","train","2026","data/structures/C100/C100_000409.gjf"
"6994","C100_000410","410","100","train","2026","data/structures/C100/C100_000410.gjf"
"6995","C100_000411","411","100","train","2026","data/structures/C100/C100_000411.gjf"
"6996","C100_000412","412","100","train","2026","data/structures/C100/C100_000412.gjf"
"6997","C100_000413","413","100","train","2026","data/structures/C100/C100_000413.gjf"
"6998","C100_000414","414","100","train","2026","data/structures/C100/C100_000414.gjf"
"6999","C100_000415","415","100","train","2026","data/structures/C100/C100_000415.gjf"
"7000","C100_000416","416","100","train","2026","data/structures/C100/C100_000416.gjf"
"7001","C100_000417","417","100","train","2026","data/structures/C100/C100_000417.gjf"
"7002","C100_000418","418","100","test","2026","data/structures/C100/C100_000418.gjf"
"7003","C100_000419","419","100","train","2026","data/structures/C100/C100_000419.gjf"
"7004","C100_000420","420","100","train","2026","data/structures/C100/C100_000420.gjf"
"7005","C100_000421","421","100","train","2026","data/structures/C100/C100_000421.gjf"
"7006","C100_000422","422","100","test","2026","data/structures/C100/C100_000422.gjf"
"7007","C100_000423","423","100","train","2026","data/structures/C100/C100_000423.gjf"
"7008","C100_000424","424","100","train","2026","data/structures/C100/C100_000424.gjf"
"7009","C100_000425","425","100","train","2026","data/structures/C100/C100_000425.gjf"
"7010","C100_000426","426","100","train","2026","data/structures/C100/C100_000426.gjf"
"7011","C100_000427","427","100","train","2026","data/structures/C100/C100_000427.gjf"
"7012","C100_000428","428","100","train","2026","data/structures/C100/C100_000428.gjf"
"7013","C100_000429","429","100","train","2026","data/structures/C100/C100_000429.gjf"
"7014","C100_000430","430","100","train","2026","data/structures/C100/C100_000430.gjf"
"7015","C100_000431","431","100","val","2026","data/structures/C100/C100_000431.gjf"
"7016","C100_000432","432","100","train","2026","data/structures/C100/C100_000432.gjf"
"7017","C100_000433","433","100","test","2026","data/structures/C100/C100_000433.gjf"
"7018","C100_000434","434","100","train","2026","data/structures/C100/C100_000434.gjf"
"7019","C100_000435","435","100","train","2026","data/structures/C100/C100_000435.gjf"
"7020","C100_000436","436","100","train","2026","data/structures/C100/C100_000436.gjf"
"7021","C100_000437","437","100","train","2026","data/structures/C100/C100_000437.gjf"
"7022","C100_000438","438","100","val","2026","data/structures/C100/C100_000438.gjf"
"7023","C100_000439","439","100","train","2026","data/structures/C100/C100_000439.gjf"
"7024","C100_000440","440","100","train","2026","data/structures/C100/C100_000440.gjf"
"7025","C100_000441","441","100","train","2026","data/structures/C100/C100_000441.gjf"
"7026","C100_000442","442","100","test","2026","data/structures/C100/C100_000442.gjf"
"7027","C100_000443","443","100","train","2026","data/structures/C100/C100_000443.gjf"
"7028","C100_000444","444","100","train","2026","data/structures/C100/C100_000444.gjf"
"7029","C100_000445","445","100","train","2026","data/structures/C100/C100_000445.gjf"
"7030","C100_000446","446","100","test","2026","data/structures/C100/C100_000446.gjf"
"7031","C100_000447","447","100","val","2026","data/structures/C100/C100_000447.gjf"
"7032","C100_000448","448","100","test","2026","data/structures/C100/C100_000448.gjf"
"7033","C100_000449","449","100","train","2026","data/structures/C100/C100_000449.gjf"
"7034","C100_000450","450","100","train","2026","data/structures/C100/C100_000450.gjf"
